{"type": "FeatureCollection", "features": [{"type": "Feature", "properties": {"level_m": 3.5, "nama": "Genangan 3.5 m"}, "geometry": {"type": "MultiPolygon", "coordinates": [[[[108.8993399339934, 0.756000600060006], [108.89941494149414, 0.7560756075607561], [108.89941494149414, 0.756000600060006], [108.8993399339934, 0.756000600060006]]], [[[108.89161416141614, 0.7591509150915091], [108.89168916891688, 0.7592259225922592], [108.89168916891688, 0.7591509150915091], [108.89161416141614, 0.7591509150915091]]], [[[108.88786378637863, 0.7795529552955296], [108.88816381638163, 0.7793279327932793], [108.88741374137413, 0.7787278727872787], [108.88763876387638, 0.7777527752775277], [108.88726372637264, 0.7777527752775277], [108.88718871887188, 0.7782778277827782], [108.88613861386138, 0.7777527752775277], [108.88643864386438, 0.7788778877887789], [108.88786378637863, 0.7795529552955296]], [[108.88748874887489, 0.7781278127812781], [108.88741374137413, 0.778052805280528], [108.88748874887489, 0.778052805280528], [108.88748874887489, 0.7781278127812781]]], [[[108.86498649864987, 0.7942544254425442], [108.86498649864987, 0.7938793879387939], [108.86588658865887, 0.7933543354335433], [108.86581158115811, 0.7929042904290429], [108.86543654365437, 0.7929792979297929], [108.86573657365736, 0.7923042304230423], [108.86416141614161, 0.7924542454245425], [108.86446144614462, 0.7921542154215422], [108.86423642364237, 0.7920792079207921], [108.86401140114012, 0.7922292229222923], [108.86416141614161, 0.7929042904290429], [108.86326132613262, 0.7935793579357936], [108.86498649864987, 0.7942544254425442]]], [[[108.8614611461146, 0.7991299129912991], [108.86251125112511, 0.7992049204920492], [108.86258625862587, 0.7986798679867987], [108.8614611461146, 0.7984548454845484], [108.8614611461146, 0.7991299129912991]]], [[[108.86018601860185, 0.8007800780078007], [108.86078607860786, 0.8003300330033003], [108.86138613861385, 0.8004050405040504], [108.86131113111311, 0.79995499549955], [108.86056105610561, 0.7995799579957996], [108.8602610261026, 0.7985298529852985], [108.85943594359436, 0.7985298529852985], [108.85966096609661, 0.8004800480048004], [108.86018601860185, 0.8007800780078007]]], [[[108.86506150615061, 0.8170567056705671], [108.86821182118211, 0.816006600660066], [108.86836183618361, 0.8154065406540654], [108.86618661866187, 0.8155565556555655], [108.86483648364836, 0.8161566156615662], [108.86506150615061, 0.8170567056705671]]], [[[108.87038703870387, 0.8355085508550855], [108.87046204620462, 0.8354335433543354], [108.87038703870387, 0.8354335433543354], [108.87038703870387, 0.8355085508550855]]], [[[108.89146414641463, 0.8564356435643564], [108.89153915391539, 0.8563606360636064], [108.89146414641463, 0.8563606360636064], [108.89146414641463, 0.8564356435643564]]], [[[108.75, 1.0], [109.0, 1.0], [109.0, 0.9774977497749775], [108.9989498949895, 0.9776477647764776], [108.9983498349835, 0.9793729372937293], [108.99782478247825, 0.9791479147914791], [108.99819981998199, 0.9789228922892289], [108.99782478247825, 0.9781728172817282], [108.99842484248424, 0.9768226822682268], [109.0, 0.9771227122712272], [109.0, 0.9591959195919592], [108.9995499549955, 0.9591209120912091], [109.0, 0.9585208520852085], [109.0, 0.9288928892889289], [108.999699969997, 0.9287428742874287], [108.99984998499849, 0.9274677467746775], [108.99947494749475, 0.9271677167716772], [109.0, 0.926942694269427], [109.0, 0.9192919291929192], [108.99962496249624, 0.9186918691869187], [109.0, 0.9185418541854186], [109.0, 0.9115661566156615], [108.999699969997, 0.9114161416141614], [109.0, 0.9111161116111611], [109.0, 0.8816381638163816], [108.999699969997, 0.880963096309631], [108.9995499549955, 0.8813381338133813], [108.99902490249025, 0.8810381038103811], [108.998799879988, 0.8816381638163816], [108.997599759976, 0.8821632163216322], [108.997599759976, 0.8828382838283828], [108.997299729973, 0.8829132913291329], [108.99677467746774, 0.8823132313231323], [108.99699969996999, 0.8817131713171317], [108.99632463246324, 0.8804380438043804], [108.99557455745574, 0.8802880288028803], [108.99542454245424, 0.8792379237923792], [108.9959495949595, 0.8774377437743774], [108.99857485748575, 0.8767626762676267], [108.99842484248424, 0.8761626162616262], [108.99797479747974, 0.8760876087608761], [108.9980498049805, 0.8755625562556255], [108.9992499249925, 0.875037503750375], [109.0, 0.8757125712571256], [109.0, 0.8744374437443745], [108.99917491749174, 0.873987398739874], [108.99864986498649, 0.8746624662466247], [108.99782478247825, 0.8745124512451246], [108.99722472247224, 0.8758625862586259], [108.99557455745574, 0.876912691269127], [108.99527452745274, 0.8775127512751275], [108.99549954995499, 0.8779627962796279], [108.99489948994899, 0.8784878487848785], [108.9944494449445, 0.8781878187818781], [108.99452445244523, 0.8775127512751275], [108.99414941494149, 0.8778877887788779], [108.99429942994298, 0.8768376837683768], [108.99399939994, 0.8764626462646264], [108.992799279928, 0.8764626462646264], [108.992799279928, 0.876012601260126], [108.99219921992199, 0.8758625862586259], [108.99212421242123, 0.8766876687668766], [108.99159915991599, 0.876912691269127], [108.99197419741974, 0.876912691269127], [108.99242424242424, 0.8786378637863786], [108.99174917491749, 0.8784878487848785], [108.99152415241524, 0.879012901290129], [108.99062406240624, 0.8789378937893789], [108.99054905490549, 0.8774377437743774], [108.98994899489949, 0.8771377137713772], [108.98957395739573, 0.8786378637863786], [108.98844884488449, 0.8786378637863786], [108.98844884488449, 0.8781128112811281], [108.98807380738073, 0.8782628262826282], [108.98762376237623, 0.880963096309631], [108.98709870987098, 0.8813381338133813], [108.98747374737474, 0.8817131713171317], [108.98852385238523, 0.8801380138013801], [108.98957395739573, 0.8801380138013801], [108.99017401740174, 0.8810381038103811], [108.98867386738674, 0.8823882388238824], [108.98874887488749, 0.8832883288328832], [108.98942394239424, 0.8835133513351335], [108.99084908490849, 0.8820132013201321], [108.99189918991898, 0.8817881788178817], [108.99317431743174, 0.8833633363336334], [108.99309930993098, 0.8846384638463847], [108.99227422742274, 0.8857635763576357], [108.99264926492648, 0.8866636663666366], [108.99189918991898, 0.8863636363636364], [108.98987398739874, 0.8874887488748875], [108.98814881488148, 0.8873387338733874], [108.98747374737474, 0.8877137713771377], [108.98747374737474, 0.8885388538853886], [108.98799879987999, 0.8888388838883888], [108.98762376237623, 0.8892889288928892], [108.98807380738073, 0.8896639663966397], [108.98807380738073, 0.8904890489048904], [108.98754875487549, 0.8904890489048904], [108.98754875487549, 0.8907890789078907], [108.98874887488749, 0.8925892589258926], [108.99032403240324, 0.8935651065106511], [108.99054905490549, 0.8947644764476448], [108.99122412241223, 0.8948394839483949], [108.99377437743775, 0.8967896789678967], [108.995199519952, 0.8987398739873987], [108.99497449744975, 0.8995649564956496], [108.99159915991599, 0.8965646564656465], [108.99084908490849, 0.8963396339633963], [108.99054905490549, 0.896939693969397], [108.99002400240023, 0.8961896189618962], [108.98927392739273, 0.8960396039603961], [108.98949894989498, 0.8952145214521452], [108.98867386738674, 0.8950645064506451], [108.98814881488148, 0.8957395739573957], [108.98799879987999, 0.8952895289528953], [108.98747374737474, 0.8953645364536453], [108.98769876987699, 0.8947644764476448], [108.98702370237024, 0.8947644764476448], [108.98724872487249, 0.8952145214521452], [108.98702370237024, 0.8953645364536453], [108.98679867986799, 0.8944644464446445], [108.98627362736273, 0.8944644464446445], [108.98642364236423, 0.8936393639363936], [108.98537353735374, 0.8933393339333934], [108.98529852985298, 0.8926642664266426], [108.98454845484548, 0.8927392739273927], [108.98484848484848, 0.8922142214221422], [108.98424842484248, 0.891989198919892], [108.98439843984399, 0.891014101410141], [108.98312331233123, 0.8914641464146414], [108.98319831983198, 0.890939093909391], [108.98244824482448, 0.8907140714071407], [108.98244824482448, 0.8897389738973898], [108.98214821482148, 0.8896639663966397], [108.98229822982297, 0.88996399639964], [108.98192319231923, 0.8901890189018902], [108.98154815481547, 0.8898889888988899], [108.98169816981698, 0.8895139513951396], [108.98087308730872, 0.8893639363936393], [108.98087308730872, 0.8889138913891389], [108.98004800480048, 0.8886138613861386], [108.98004800480048, 0.8905640564056405], [108.98117311731173, 0.8904890489048904], [108.98117311731173, 0.8911641164116412], [108.98064806480647, 0.890939093909391], [108.98049804980498, 0.8913891389138914], [108.98004800480048, 0.8913891389138914], [108.97944794479447, 0.8925142514251425], [108.97952295229523, 0.891989198919892], [108.97824782478247, 0.8916141614161416], [108.97787278727873, 0.8925892589258926], [108.97749774977497, 0.8917641764176417], [108.97637263726372, 0.8925142514251425], [108.97607260726072, 0.891914191419142], [108.97644764476448, 0.8916141614161416], [108.97592259225922, 0.8916141614161416], [108.97569756975697, 0.893039303930393], [108.97524752475248, 0.8935643564356436], [108.97524752475248, 0.8948394839483949], [108.97472247224722, 0.8951395139513951], [108.97412241224121, 0.8951395139513951], [108.97397239723972, 0.8942394239423942], [108.97292229222921, 0.894014401440144], [108.97247224722472, 0.8942394239423942], [108.97217221722171, 0.8939393939393939], [108.97172217221721, 0.8946144614461446], [108.96947194719472, 0.8920642064206421], [108.96797179717971, 0.8923642364236424], [108.96692169216921, 0.891989198919892], [108.96602160216021, 0.8923642364236424], [108.9661716171617, 0.8916141614161416], [108.96572157215721, 0.8913141314131413], [108.96474647464746, 0.8922142214221422], [108.96362136213621, 0.8925142514251425], [108.96302130213022, 0.891014101410141], [108.96362136213621, 0.8904890489048904], [108.96392139213921, 0.8883138313831384], [108.9633213321332, 0.8873387338733874], [108.96264626462646, 0.888088808880888], [108.9621212121212, 0.8874887488748875], [108.96249624962496, 0.8863636363636364], [108.96309630963096, 0.8862136213621362], [108.96302130213022, 0.8855385538553855], [108.9621212121212, 0.8851635163516351], [108.96204620462046, 0.8842634263426342], [108.96054605460546, 0.884038403840384], [108.96054605460546, 0.8834383438343835], [108.95994599459945, 0.8832133213321331], [108.96024602460245, 0.8827632763276327], [108.9592709270927, 0.8831383138313831], [108.95979597959796, 0.8825382538253825], [108.95829582958295, 0.8813381338133813], [108.95799579957995, 0.8801380138013801], [108.9583708370837, 0.8798379837983799], [108.95754575457545, 0.8796129612961296], [108.9577707770777, 0.8800630063006301], [108.9571707170717, 0.8806630663066306], [108.95724572457246, 0.8798379837983799], [108.9565706570657, 0.8799129912991299], [108.9565706570657, 0.8803630363036303], [108.95604560456046, 0.8806630663066306], [108.95589558955895, 0.8803630363036303], [108.95679567956795, 0.8790879087908791], [108.95589558955895, 0.8792379237923792], [108.95544554455445, 0.8778877887788779], [108.9547704770477, 0.8782628262826282], [108.9543204320432, 0.8775877587758776], [108.95379537953795, 0.8777377737773777], [108.9532703270327, 0.8771377137713772], [108.95364536453646, 0.8768376837683768], [108.95349534953495, 0.8762376237623762], [108.9525202520252, 0.8753375337533753], [108.95094509450945, 0.8752625262526252], [108.95094509450945, 0.8768376837683768], [108.95019501950195, 0.8754875487548754], [108.94989498949894, 0.8760876087608761], [108.94936993699369, 0.875937593759376], [108.94891989198919, 0.8763126312631263], [108.95019501950195, 0.8777377737773777], [108.9496699669967, 0.8782628262826282], [108.9496699669967, 0.8776627662766276], [108.94899489948995, 0.8774377437743774], [108.94899489948995, 0.876912691269127], [108.94854485448545, 0.8767626762676267], [108.94824482448244, 0.8771377137713772], [108.94771977197719, 0.8761626162616262], [108.9468196819682, 0.875937593759376], [108.94644464446445, 0.875037503750375], [108.9471197119712, 0.8754125412541254], [108.94734473447345, 0.875037503750375], [108.94584458445844, 0.8745874587458746], [108.94524452445245, 0.8753375337533753], [108.94554455445544, 0.8762376237623762], [108.94494449444944, 0.8777377737773777], [108.94441944194419, 0.8775127512751275], [108.94396939693969, 0.8787128712871287], [108.9435193519352, 0.8787878787878788], [108.9442694269427, 0.876987698769877], [108.94404440444045, 0.8766876687668766], [108.94321932193219, 0.8768376837683768], [108.9430693069307, 0.8763876387638764], [108.94419441944194, 0.8761626162616262], [108.94479447944794, 0.8748874887488749], [108.94486948694869, 0.8734623462346235], [108.94576957695769, 0.873087308730873], [108.9447194719472, 0.8721872187218722], [108.94524452445245, 0.8721122112211221], [108.94509450945094, 0.8716621662166216], [108.94389438943894, 0.8720372037203721], [108.94381938193818, 0.8704620462046204], [108.94261926192618, 0.8705370537053705], [108.94246924692469, 0.8687368736873687], [108.94171917191719, 0.8685868586858686], [108.94156915691569, 0.8699369936993699], [108.94111911191119, 0.8700870087008701], [108.94126912691269, 0.8706870687068706], [108.9406690669067, 0.870987098709871], [108.9406690669067, 0.8699369936993699], [108.93984398439844, 0.8699369936993699], [108.93976897689768, 0.8706870687068706], [108.93909390939093, 0.8708370837083708], [108.93856885688568, 0.8702370237023702], [108.93886888688868, 0.8697869786978698], [108.93796879687969, 0.869036903690369], [108.93751875187519, 0.8692619261926192], [108.93781878187818, 0.8695619561956196], [108.93759375937593, 0.8705370537053705], [108.93729372937294, 0.8705370537053705], [108.93751875187519, 0.8699369936993699], [108.93721872187218, 0.8695619561956196], [108.93661866186618, 0.8695619561956196], [108.93616861686168, 0.8706870687068706], [108.93564356435643, 0.8708370837083708], [108.93444344434442, 0.8695619561956196], [108.93384338433843, 0.8694119411941195], [108.93436843684368, 0.870987098709871], [108.93496849684968, 0.8712121212121212], [108.93511851185119, 0.8723372337233724], [108.93594359435943, 0.8724872487248725], [108.93601860186018, 0.873012301230123], [108.93474347434743, 0.8744374437443745], [108.93451845184518, 0.8738373837383738], [108.93384338433843, 0.873987398739874], [108.93331833183318, 0.873087308730873], [108.93219321932193, 0.8742874287428742], [108.93234323432343, 0.8747374737473748], [108.93376837683768, 0.8742124212421242], [108.93324332433242, 0.8755625562556255], [108.93399339933993, 0.8770627062706271], [108.93331833183318, 0.876987698769877], [108.93256825682568, 0.8778877887788779], [108.93196819681968, 0.8774377437743774], [108.93189318931893, 0.8767626762676267], [108.93129312931293, 0.8766126612661266], [108.93121812181218, 0.8758625862586259], [108.93099309930993, 0.8764626462646264], [108.93061806180617, 0.876012601260126], [108.93084308430842, 0.8756375637563756], [108.93024302430243, 0.8757125712571256], [108.93054305430543, 0.8748874887488749], [108.93114311431142, 0.8748124812481248], [108.93121812181218, 0.873987398739874], [108.93061806180617, 0.8736873687368737], [108.93159315931592, 0.8736123612361236], [108.93211821182118, 0.8724122412241224], [108.93189318931893, 0.8721872187218722], [108.93136813681367, 0.8727122712271227], [108.93151815181518, 0.8733123312331232], [108.93054305430543, 0.873087308730873], [108.93061806180617, 0.8726372637263726], [108.93106810681068, 0.8725622562256226], [108.93084308430842, 0.8718121812181218], [108.93129312931293, 0.8721872187218722], [108.93151815181518, 0.8717371737173717], [108.93091809180918, 0.8707620762076207], [108.93114311431142, 0.8705370537053705], [108.93129312931293, 0.8710621062106211], [108.93159315931592, 0.8708370837083708], [108.93136813681367, 0.8697119711971197], [108.93054305430543, 0.8697119711971197], [108.93024302430243, 0.8700870087008701], [108.92994299429942, 0.8688118811881188], [108.92949294929493, 0.8689618961896189], [108.92934293429343, 0.8697869786978698], [108.92874287428742, 0.8697869786978698], [108.92806780678067, 0.8688118811881188], [108.92844284428442, 0.8679117911791179], [108.92739273927393, 0.8674617461746175], [108.92836783678368, 0.867011701170117], [108.92889288928893, 0.8661866186618662], [108.93031803180318, 0.8667866786678667], [108.93016801680167, 0.8664866486648665], [108.93084308430842, 0.8660366036603661], [108.93091809180918, 0.8665616561656165], [108.93136813681367, 0.8667116711671167], [108.93084308430842, 0.8668616861686169], [108.93091809180918, 0.8671617161716172], [108.93196819681968, 0.8679117911791179], [108.93354335433543, 0.8682118211821181], [108.93301830183017, 0.8686618661866187], [108.93219321932193, 0.868061806180618], [108.93339333933393, 0.8693369336933694], [108.93399339933993, 0.8688868886888689], [108.93384338433843, 0.8681368136813681], [108.93444344434442, 0.866936693669367], [108.93684368436843, 0.8670867086708671], [108.93714371437143, 0.8662616261626163], [108.93766876687668, 0.8660366036603661], [108.93759375937593, 0.8664116411641164], [108.93789378937893, 0.8664116411641164], [108.93789378937893, 0.8655115511551155], [108.93841884188419, 0.8652865286528653], [108.93976897689768, 0.8655865586558655], [108.93984398439844, 0.8670867086708671], [108.94164416441645, 0.8676867686768677], [108.94194419441943, 0.8667116711671167], [108.9423192319232, 0.8667866786678667], [108.94321932193219, 0.8655865586558655], [108.94284428442845, 0.864986498649865], [108.94381938193818, 0.8644614461446145], [108.94396939693969, 0.8636363636363636], [108.94486948694869, 0.8634863486348635], [108.94479447944794, 0.8627362736273627], [108.9451695169517, 0.8625112511251125], [108.94456945694569, 0.8616111611161116], [108.94486948694869, 0.861011101110111], [108.94419441944194, 0.8611611161116112], [108.94419441944194, 0.8604110411041104], [108.94314431443144, 0.8607110711071106], [108.94329432943294, 0.8595859585958596], [108.94276927692769, 0.8583108310831082], [108.94224422442244, 0.858085808580858], [108.9423192319232, 0.8576357635763576], [108.94336933693369, 0.8574107410741074], [108.9435193519352, 0.858010801080108], [108.9430693069307, 0.8581608160816081], [108.94336933693369, 0.8588358835883588], [108.94434443444344, 0.8581608160816081], [108.94434443444344, 0.8587608760876088], [108.9451695169517, 0.8592109210921092], [108.94441944194419, 0.8596609660966097], [108.94441944194419, 0.8601110111011101], [108.94479447944794, 0.8606360636063606], [108.94524452445245, 0.8602610261026102], [108.94584458445844, 0.8604860486048604], [108.9459195919592, 0.8601110111011101], [108.9454695469547, 0.8598859885988599], [108.94621962196219, 0.8593609360936094], [108.9478697869787, 0.8595109510951096], [108.94816981698169, 0.8585358535853586], [108.94869486948694, 0.859060906090609], [108.9490699069907, 0.8578607860786078], [108.94936993699369, 0.8579357935793579], [108.94944494449445, 0.8588358835883588], [108.9510201020102, 0.8583108310831082], [108.95109510951094, 0.8579357935793579], [108.9501200120012, 0.8577857785778578], [108.9496699669967, 0.8570357035703571], [108.9501200120012, 0.8562856285628563], [108.95064506450645, 0.8562106210621062], [108.95094509450945, 0.856960696069607], [108.95214521452145, 0.8572607260726073], [108.95154515451544, 0.8556105610561056], [108.95244524452445, 0.8549354935493549], [108.9537203720372, 0.8545604560456046], [108.9538703870387, 0.8555355535553555], [108.95349534953495, 0.8562856285628563], [108.9543204320432, 0.8562856285628563], [108.9543204320432, 0.8554605460546054], [108.9555205520552, 0.8542604260426042], [108.95574557455745, 0.853060306030603], [108.9561206120612, 0.853060306030603], [108.9559705970597, 0.8536603660366037], [108.95702070207021, 0.8536603660366037], [108.95724572457246, 0.8543354335433543], [108.95792079207921, 0.8543354335433543], [108.95784578457845, 0.8533603360336033], [108.9567206720672, 0.8527602760276027], [108.9573207320732, 0.8518601860186019], [108.95709570957095, 0.8514101410141014], [108.95544554455445, 0.8523102310231023], [108.95364536453646, 0.8507350735073507], [108.95349534953495, 0.8518601860186019], [108.9538703870387, 0.8526102610261026], [108.95199519951994, 0.8532853285328532], [108.95184518451845, 0.8538853885388539], [108.9513201320132, 0.8526852685268527], [108.95064506450645, 0.8523852385238524], [108.9510201020102, 0.8517101710171017], [108.9499699969997, 0.8511851185118512], [108.94936993699369, 0.8517851785178517], [108.94839483948394, 0.8515601560156015], [108.94749474947494, 0.8516351635163516], [108.94741974197419, 0.851935193519352], [108.94719471947194, 0.8515601560156015], [108.9468196819682, 0.851935193519352], [108.94659465946594, 0.8529852985298529], [108.9459195919592, 0.8531353135313531], [108.94621962196219, 0.8538103810381038], [108.94659465946594, 0.8539603960396039], [108.94621962196219, 0.853509600960096], [108.94644464446445, 0.8532103210321031], [108.94696969696969, 0.8543354335433543], [108.94629462946294, 0.8550855085508551], [108.94486948694869, 0.8541104110411041], [108.94509450945094, 0.851935193519352], [108.94276927692769, 0.8531353135313531], [108.94261926192618, 0.8538103810381038], [108.94239423942393, 0.8533603360336033], [108.94276927692769, 0.8525352535253525], [108.9423192319232, 0.8520852085208521], [108.94119411941193, 0.8532103210321031], [108.94134413441344, 0.8538853885388539], [108.94059405940594, 0.8553105310531053], [108.94014401440144, 0.8552355235523552], [108.94036903690369, 0.8547104710471047], [108.93991899189919, 0.8541854185418541], [108.93961896189619, 0.8541854185418541], [108.93946894689469, 0.855010501050105], [108.93894389438944, 0.855010501050105], [108.93886888688868, 0.8541104110411041], [108.93939393939394, 0.8541104110411041], [108.93984398439844, 0.8533603360336033], [108.93939393939394, 0.8508850885088508], [108.94051905190518, 0.850960096009601], [108.94059405940594, 0.8514851485148515], [108.94216921692168, 0.8518601860186019], [108.94396939693969, 0.8504350435043504], [108.94396939693969, 0.8499099909990999], [108.94449444944495, 0.8498349834983498], [108.94531953195319, 0.8478847884788479], [108.94614461446145, 0.8481848184818481], [108.94741974197419, 0.8477347734773477], [108.94696969696969, 0.8466096609660966], [108.94629462946294, 0.846909690969097], [108.9459195919592, 0.8465346534653465], [108.94576957695769, 0.8471347134713472], [108.9454695469547, 0.8463096309630963], [108.94509450945094, 0.8464596459645964], [108.94449444944495, 0.8458595859585958], [108.9442694269427, 0.8463846384638464], [108.94336933693369, 0.8466096609660966], [108.94291929192919, 0.8460846084608461], [108.94336933693369, 0.8457095709570956], [108.94321932193219, 0.8451095109510951], [108.9423192319232, 0.8443594359435944], [108.94291929192919, 0.8442094209420942], [108.94404440444045, 0.8448844884488449], [108.94479447944794, 0.8442844284428442], [108.94531953195319, 0.8446594659465947], [108.9459195919592, 0.8438343834383438], [108.94561956195619, 0.8426342634263426], [108.94629462946294, 0.8418091809180918], [108.94771977197719, 0.8427092709270927], [108.94764476447645, 0.8435343534353436], [108.94696969696969, 0.8434593459345935], [108.9468196819682, 0.8438343834383438], [108.94741974197419, 0.8437593759375938], [108.94779477947795, 0.8444344434443445], [108.9484698469847, 0.8445844584458446], [108.9492199219922, 0.8434593459345935], [108.94989498949894, 0.8431593159315931], [108.94981998199819, 0.8420342034203421], [108.95124512451245, 0.8425592559255926], [108.95079507950794, 0.8412841284128413], [108.9510201020102, 0.8402340234023402], [108.95057005700569, 0.8397839783978398], [108.9514701470147, 0.8381338133813381], [108.9499699969997, 0.8391089108910891], [108.9501200120012, 0.8397839783978398], [108.94854485448545, 0.8407590759075907], [108.94884488448845, 0.8412841284128413], [108.94839483948394, 0.8415841584158416], [108.94794479447944, 0.8413591359135913], [108.9483198319832, 0.8409090909090908], [108.94764476447645, 0.8408340834083408], [108.9468196819682, 0.8398589858985899], [108.9468196819682, 0.8385838583858386], [108.9475697569757, 0.8376087608760876], [108.9475697569757, 0.8367836783678367], [108.9478697869787, 0.8365586558655865], [108.9483198319832, 0.8368586858685868], [108.94839483948394, 0.8361836183618362], [108.94989498949894, 0.8366336633663366], [108.95049504950495, 0.836033603360336], [108.95057005700569, 0.8352835283528353], [108.9511701170117, 0.8354335433543354], [108.9510201020102, 0.8348334833483348], [108.9514701470147, 0.8346084608460846], [108.9511701170117, 0.8335583558355836], [108.95049504950495, 0.8346834683468347], [108.94981998199819, 0.8334083408340833], [108.9490699069907, 0.8332583258325832], [108.9492199219922, 0.8337833783378338], [108.94884488448845, 0.834008400840084], [108.9484698469847, 0.8334083408340833], [108.9484698469847, 0.833108310831083], [108.9490699069907, 0.833108310831083], [108.94914491449144, 0.8322832283228323], [108.94989498949894, 0.833033303330333], [108.9508700870087, 0.831983198319832], [108.94989498949894, 0.8314581458145814], [108.94914491449144, 0.8303330333033303], [108.9484698469847, 0.8307830783078307], [108.94824482448244, 0.8315331533153315], [108.94764476447645, 0.8316081608160816], [108.9468196819682, 0.8316081608160816], [108.94726972697269, 0.8308580858085808], [108.94621962196219, 0.8311581158115812], [108.94531953195319, 0.8307080708070806], [108.94449444944495, 0.8310831083108311], [108.94389438943894, 0.8308580858085808], [108.94374437443744, 0.8304080408040804], [108.94419441944194, 0.83003300330033], [108.9430693069307, 0.8287578757875788], [108.94299429942994, 0.8277827782778278], [108.94344434443444, 0.8274077407740774], [108.94179417941794, 0.8268826882688269], [108.94164416441645, 0.8262826282628263], [108.94006900690069, 0.8260576057605761], [108.9406690669067, 0.8253075307530753], [108.94036903690369, 0.8244074407440745], [108.9406690669067, 0.8238823882388239], [108.94029402940293, 0.8241074107410741], [108.93954395439543, 0.8231323132313231], [108.93991899189919, 0.8232073207320731], [108.93991899189919, 0.8225322532253225], [108.94029402940293, 0.8224572457245725], [108.93954395439543, 0.8216321632163216], [108.93969396939694, 0.8204320432043204], [108.93924392439244, 0.8202820282028203], [108.93894389438944, 0.816906690669067], [108.93954395439543, 0.8160816081608161], [108.94104410441044, 0.8167566756675667], [108.94209420942094, 0.8163066306630663], [108.94449444944495, 0.813981398139814], [108.94524452445245, 0.814056405640564], [108.94569456945695, 0.8136813681368137], [108.94689468946895, 0.8144314431443145], [108.94749474947494, 0.8156315631563156], [108.94726972697269, 0.8162316231623162], [108.9478697869787, 0.8160816081608161], [108.9480198019802, 0.8153315331533153], [108.94861986198619, 0.8151815181518152], [108.9487698769877, 0.813981398139814], [108.94816981698169, 0.8136813681368137], [108.9483198319832, 0.8127062706270627], [108.94779477947795, 0.8129312931293129], [108.9475697569757, 0.8139063906390639], [108.94696969696969, 0.813081308130813], [108.94816981698169, 0.8112811281128113], [108.9499699969997, 0.810981098109811], [108.9510201020102, 0.8091809180918091], [108.9519201920192, 0.8088808880888089], [108.95184518451845, 0.8081308130813081], [108.95124512451245, 0.8078307830783078], [108.95169516951695, 0.807005700570057], [108.95139513951395, 0.8074557455745575], [108.9508700870087, 0.807005700570057], [108.9507200720072, 0.8089558955895589], [108.95004500450045, 0.8091809180918091], [108.9496699669967, 0.8100810081008101], [108.94884488448845, 0.8103060306030603], [108.94869486948694, 0.8099309930993099], [108.9480198019802, 0.8099309930993099], [108.94741974197419, 0.8103810381038103], [108.94674467446744, 0.8124062406240624], [108.94576957695769, 0.8121812181218122], [108.9454695469547, 0.8123312331233123], [108.94576957695769, 0.8127062706270627], [108.94479447944794, 0.8127812781278128], [108.94441944194419, 0.8124062406240624], [108.94381938193818, 0.8127812781278128], [108.94321932193219, 0.8124812481248125], [108.94299429942994, 0.8133063306330632], [108.94246924692469, 0.8127812781278128], [108.94179417941794, 0.8129312931293129], [108.94081908190819, 0.8124812481248125], [108.94021902190218, 0.8117311731173117], [108.94029402940293, 0.8106810681068106], [108.94096909690968, 0.8099309930993099], [108.94074407440743, 0.8093309330933093], [108.94021902190218, 0.8094059405940595], [108.94014401440144, 0.81000600060006], [108.93924392439244, 0.8108310831083108], [108.93984398439844, 0.8111311131113111], [108.93984398439844, 0.8118061806180618], [108.93879387938793, 0.8113561356135613], [108.93744374437443, 0.8115061506150615], [108.93751875187519, 0.8127812781278128], [108.93916891689169, 0.8144314431443145], [108.93909390939093, 0.8148814881488149], [108.93819381938194, 0.8146564656465647], [108.93811881188118, 0.8155565556555655], [108.93744374437443, 0.8160816081608161], [108.93774377437744, 0.8175817581758176], [108.93744374437443, 0.8184068406840683], [108.93856885688568, 0.8193069306930693], [108.93811881188118, 0.8197569756975698], [108.93826882688269, 0.82005700570057], [108.93669366936693, 0.8211821182118212], [108.93729372937294, 0.8224572457245725], [108.93804380438044, 0.8224572457245725], [108.93909390939093, 0.8231323132313231], [108.93849384938494, 0.8241824182418241], [108.93879387938793, 0.8249324932493249], [108.93841884188419, 0.8253075307530753], [108.93841884188419, 0.8238823882388239], [108.93789378937893, 0.8234323432343233], [108.93729372937294, 0.8235073507350735], [108.93684368436843, 0.8238073807380738], [108.93699369936994, 0.8247824782478248], [108.93631863186319, 0.8250825082508251], [108.93609360936094, 0.8265826582658266], [108.93556855685569, 0.825982598259826], [108.93541854185418, 0.8268826882688269], [108.93511851185119, 0.825982598259826], [108.93579357935793, 0.8256075607560756], [108.93556855685569, 0.8247074707470747], [108.93444344434442, 0.8247074707470747], [108.93436843684368, 0.8253075307530753], [108.93361836183618, 0.8252325232523252], [108.93369336933694, 0.8257575757575757], [108.93316831683168, 0.8259075907590758], [108.93331833183318, 0.8267326732673267], [108.93219321932193, 0.8266576657665766], [108.93084308430842, 0.8283828382838283], [108.93204320432042, 0.82995799579958], [108.93166816681668, 0.8307080708070806], [108.93099309930993, 0.8306330633063306], [108.93114311431142, 0.831983198319832], [108.93219321932193, 0.8316831683168316], [108.93331833183318, 0.8324332433243324], [108.93504350435043, 0.831908190819082], [108.93489348934894, 0.8327332733273327], [108.93526852685268, 0.833108310831083], [108.93594359435943, 0.8325832583258326], [108.93579357935793, 0.8332583258325832], [108.93639363936393, 0.8337083708370837], [108.93594359435943, 0.8352835283528353], [108.93639363936393, 0.8354335433543354], [108.93684368436843, 0.8347584758475848], [108.93684368436843, 0.8356585658565856], [108.93729372937294, 0.8362586258625863], [108.93646864686468, 0.836933693369337], [108.93541854185418, 0.8361086108610861], [108.93519351935193, 0.836933693369337], [108.93556855685569, 0.8370837083708371], [108.93549354935493, 0.8379837983798379], [108.93601860186018, 0.8375337533753375], [108.93661866186618, 0.8377587758775877], [108.93676867686769, 0.8388088808880888], [108.93774377437744, 0.8387338733873387], [108.93849384938494, 0.8404590459045904], [108.93744374437443, 0.8412841284128413], [108.93766876687668, 0.8426342634263426], [108.93729372937294, 0.8436093609360936], [108.93661866186618, 0.8441344134413441], [108.93744374437443, 0.845034503450345], [108.93729372937294, 0.8455595559555955], [108.93646864686468, 0.8448094809480948], [108.93631863186319, 0.844059405940594], [108.93594359435943, 0.844959495949595], [108.93661866186618, 0.8457845784578457], [108.93616861686168, 0.8463846384638464], [108.93564356435643, 0.8454845484548454], [108.93541854185418, 0.8463096309630963], [108.93474347434743, 0.8463096309630963], [108.93549354935493, 0.8470597059705971], [108.93489348934894, 0.8478847884788479], [108.93399339933993, 0.8473597359735974], [108.93406840684068, 0.8470597059705971], [108.93429342934293, 0.8474347434743474], [108.93459345934593, 0.8472097209720972], [108.93436843684368, 0.8466096609660966], [108.93324332433242, 0.8471347134713472], [108.93301830183017, 0.8481098109810981], [108.93331833183318, 0.8489348934893489], [108.93369336933694, 0.8488598859885989], [108.93346834683469, 0.8498349834983498], [108.93279327932792, 0.849084908490849], [108.93219321932193, 0.8493099309930993], [108.93211821182118, 0.8501350135013501], [108.93129312931293, 0.8501350135013501], [108.93076807680768, 0.8496849684968497], [108.93054305430543, 0.8505850585058505], [108.92956795679568, 0.8507350735073507], [108.92971797179717, 0.8515601560156015], [108.92911791179118, 0.852010201020102], [108.92859285928593, 0.852010201020102], [108.92859285928593, 0.8511101110111011], [108.92829282928292, 0.8511101110111011], [108.92874287428742, 0.8503600360036003], [108.92776777677767, 0.8511851185118512], [108.92709270927092, 0.851035103510351], [108.92701770177017, 0.8514101410141014], [108.92769276927693, 0.851935193519352], [108.92754275427542, 0.853060306030603], [108.92694269426943, 0.8531353135313531], [108.92634263426342, 0.8526102610261026], [108.92506750675068, 0.8529852985298529], [108.92409240924093, 0.8512601260126013], [108.92424242424242, 0.853060306030603], [108.92484248424842, 0.8532853285328532], [108.92461746174617, 0.8545604560456046], [108.92551755175518, 0.8543354335433543], [108.92521752175217, 0.8547854785478548], [108.92574257425743, 0.8551605160516051], [108.92506750675068, 0.8556105610561056], [108.92386738673866, 0.8547104710471047], [108.92386738673866, 0.8541104110411041], [108.92349234923492, 0.8542604260426042], [108.92409240924093, 0.8556105610561056], [108.92311731173118, 0.8553105310531053], [108.92311731173118, 0.8559105910591059], [108.92439243924392, 0.856960696069607], [108.92409240924093, 0.8591359135913591], [108.92461746174617, 0.8593609360936094], [108.92499249924992, 0.8576357635763576], [108.92566756675667, 0.858085808580858], [108.92596759675968, 0.858010801080108], [108.92581758175817, 0.8574857485748575], [108.92626762676268, 0.8574857485748575], [108.92619261926193, 0.8583108310831082], [108.92574257425743, 0.8583108310831082], [108.92574257425743, 0.8603360336033603], [108.92619261926193, 0.8604110411041104], [108.92611761176117, 0.8596609660966097], [108.92664266426642, 0.8593609360936094], [108.92679267926792, 0.8585358535853586], [108.92694269426943, 0.8591359135913591], [108.92746774677468, 0.8591359135913591], [108.92776777677767, 0.8584608460846085], [108.92844284428442, 0.8587608760876088], [108.92836783678368, 0.8575607560756076], [108.92911791179118, 0.8575607560756076], [108.92934293429343, 0.8571857185718572], [108.92964296429642, 0.8575607560756076], [108.93001800180018, 0.8573357335733574], [108.93016801680167, 0.8578607860786078], [108.93009300930093, 0.8581608160816081], [108.92979297929793, 0.8577857785778578], [108.92874287428742, 0.8579357935793579], [108.92904290429043, 0.8601110111011101], [108.92866786678668, 0.8595859585958596], [108.92784278427843, 0.8595109510951096], [108.92701770177017, 0.8598859885988599], [108.92694269426943, 0.8605610561056105], [108.92641764176417, 0.8606360636063606], [108.92641764176417, 0.8610861086108611], [108.92724272427242, 0.8614611461146114], [108.92701770177017, 0.8620612061206121], [108.92589258925892, 0.8608610861086108], [108.92574257425743, 0.8616861686168616], [108.92686768676867, 0.8631863186318631], [108.92754275427542, 0.8650615061506151], [108.92724272427242, 0.865961596159616], [108.92656765676567, 0.8664866486648665], [108.92634263426342, 0.8691869186918691], [108.92581758175817, 0.8699369936993699], [108.92446744674467, 0.87001200120012], [108.92424242424242, 0.8704620462046204], [108.92379237923792, 0.8699369936993699], [108.92289228922893, 0.8697869786978698], [108.92289228922893, 0.8688868886888689], [108.92244224422441, 0.8688868886888689], [108.92221722172216, 0.869036903690369], [108.92206720672067, 0.8694869486948695], [108.92116711671167, 0.8682868286828682], [108.92034203420341, 0.8685118511851185], [108.92004200420041, 0.869036903690369], [108.91876687668767, 0.8668616861686169], [108.91734173417342, 0.8662616261626163], [108.91276627662766, 0.8622112211221122], [108.91179117911791, 0.8620612061206121], [108.91179117911791, 0.8624362436243624], [108.91104110411041, 0.8622112211221122], [108.91066606660665, 0.8626612661266126], [108.9087908790879, 0.8631863186318631], [108.9083408340834, 0.8645364536453646], [108.90774077407741, 0.8644614461446145], [108.90676567656766, 0.8652115211521152], [108.9048904890489, 0.8650615061506151], [108.90406540654065, 0.8641614161416141], [108.9039903990399, 0.8649114911491149], [108.90316531653166, 0.8652865286528653], [108.9030903090309, 0.8660366036603661], [108.9021902190219, 0.8653615361536153], [108.90046504650465, 0.8658865886588658], [108.8997899789979, 0.8655115511551155], [108.89926492649265, 0.8642364236423642], [108.8985898589859, 0.8656615661566156], [108.89791479147914, 0.8661116111611161], [108.89686468646865, 0.869036903690369], [108.89461446144614, 0.8694119411941195], [108.89393939393939, 0.8706870687068706], [108.89311431143113, 0.8703870387038704], [108.8930393039304, 0.8686618661866187], [108.89228922892289, 0.8678367836783678], [108.89251425142514, 0.8663366336633663], [108.89086408640864, 0.8654365436543654], [108.89101410141014, 0.8629612961296129], [108.89161416141614, 0.8628862886288629], [108.89123912391238, 0.8621362136213622], [108.89206420642064, 0.8623612361236124], [108.89176417641764, 0.8613861386138614], [108.89221422142214, 0.8613861386138614], [108.8921392139214, 0.8602610261026102], [108.89251425142514, 0.8601110111011101], [108.89206420642064, 0.8598109810981098], [108.89191419141913, 0.8601860186018602], [108.89168916891688, 0.8598109810981098], [108.89206420642064, 0.8586108610861086], [108.89176417641764, 0.8576357635763576], [108.89108910891089, 0.8571857185718572], [108.8909390939094, 0.8563606360636064], [108.89146414641463, 0.8563606360636064], [108.89161416141614, 0.855985598559856], [108.89078907890789, 0.8558355835583558], [108.8909390939094, 0.8568106810681068], [108.89063906390639, 0.8568856885688569], [108.8897389738974, 0.8555355535553555], [108.88846384638464, 0.8547854785478548], [108.88868886888689, 0.8538103810381038], [108.88756375637564, 0.8537353735373537], [108.88568856885688, 0.8512601260126013], [108.88493849384938, 0.851035103510351], [108.88546354635463, 0.851035103510351], [108.88553855385538, 0.8505100510051005], [108.88598859885988, 0.8504350435043504], [108.88553855385538, 0.8498349834983498], [108.88471347134713, 0.8493099309930993], [108.88411341134113, 0.8494599459945995], [108.88396339633964, 0.849084908490849], [108.88358835883588, 0.8496099609960996], [108.88028802880288, 0.8466846684668466], [108.87953795379538, 0.8452595259525952], [108.87901290129012, 0.8451845184518452], [108.87811281128113, 0.8443594359435944], [108.87833783378338, 0.8438343834383438], [108.87938793879388, 0.8451845184518452], [108.88028802880288, 0.845034503450345], [108.88043804380438, 0.8456345634563456], [108.88246324632463, 0.8466096609660966], [108.88223822382238, 0.846984698469847], [108.88306330633063, 0.846909690969097], [108.88373837383737, 0.8473597359735974], [108.88411341134113, 0.8478847884788479], [108.88381338133813, 0.8485598559855986], [108.88403840384038, 0.8489348934893489], [108.88433843384338, 0.8472847284728473], [108.88381338133813, 0.8472847284728473], [108.88351335133513, 0.846909690969097], [108.88486348634864, 0.8464596459645964], [108.88666366636663, 0.8467596759675967], [108.88658865886589, 0.8464596459645964], [108.88508850885088, 0.8463096309630963], [108.88501350135013, 0.8455595559555955], [108.88366336633663, 0.8454095409540954], [108.88306330633063, 0.8412091209120912], [108.88411341134113, 0.8410591059105911], [108.88448844884488, 0.8405340534053405], [108.88381338133813, 0.8403840384038403], [108.88381338133813, 0.8394089408940895], [108.88426342634263, 0.8387338733873387], [108.88463846384639, 0.8385838583858386], [108.88501350135013, 0.839033903390339], [108.88576357635763, 0.8383588358835883], [108.88696369636963, 0.8382838283828382], [108.88726372637264, 0.8367836783678367], [108.88876387638764, 0.836933693369337], [108.88793879387939, 0.8362586258625863], [108.88891389138914, 0.8358835883588358], [108.88891389138914, 0.8345334533453346], [108.89011401140114, 0.8346084608460846], [108.8897389738974, 0.8344584458445845], [108.88966396639664, 0.8331833183318331], [108.88883888388838, 0.833033303330333], [108.88981398139813, 0.8325832583258326], [108.88951395139513, 0.8320582058205821], [108.89078907890789, 0.8316831683168316], [108.89191419141913, 0.8305580558055805], [108.89123912391238, 0.8306330633063306], [108.88921392139214, 0.8320582058205821], [108.88786378637863, 0.831908190819082], [108.88696369636963, 0.8323582358235824], [108.88688868886888, 0.8328082808280828], [108.88613861386138, 0.8327332733273327], [108.88613861386138, 0.8331833183318331], [108.88523852385238, 0.833108310831083], [108.88471347134713, 0.8325082508250825], [108.88508850885088, 0.830933093309331], [108.88343834383438, 0.8294329432943295], [108.88388838883888, 0.8292079207920792], [108.88366336633663, 0.8287578757875788], [108.88418841884189, 0.8275577557755776], [108.88373837383737, 0.8266576657665766], [108.88418841884189, 0.8264326432643264], [108.88411341134113, 0.8253075307530753], [108.88561356135614, 0.8244074407440745], [108.88598859885988, 0.825007500750075], [108.88613861386138, 0.8239573957395739], [108.88741374137413, 0.8241074107410741], [108.88741374137413, 0.8235823582358236], [108.88861386138613, 0.8228322832283228], [108.88831383138313, 0.8221572157215722], [108.88688868886888, 0.8223822382238224], [108.88628862886289, 0.8235823582358236], [108.88508850885088, 0.8235823582358236], [108.88463846384639, 0.8232073207320731], [108.88441344134414, 0.8236573657365737], [108.88381338133813, 0.8235823582358236], [108.88433843384338, 0.8244824482448245], [108.88373837383737, 0.8247824782478248], [108.88268826882688, 0.8238823882388239], [108.88261326132613, 0.8244824482448245], [108.88186318631863, 0.8245574557455746], [108.88111311131112, 0.8256825682568256], [108.88028802880288, 0.8256825682568256], [108.87991299129912, 0.8251575157515751], [108.87946294629462, 0.8258325832583258], [108.87916291629163, 0.8249324932493249], [108.87886288628863, 0.8252325232523252], [108.87848784878487, 0.8249324932493249], [108.87856285628563, 0.8255325532553255], [108.87901290129012, 0.8253825382538253], [108.87901290129012, 0.8274827482748275], [108.87938793879388, 0.8275577557755776], [108.87983798379838, 0.8265076507650765], [108.88028802880288, 0.8271077107710771], [108.88133813381337, 0.8265076507650765], [108.88118811881188, 0.8274827482748275], [108.88021302130213, 0.8275577557755776], [108.88058805880588, 0.828007800780078], [108.88043804380438, 0.8286078607860786], [108.87983798379838, 0.8279327932793279], [108.88013801380137, 0.828982898289829], [108.87961296129613, 0.8297329732973298], [108.88013801380137, 0.8298829882988299], [108.87961296129613, 0.8302580258025802], [108.87931293129313, 0.8298829882988299], [108.87871287128712, 0.8301830183018302], [108.87961296129613, 0.8307830783078307], [108.87991299129912, 0.8301830183018302], [108.88073807380738, 0.83003300330033], [108.88096309630963, 0.8306330633063306], [108.88051305130513, 0.8303330333033303], [108.87976297629763, 0.8316081608160816], [108.87878787878788, 0.8313831383138314], [108.87893789378937, 0.8308580858085808], [108.87818781878188, 0.8317581758175817], [108.87706270627062, 0.8314581458145814], [108.87743774377438, 0.8322082208220822], [108.87743774377438, 0.8325832583258326], [108.87676267626763, 0.8328832883288328], [108.87721272127213, 0.8341584158415841], [108.87706270627062, 0.8364086408640864], [108.87623762376238, 0.8355835583558355], [108.87571257125713, 0.834008400840084], [108.87488748874887, 0.8334083408340833], [108.87503750375038, 0.8338583858385838], [108.87466246624662, 0.8341584158415841], [108.87451245124512, 0.833108310831083], [108.87338733873388, 0.8324332433243324], [108.87278727872787, 0.8311581158115812], [108.87218721872188, 0.8314581458145814], [108.87226222622262, 0.831908190819082], [108.87308730873087, 0.8322832283228323], [108.87331233123312, 0.8337833783378338], [108.87151215121511, 0.8364836483648365], [108.87106210621062, 0.8356585658565856], [108.86956195619561, 0.8357335733573357], [108.87031203120311, 0.8355085508550855], [108.87023702370237, 0.8352085208520852], [108.86881188118812, 0.8352085208520852], [108.86821182118211, 0.8356585658565856], [108.86783678367837, 0.8355085508550855], [108.86738673867387, 0.8364836483648365], [108.86626162616261, 0.8370837083708371], [108.86603660366036, 0.835058505850585], [108.86716171617161, 0.834008400840084], [108.86686168616862, 0.833108310831083], [108.86791179117911, 0.8320582058205821], [108.86888688868886, 0.8325082508250825], [108.86933693369336, 0.8322832283228323], [108.86843684368436, 0.8314581458145814], [108.86926192619262, 0.8305580558055805], [108.86798679867987, 0.8308580858085808], [108.86731173117312, 0.8301830183018302], [108.86753675367537, 0.8295079507950796], [108.86866186618661, 0.8293579357935793], [108.86813681368136, 0.8277827782778278], [108.86843684368436, 0.8268076807680768], [108.86716171617161, 0.8277827782778278], [108.86716171617161, 0.8283078307830782], [108.86618661866187, 0.8292079207920792], [108.86536153615361, 0.8292079207920792], [108.86483648364836, 0.8296579657965797], [108.86491149114912, 0.8288328832883288], [108.86536153615361, 0.8288328832883288], [108.86626162616261, 0.8274077407740774], [108.86603660366036, 0.8262826282628263], [108.86536153615361, 0.8250825082508251], [108.86521152115212, 0.825982598259826], [108.86581158115811, 0.8261326132613261], [108.86573657365736, 0.8267326732673267], [108.86506150615061, 0.826957695769577], [108.86498649864987, 0.8278577857785778], [108.86416141614161, 0.828007800780078], [108.86408640864086, 0.8286828682868287], [108.8631113111311, 0.8293579357935793], [108.8635613561356, 0.8295079507950796], [108.86341134113411, 0.8301080108010801], [108.86213621362135, 0.8310831083108311], [108.86056105610561, 0.8307830783078307], [108.85966096609661, 0.8301830183018302], [108.85973597359735, 0.8297329732973298], [108.85846084608461, 0.8283078307830782], [108.85726072607261, 0.8277077707770777], [108.85778577857785, 0.8271077107710771], [108.8571107110711, 0.8274077407740774], [108.85561056105611, 0.8272577257725773], [108.8551605160516, 0.8264326432643264], [108.8545604560456, 0.826957695769577], [108.85373537353735, 0.8262076207620762], [108.8547104710471, 0.8258325832583258], [108.8533603360336, 0.8257575757575757], [108.85328532853285, 0.8246324632463247], [108.85253525352535, 0.8249324932493249], [108.85201020102011, 0.8236573657365737], [108.8515601560156, 0.8243324332433243], [108.85028502850285, 0.8241824182418241], [108.8493099309931, 0.8249324932493249], [108.84848484848484, 0.8247824782478248], [108.84863486348635, 0.8232073207320731], [108.8481098109811, 0.8221572157215722], [108.84848484848484, 0.820957095709571], [108.8478097809781, 0.8211821182118212], [108.84683468346834, 0.8202070207020702], [108.84713471347135, 0.8194569456945695], [108.84638463846385, 0.8199069906990699], [108.8464596459646, 0.8192319231923192], [108.84585958595859, 0.8189318931893189], [108.84533453345334, 0.8172817281728173], [108.84600960096009, 0.8163066306630663], [108.84518451845184, 0.8163066306630663], [108.84503450345035, 0.8168316831683168], [108.84458445844584, 0.8165316531653165], [108.84443444344434, 0.8173567356735674], [108.84300930093009, 0.8160816081608161], [108.84188418841885, 0.816906690669067], [108.84075907590758, 0.8152565256525652], [108.84180918091809, 0.8124062406240624], [108.84270927092709, 0.811956195619562], [108.84368436843684, 0.8103810381038103], [108.8433093309331, 0.8078307830783078], [108.84390939093909, 0.806930693069307], [108.84488448844884, 0.8065556555655565], [108.84578457845784, 0.8067806780678067], [108.8469096909691, 0.8066306630663066], [108.8473597359736, 0.8062556255625563], [108.8488598859886, 0.8073057305730573], [108.84743474347435, 0.8055055505550555], [108.84795979597959, 0.8038553855385538], [108.8470597059706, 0.8025052505250525], [108.84698469846984, 0.801005100510051], [108.84743474347435, 0.7994299429942995], [108.84653465346534, 0.7977797779777978], [108.84668466846685, 0.7961296129612961], [108.84630963096309, 0.7947794779477948], [108.8481098109811, 0.7927542754275427], [108.84893489348934, 0.7932043204320431], [108.8499099909991, 0.7931293129312931], [108.85088508850885, 0.7938043804380438], [108.85223522352236, 0.7932793279327932], [108.8521602160216, 0.7929042904290429], [108.8514101410141, 0.7929042904290429], [108.8511101110111, 0.791929192919292], [108.8512601260126, 0.7906540654065406], [108.85201020102011, 0.78997899789979], [108.8527602760276, 0.7902040204020402], [108.8529102910291, 0.7899039903990399], [108.85253525352535, 0.7877287728772877], [108.8517101710171, 0.7872787278727873], [108.85193519351935, 0.786003600360036], [108.85238523852385, 0.7861536153615362], [108.85283528352835, 0.7876537653765376], [108.85463546354636, 0.7876537653765376], [108.85538553855385, 0.7878787878787878], [108.8557605760576, 0.7885538553855386], [108.85673567356736, 0.7886288628862886], [108.85748574857486, 0.78997899789979], [108.8583108310831, 0.7901290129012901], [108.86003600360036, 0.7914041404140414], [108.86011101110111, 0.7920792079207921], [108.85958595859586, 0.7929042904290429], [108.8587608760876, 0.7929792979297929], [108.8571107110711, 0.791929192919292], [108.8566606660666, 0.791029102910291], [108.85613561356135, 0.7918541854185418], [108.85538553855385, 0.7917791779177917], [108.85553555355536, 0.7929792979297929], [108.85508550855086, 0.7936543654365437], [108.85538553855385, 0.7942544254425442], [108.8550105010501, 0.7944044404440445], [108.85418541854185, 0.7975547554755475], [108.85321032103211, 0.7981548154815481], [108.8535103510351, 0.798979897989799], [108.8526102610261, 0.7986798679867987], [108.8517101710171, 0.8001050105010501], [108.84968496849685, 0.8001800180018002], [108.8490099009901, 0.8005550555055505], [108.84893489348934, 0.8011551155115512], [108.84983498349835, 0.8012301230123012], [108.8500600060006, 0.8028802880288028], [108.84968496849685, 0.8028802880288028], [108.84953495349535, 0.8022802280228023], [108.8490099009901, 0.8025052505250525], [108.8497599759976, 0.8034053405340533], [108.84848484848484, 0.8042304230423042], [108.84803480348035, 0.8051305130513051], [108.84878487848785, 0.8055805580558055], [108.8493099309931, 0.8067806780678067], [108.85028502850285, 0.8052055205520552], [108.85028502850285, 0.804080408040804], [108.85118511851185, 0.8028052805280528], [108.85208520852085, 0.8034053405340533], [108.8523102310231, 0.8044554455445545], [108.85298529852984, 0.804980498049805], [108.85343534353436, 0.8034053405340533], [108.85321032103211, 0.8023552355235524], [108.85238523852385, 0.8022802280228023], [108.8524602460246, 0.8017551755175517], [108.85358535853585, 0.8018301830183018], [108.8539603960396, 0.8013051305130513], [108.85508550855086, 0.8013051305130513], [108.8554605460546, 0.8007800780078007], [108.8557605760576, 0.8013051305130513], [108.85613561356135, 0.8007800780078007], [108.8559105910591, 0.79995499549955], [108.85688568856885, 0.7995049504950495], [108.8574107410741, 0.8001050105010501], [108.85793579357936, 0.8022802280228023], [108.85726072607261, 0.8047554755475548], [108.85823582358236, 0.8043804380438043], [108.85883588358836, 0.8051305130513051], [108.85846084608461, 0.8058055805580557], [108.85793579357936, 0.8058055805580557], [108.85726072607261, 0.8049054905490549], [108.85726072607261, 0.8065556555655565], [108.85771077107711, 0.807005700570057], [108.85838583858386, 0.806930693069307], [108.85838583858386, 0.8086558655865587], [108.85891089108911, 0.8091809180918091], [108.85958595859586, 0.8091059105910591], [108.85981098109811, 0.8083558355835583], [108.86011101110111, 0.8088058805880588], [108.86078607860786, 0.8083558355835583], [108.86123612361236, 0.8085058505850585], [108.8623612361236, 0.810981098109811], [108.86221122112211, 0.8117311731173117], [108.86131113111311, 0.8124812481248125], [108.86168616861686, 0.813081308130813], [108.86221122112211, 0.813006300630063], [108.8619111911191, 0.8134563456345635], [108.86221122112211, 0.8142064206420642], [108.86401140114012, 0.8132313231323132], [108.86371137113711, 0.8142814281428142], [108.86416141614161, 0.8142064206420642], [108.86431143114311, 0.8157815781578157], [108.86468646864687, 0.8157815781578157], [108.86461146114611, 0.8147314731473148], [108.86573657365736, 0.8145064506450646], [108.86656165616562, 0.8136813681368137], [108.86603660366036, 0.8132313231323132], [108.86641164116412, 0.8118061806180618], [108.86513651365136, 0.8096309630963097], [108.86551155115511, 0.8091809180918091], [108.86528652865286, 0.8078307830783078], [108.86386138613861, 0.8084308430843083], [108.86318631863186, 0.8091809180918091], [108.86221122112211, 0.8093309330933093], [108.8619111911191, 0.8088058805880588], [108.86243624362436, 0.8082058205820581], [108.86348634863486, 0.8083558355835583], [108.86363636363636, 0.8076807680768077], [108.86408640864086, 0.8079807980798079], [108.86506150615061, 0.8068556855685568], [108.86551155115511, 0.807005700570057], [108.86536153615361, 0.8066306630663066], [108.86633663366337, 0.8065556555655565], [108.86618661866187, 0.806030603060306], [108.86543654365437, 0.8064806480648065], [108.86431143114311, 0.8054305430543054], [108.86431143114311, 0.8044554455445545], [108.86386138613861, 0.8042304230423042], [108.86416141614161, 0.8037803780378038], [108.86393639363936, 0.8026552655265526], [108.86513651365136, 0.8034053405340533], [108.86491149114912, 0.8028802880288028], [108.86558655865586, 0.8026552655265526], [108.86558655865586, 0.8022802280228023], [108.86603660366036, 0.8025052505250525], [108.86566156615662, 0.8033303330333033], [108.86626162616261, 0.8044554455445545], [108.86693669366936, 0.8046804680468047], [108.86701170117011, 0.8058805880588058], [108.86761176117612, 0.8056555655565556], [108.86798679867987, 0.8047554755475548], [108.86918691869187, 0.805055505550555], [108.86971197119712, 0.8043804380438043], [108.87016201620162, 0.8043804380438043], [108.87046204620462, 0.8061806180618062], [108.87128712871286, 0.8058805880588058], [108.87121212121212, 0.8063306330633063], [108.87053705370536, 0.8066306630663066], [108.87091209120912, 0.8077557755775577], [108.87151215121511, 0.808055805580558], [108.87158715871587, 0.8076807680768077], [108.87211221122112, 0.8076807680768077], [108.87226222622262, 0.808055805580558], [108.87166216621662, 0.8088808880888089], [108.87293729372936, 0.809030903090309], [108.87383738373838, 0.8096309630963097], [108.87436243624362, 0.8087308730873087], [108.87473747374737, 0.8091059105910591], [108.87541254125412, 0.8088808880888089], [108.87518751875187, 0.8075307530753075], [108.87691269126913, 0.8062556255625563], [108.87653765376537, 0.8053555355535553], [108.87728772877287, 0.805055505550555], [108.87773777377737, 0.8054305430543054], [108.87811281128113, 0.8043804380438043], [108.87856285628563, 0.8044554455445545], [108.87856285628563, 0.8041554155415541], [108.88021302130213, 0.8046054605460546], [108.87983798379838, 0.8049054905490549], [108.88043804380438, 0.8051305130513051], [108.88043804380438, 0.8055805580558055], [108.88141314131413, 0.8057305730573057], [108.88148814881488, 0.8053555355535553], [108.88163816381638, 0.8058805880588058], [108.88216321632163, 0.806030603060306], [108.88201320132013, 0.8054305430543054], [108.88246324632463, 0.8054305430543054], [108.88253825382537, 0.8045304530453046], [108.88208820882087, 0.804005400540054], [108.88223822382238, 0.8046804680468047], [108.88171317131713, 0.8046804680468047], [108.88148814881488, 0.8028802880288028], [108.88208820882087, 0.8028802880288028], [108.88201320132013, 0.8034053405340533], [108.88231323132312, 0.8034053405340533], [108.88261326132613, 0.801980198019802], [108.88193819381938, 0.8013051305130513], [108.88193819381938, 0.8007050705070506], [108.88261326132613, 0.79995499549955], [108.88313831383138, 0.8001050105010501], [108.88298829882989, 0.7996549654965497], [108.88358835883588, 0.7987548754875488], [108.88298829882989, 0.798079807980798], [108.88328832883288, 0.7968796879687968], [108.88283828382838, 0.7965796579657966], [108.88261326132613, 0.7968796879687968], [108.88216321632163, 0.7960546054605461], [108.88118811881188, 0.7962796279627963], [108.88096309630963, 0.7953045304530453], [108.88238823882388, 0.7936543654365437], [108.88276327632764, 0.7926042604260426], [108.88373837383737, 0.7928292829282928], [108.88381338133813, 0.791929192919292], [108.88268826882688, 0.7917791779177917], [108.88261326132613, 0.7907290729072907], [108.88156315631564, 0.7907290729072907], [108.88096309630963, 0.788028802880288], [108.88156315631564, 0.7872787278727873], [108.88231323132312, 0.7874287428742874], [108.88216321632163, 0.7864536453645364], [108.88283828382838, 0.7861536153615362], [108.88156315631564, 0.7851785178517852], [108.88186318631863, 0.7842034203420342], [108.88163816381638, 0.7836033603360336], [108.88088808880887, 0.7831533153315331], [108.88021302130213, 0.7833033303330332], [108.87976297629763, 0.7823282328232823], [108.88036303630363, 0.781953195319532], [108.88118811881188, 0.7824782478247825], [108.88208820882087, 0.7814281428142814], [108.88036303630363, 0.7807530753075307], [108.88058805880588, 0.7813531353135313], [108.87983798379838, 0.7814281428142814], [108.87886288628863, 0.7824782478247825], [108.87908790879088, 0.7833783378337833], [108.87848784878487, 0.7834533453345334], [108.87833783378338, 0.7842784278427842], [108.87721272127213, 0.7839033903390339], [108.87646264626463, 0.7851035103510351], [108.87548754875488, 0.7852535253525352], [108.87668766876688, 0.7832283228322832], [108.87803780378037, 0.7821782178217822], [108.87818781878188, 0.7827032703270327], [108.87841284128413, 0.7827782778277828], [108.87856285628563, 0.7822532253225323], [108.87811281128113, 0.7821774677467747], [108.87811281128113, 0.7816531653165316], [108.87871287128712, 0.7804530453045304], [108.87848784878487, 0.7788778877887789], [108.87938793879388, 0.7776027602760276], [108.87953795379538, 0.7767026702670267], [108.88028802880288, 0.776027602760276], [108.88028802880288, 0.7751275127512751], [108.88111311131112, 0.7748274827482748], [108.87991299129912, 0.7783528352835283], [108.88103810381038, 0.7785028502850285], [108.88111311131112, 0.7779027902790279], [108.88193819381938, 0.7777527752775277], [108.88103810381038, 0.7768526852685268], [108.88193819381938, 0.7764776477647765], [108.88171317131713, 0.7757275727572757], [108.88306330633063, 0.7757275727572757], [108.88351335133513, 0.7765526552655265], [108.88306330633063, 0.7765526552655265], [108.88276327632764, 0.7776027602760276], [108.88208820882087, 0.7776777677767777], [108.88216321632163, 0.7782028202820281], [108.88343834383438, 0.7788778877887789], [108.88418841884189, 0.7788028802880288], [108.88313831383138, 0.7777527752775277], [108.88343834383438, 0.7775277527752775], [108.88478847884788, 0.7779027902790279], [108.88456345634563, 0.7764776477647765], [108.88516351635164, 0.7759525952595259], [108.88733873387338, 0.7766276627662766], [108.88778877887789, 0.7773777377737774], [108.88876387638764, 0.7773777377737774], [108.88891389138914, 0.7761026102610261], [108.88928892889288, 0.7758775877587758], [108.88906390639063, 0.7752775277527753], [108.88628862886289, 0.7742274227422742], [108.88628862886289, 0.7739273927392739], [108.88696369636963, 0.7739273927392739], [108.88688868886888, 0.7731773177317731], [108.88786378637863, 0.773027302730273], [108.89041404140414, 0.7737773777377738], [108.89063906390639, 0.7752025202520252], [108.89108910891089, 0.774977497749775], [108.89131413141314, 0.7762526252625263], [108.89183918391839, 0.7759533453345334], [108.89168916891688, 0.777002700270027], [108.89131413141314, 0.7771527152715272], [108.88981398139813, 0.7755775577557755], [108.8897389738974, 0.7776027602760276], [108.88906390639063, 0.7778277827782778], [108.88898889888989, 0.7784278427842783], [108.88801380138014, 0.778052805280528], [108.8885388538854, 0.779027902790279], [108.89033903390339, 0.7791779177917791], [108.89033903390339, 0.7803780378037803], [108.8909390939094, 0.7800780078007801], [108.8913891389139, 0.779027902790279], [108.89176417641764, 0.7789528952895289], [108.8921392139214, 0.7795529552955296], [108.89243924392439, 0.7793279327932793], [108.89266426642664, 0.7782778277827782], [108.89356435643565, 0.7776777677767777], [108.89363936393639, 0.7771527152715272], [108.89326432643264, 0.776927692769277], [108.89386438643864, 0.7766276627662766], [108.89348934893489, 0.7758775877587758], [108.89371437143714, 0.7752025202520252], [108.89483948394839, 0.7746774677467747], [108.89528952895289, 0.7747524752475248], [108.89506450645064, 0.7761026102610261], [108.89656465646564, 0.7776027602760276], [108.89798979897989, 0.7771527152715272], [108.8985898589859, 0.7765526552655265], [108.89843984398439, 0.7762526252625263], [108.90016501650165, 0.7758775877587758], [108.89986498649864, 0.7762526252625263], [108.90001500150015, 0.7771527152715272], [108.9008400840084, 0.7767026702670267], [108.9005400540054, 0.7788028802880288], [108.9009900990099, 0.7784278427842783], [108.90129012901289, 0.7770777077707771], [108.9023402340234, 0.7765526552655265], [108.90316531653166, 0.7779777977797779], [108.90376537653765, 0.7782028202820281], [108.9039903990399, 0.7797779777977798], [108.90451545154515, 0.7797029702970297], [108.90421542154215, 0.7789528952895289], [108.90481548154816, 0.7789528952895289], [108.90511551155116, 0.7781278127812781], [108.90676567656766, 0.7787278727872787], [108.90691569156915, 0.7794779477947795], [108.90661566156615, 0.7801530153015301], [108.9066906690669, 0.7806780678067806], [108.9068406840684, 0.78000300030003], [108.9075907590759, 0.7797779777977798], [108.9080408040804, 0.779027902790279], [108.90774077407741, 0.7784278427842783], [108.90481548154816, 0.7773777377737774], [108.90451545154515, 0.7768526852685268], [108.9047404740474, 0.7758775877587758], [108.9033903390339, 0.7763276327632763], [108.9023402340234, 0.7755025502550255], [108.90241524152415, 0.7748274827482748], [108.90129012901289, 0.775052505250525], [108.9003900390039, 0.773027302730273], [108.8993399339934, 0.7717521752175217], [108.89866486648664, 0.7716771677167716], [108.8982898289829, 0.7706270627062706], [108.89971497149715, 0.7707770777077707], [108.90046504650465, 0.7716771677167716], [108.90151515151516, 0.7717521752175217], [108.9017401740174, 0.7710771077107711], [108.90091509150915, 0.7707020702070206], [108.90129012901289, 0.7703270327032703], [108.90076507650765, 0.7691269126912691], [108.89866486648664, 0.7683018301830182], [108.89911491149114, 0.7666516651665166], [108.8999399939994, 0.7667266726672667], [108.90001500150015, 0.7659765976597659], [108.89851485148515, 0.7664266426642664], [108.89776477647764, 0.7656765676567656], [108.89791479147914, 0.7644764476447645], [108.89836483648365, 0.764026402640264], [108.89941494149414, 0.7644764476447645], [108.89971497149715, 0.7648514851485149], [108.89926492649265, 0.7648514851485149], [108.8993399339934, 0.7652265226522652], [108.90016501650165, 0.7651515151515151], [108.9002400240024, 0.7657515751575157], [108.9006900690069, 0.7659765976597659], [108.9005400540054, 0.7667266726672667], [108.90121512151215, 0.7668766876687668], [108.90136513651365, 0.7663516351635163], [108.9021902190219, 0.7665016501650165], [108.90226522652264, 0.7662016201620162], [108.9033903390339, 0.7665766576657665], [108.90376537653765, 0.7657515751575157], [108.9044404440444, 0.7658265826582658], [108.9042904290429, 0.7651515151515151], [108.9060906090609, 0.7646264626462647], [108.9056405640564, 0.7635763576357636], [108.9060906090609, 0.763051305130513], [108.90676567656766, 0.7636513651365137], [108.90774077407741, 0.7637263726372637], [108.90841584158416, 0.7631263126312631], [108.90894089408941, 0.7635763576357636], [108.9095409540954, 0.7623012301230123], [108.90894089408941, 0.7623012301230123], [108.90916591659166, 0.7628262826282628], [108.9087908790879, 0.7632013201320131], [108.90826582658265, 0.7626762676267627], [108.90781578157815, 0.7627512751275127], [108.90796579657966, 0.7622262226222623], [108.9074407440744, 0.7620762076207621], [108.90691569156915, 0.7608010801080107], [108.90706570657065, 0.75997599759976], [108.90766576657666, 0.7601260126012601], [108.90736573657365, 0.7608010801080107], [108.90811581158115, 0.7620762076207621], [108.9080408040804, 0.7609510951095109], [108.90901590159015, 0.7604260426042604], [108.9083408340834, 0.7598259825982598], [108.9078907890789, 0.7581758175817581], [108.90819081908191, 0.7572757275727573], [108.9087908790879, 0.7574257425742574], [108.90864086408641, 0.7591509150915091], [108.9095409540954, 0.7593009300930093], [108.90916591659166, 0.75997599759976], [108.90939093909391, 0.7604260426042604], [108.9099909990999, 0.7603510351035103], [108.9099909990999, 0.7614761476147615], [108.91051605160516, 0.7617761776177617], [108.9108910891089, 0.7614761476147615], [108.9111911191119, 0.7619261926192619], [108.91156615661566, 0.7614761476147615], [108.9116411641164, 0.7621512151215122], [108.91179117911791, 0.7617011701170117], [108.91269126912691, 0.7615511551155115], [108.91291629162916, 0.7611011101110111], [108.91329132913292, 0.7616261626162616], [108.91389138913891, 0.7615511551155115], [108.91381713171316, 0.761026102610261], [108.91434143414341, 0.7613261326132613], [108.91411641164116, 0.7608010801080107], [108.91456645664566, 0.7608760876087608], [108.91509150915091, 0.7620762076207621], [108.91569156915692, 0.7617761776177617], [108.91621662166216, 0.7605760576057605], [108.91764176417641, 0.7611761176117612], [108.91884188418841, 0.7605010501050105], [108.91944194419442, 0.7608010801080107], [108.91959195919591, 0.7603510351035103], [108.92026702670266, 0.7604260426042604], [108.91996699669967, 0.7602010201020102], [108.92026702670266, 0.7593009300930093], [108.91936693669366, 0.7589258925892589], [108.91989198919892, 0.7581758175817581], [108.91899189918992, 0.7582508250825082], [108.91929192919292, 0.7572007200720072], [108.92019201920192, 0.7569006900690068], [108.92109210921092, 0.7571257125712572], [108.92094209420942, 0.7567506750675067], [108.92191719171917, 0.7566006600660066], [108.92206720672067, 0.7559255925592558], [108.92266726672666, 0.7563006300630063], [108.92296729672967, 0.7556255625562556], [108.92199219921991, 0.755025502550255], [108.92206720672067, 0.753000300030003], [108.92049204920492, 0.7527002700270027], [108.91996699669967, 0.7515001500150015], [108.91944194419442, 0.7514251425142514], [108.91959195919591, 0.7507500750075007], [108.91914191419141, 0.7509000900090008], [108.91906690669066, 0.75], [108.91734173417342, 0.7503000300030003], [108.91741674167416, 0.7508250825082508], [108.9152415241524, 0.7507500750075007], [108.91494149414942, 0.7515001500150015], [108.91554155415541, 0.751950195019502], [108.91479147914791, 0.7527752775277528], [108.91434143414341, 0.7524752475247525], [108.91456645664566, 0.7534503450345034], [108.91389138913891, 0.7538253825382538], [108.91344134413441, 0.7533753375337533], [108.91254125412541, 0.7535253525352535], [108.91216621662166, 0.7527752775277528], [108.91134113411341, 0.7533753375337533], [108.91066606660665, 0.753075307530753], [108.9116411641164, 0.7528502850285028], [108.91179117911791, 0.7522502250225023], [108.91306630663065, 0.7521002100210021], [108.91314131413141, 0.7515751575157515], [108.9135913591359, 0.7515001500150015], [108.91329132913292, 0.75], [108.9092409240924, 0.75], [108.90886588658866, 0.7505250525052505], [108.90819081908191, 0.75], [108.9060906090609, 0.75], [108.9062406240624, 0.7503750375037503], [108.90691569156915, 0.7504500450045004], [108.90691569156915, 0.7512001200120012], [108.90646564656466, 0.7511251125112511], [108.90661566156615, 0.7506750675067506], [108.90541554155415, 0.7508250825082508], [108.90534053405341, 0.7502250225022502], [108.9045904590459, 0.75], [108.89521452145215, 0.75], [108.8954395439544, 0.7504500450045004], [108.89626462646264, 0.7503000300030003], [108.8961896189619, 0.7506000600060005], [108.89731473147314, 0.7506750675067506], [108.89791479147914, 0.7512751275127513], [108.8985898589859, 0.7512001200120012], [108.89926492649265, 0.7516501650165016], [108.8991899189919, 0.7521752175217522], [108.89971497149715, 0.7527002700270027], [108.90009000900089, 0.7525502550255025], [108.90001500150015, 0.7515751575157515], [108.8993399339934, 0.7508250825082508], [108.90091509150915, 0.7512001200120012], [108.90106510651064, 0.7515751575157515], [108.9006900690069, 0.7518001800180018], [108.90106510651064, 0.7521002100210021], [108.9014401440144, 0.7512001200120012], [108.90271527152716, 0.7512751275127513], [108.90316531653166, 0.7521002100210021], [108.9026402640264, 0.7521752175217522], [108.9033903390339, 0.7523252325232523], [108.90361536153615, 0.7520252025202521], [108.90376537653765, 0.7525502550255025], [108.9047404740474, 0.7517251725172517], [108.90414041404141, 0.7513501350135013], [108.90541554155415, 0.7514251425142514], [108.90541554155415, 0.7509750975097509], [108.9059405940594, 0.7510501050105011], [108.9060906090609, 0.7514251425142514], [108.9051905190519, 0.7524002400240024], [108.9060906090609, 0.7521002100210021], [108.9062406240624, 0.7525502550255025], [108.90601560156016, 0.7524002400240024], [108.90586558655865, 0.7525502550255025], [108.9063906390639, 0.7537503750375038], [108.90676567656766, 0.7539003900390039], [108.90676567656766, 0.7534503450345034], [108.90774077407741, 0.7537503750375038], [108.90691569156915, 0.7539003900390039], [108.9066906690669, 0.7545754575457546], [108.90541554155415, 0.7541254125412541], [108.90511551155116, 0.7559255925592558], [108.90556555655566, 0.7563006300630063], [108.90496549654965, 0.7566756675667566], [108.90496549654965, 0.7583258325832583], [108.90414041404141, 0.7589258925892589], [108.90481548154816, 0.7592259225922592], [108.90466546654665, 0.7599009900990099], [108.9038403840384, 0.7599009900990099], [108.9036903690369, 0.758100810081008], [108.9032403240324, 0.7578007800780078], [108.9029402940294, 0.758025802580258], [108.9030903090309, 0.7596009600960096], [108.90106510651064, 0.7595259525952596], [108.9008400840084, 0.7586258625862586], [108.9011401140114, 0.7582508250825082], [108.9018901890189, 0.7578757875787578], [108.90241524152415, 0.7584008400840083], [108.9027902790279, 0.7578757875787578], [108.90196519651965, 0.7575007500750075], [108.9017401740174, 0.7567506750675067], [108.9014401440144, 0.7571257125712572], [108.9006900690069, 0.7569006900690068], [108.9006900690069, 0.7587008700870087], [108.89986498649864, 0.7595259525952596], [108.89963996399639, 0.7614011401140114], [108.8991899189919, 0.762001200120012], [108.8993399339934, 0.7628262826282628], [108.90076507650765, 0.7635013501350135], [108.90009000900089, 0.7637263726372637], [108.9006900690069, 0.7641764176417641], [108.90061506150614, 0.7646264626462647], [108.89911491149114, 0.7635763576357636], [108.8982898289829, 0.7635763576357636], [108.89836483648365, 0.7626762676267627], [108.89791479147914, 0.7624512451245125], [108.89716471647165, 0.7626012601260126], [108.8970897089709, 0.7621512151215122], [108.8963396339634, 0.7620762076207621], [108.8963396339634, 0.7627512751275127], [108.89603960396039, 0.7628262826282628], [108.89566456645665, 0.7615511551155115], [108.8946902190219, 0.7631263126312631], [108.89461446144614, 0.7617761776177617], [108.8949894989499, 0.7613261326132613], [108.8933393339334, 0.7607260726072607], [108.89318931893189, 0.7596759675967597], [108.89251425142514, 0.7596759675967597], [108.89206420642064, 0.759075907590759], [108.89161416141614, 0.7593009300930093], [108.89161416141614, 0.7599009900990099], [108.89123912391238, 0.7599009900990099], [108.89101410141014, 0.7592259225922592], [108.89056405640564, 0.7594509450945095], [108.89056405640564, 0.759075907590759], [108.89003900390038, 0.7589251425142514], [108.89003900390038, 0.7584008400840083], [108.88943894389439, 0.7585508550855086], [108.88883888388838, 0.7579507950795079], [108.88883888388838, 0.7575757575757576], [108.88943894389439, 0.7576507650765076], [108.88958895889589, 0.7571257125712572], [108.88898889888989, 0.7562256225622562], [108.88898889888989, 0.7553255325532553], [108.88958895889589, 0.7551755175517552], [108.88988898889889, 0.7552505250525052], [108.88988898889889, 0.7570507050705071], [108.89018901890189, 0.7565256525652565], [108.89101410141014, 0.7571257125712572], [108.89176417641764, 0.7568256825682568], [108.89251425142514, 0.7585508550855086], [108.89356360636064, 0.7575757575757576], [108.89348934893489, 0.7589258925892589], [108.8937893789379, 0.758025802580258], [108.89356435643565, 0.7574257425742574], [108.89446444644464, 0.756975697569757], [108.89491449144914, 0.7572007200720072], [108.89438943894389, 0.7573507350735074], [108.89461446144614, 0.7581758175817581], [108.89528952895289, 0.7581758175817581], [108.89551455145514, 0.7574257425742574], [108.8957395739574, 0.7582508250825082], [108.89596459645965, 0.7561506150615062], [108.89611461146114, 0.7566006600660066], [108.89701470147014, 0.7564506450645064], [108.8969396939694, 0.7575757575757576], [108.8973897389739, 0.7573507350735074], [108.8975397539754, 0.7587758775877588], [108.89821482148214, 0.7586258625862586], [108.89798979897989, 0.7569006900690068], [108.89821482148214, 0.7572757275727573], [108.89851485148515, 0.7567506750675067], [108.8993399339934, 0.7572007200720072], [108.8993399339934, 0.758025802580258], [108.90031503150315, 0.7587008700870087], [108.90046504650465, 0.7567506750675067], [108.89963996399639, 0.756975697569757], [108.89971497149715, 0.7563006300630063], [108.89866486648664, 0.7562256225622562], [108.89798979897989, 0.7554755475547554], [108.89761476147615, 0.756000600060006], [108.89768976897689, 0.7553255325532553], [108.89671467146714, 0.7555505550555055], [108.8966396639664, 0.754950495049505], [108.89603960396039, 0.7546504650465047], [108.8970897089709, 0.7547254725472547], [108.8975397539754, 0.7542754275427542], [108.89798979897989, 0.7536003600360036], [108.89791479147914, 0.7524752475247525], [108.89746474647464, 0.7523252325232523], [108.89731473147314, 0.7527752775277528], [108.89686468646865, 0.7525502550255025], [108.89671467146714, 0.753075307530753], [108.89723972397239, 0.753000300030003], [108.89723972397239, 0.7533753375337533], [108.8966396639664, 0.7543504350435043], [108.89611461146114, 0.7524002400240024], [108.8946894689469, 0.7506000600060005], [108.89416441644164, 0.7506000600060005], [108.89416441644164, 0.75], [108.89011401140114, 0.75], [108.88943894389439, 0.7506000600060005], [108.88913891389139, 0.75], [108.88741374137413, 0.7503000300030003], [108.88666366636663, 0.75], [108.88673867386738, 0.7522502250225023], [108.88643864386438, 0.7526252625262526], [108.88621362136213, 0.75], [108.88553855385538, 0.7500750075007501], [108.88546354635463, 0.7515751575157515], [108.88531353135313, 0.75], [108.7935793579358, 0.75], [108.79372937293729, 0.7509750975097509], [108.7923792379238, 0.7521752175217522], [108.78922892289229, 0.7531503150315031], [108.78825382538254, 0.753000300030003], [108.78855385538554, 0.7526252625262526], [108.78735373537354, 0.7505250525052505], [108.78607860786079, 0.75], [108.76657665766577, 0.75], [108.76522652265227, 0.7522502250225023], [108.76477647764777, 0.7542754275427542], [108.76515151515152, 0.7542004200420042], [108.76485148514851, 0.7546504650465047], [108.76552655265526, 0.7559255925592558], [108.76537653765376, 0.7572007200720072], [108.76590159015902, 0.7572757275727573], [108.76612661266127, 0.7582508250825082], [108.76687668766877, 0.7583258325832583], [108.76695169516951, 0.759000900090009], [108.76597659765977, 0.7602010201020102], [108.76560156015601, 0.7621512151215122], [108.76470147014702, 0.7634263426342633], [108.76282628262827, 0.7644764476447645], [108.75877587758775, 0.7617011701170117], [108.75802580258026, 0.7608760876087608], [108.75780078007801, 0.7596759675967597], [108.75795079507951, 0.7582508250825082], [108.760501050105, 0.754950495049505], [108.760501050105, 0.753075307530753], [108.75945094509451, 0.7508250825082508], [108.76065106510652, 0.75], [108.75, 0.75], [108.75, 1.0]], [[108.91666666666666, 0.7596009600960096], [108.91576657665766, 0.759000900090009], [108.91644164416441, 0.7586258625862586], [108.91756675667567, 0.7587758775877588], [108.91659165916592, 0.7591509150915091], [108.91666666666666, 0.7596009600960096]], [[108.93961896189619, 0.8762376237623762], [108.93894389438944, 0.8754875487548754], [108.93886963696369, 0.8748874887488749], [108.93969396939694, 0.875937593759376], [108.93961896189619, 0.8762376237623762]], [[108.91711671167117, 0.7579507950795079], [108.91621662166216, 0.7574257425742574], [108.91704170417042, 0.7571257125712572], [108.91711671167117, 0.7579507950795079]], [[108.91651665166516, 0.7551755175517552], [108.91674167416741, 0.7551755175517552], [108.91651665166516, 0.7553255325532553], [108.91651665166516, 0.7551755175517552]], [[108.91674167416741, 0.754950495049505], [108.91666666666666, 0.7548754875487549], [108.91674167416741, 0.7548754875487549], [108.91674167416741, 0.754950495049505]], [[108.78945394539454, 0.8400840084008401], [108.78622862286228, 0.8391089108910891], [108.78262826282628, 0.8397089708970897], [108.78045304530453, 0.8393339333933393], [108.77977797779778, 0.8396339633963397], [108.77857785778578, 0.8385088508850885], [108.77655265526553, 0.8379837983798379], [108.77625262526253, 0.8363336333633363], [108.77542754275427, 0.8355835583558355], [108.77490249024902, 0.8343834383438344], [108.77542754275427, 0.831983198319832], [108.77520252025202, 0.8301080108010801], [108.77587758775877, 0.8282328232823282], [108.77527752775278, 0.8239573957395739], [108.77580258025803, 0.8225322532253225], [108.77805280528052, 0.822007200720072], [108.78180318031804, 0.8223072307230723], [108.78330333033303, 0.822007200720072], [108.78555355535553, 0.823057305730573], [108.78660366036604, 0.8260576057605761], [108.78757875787579, 0.8266576657665766], [108.78945394539454, 0.8289078907890789], [108.79132913291329, 0.8331833183318331], [108.79207920792079, 0.8335583558355836], [108.79342934293429, 0.8361836183618362], [108.79297929792979, 0.8374587458745875], [108.79140414041404, 0.8392589258925892], [108.78945394539454, 0.8400840084008401]], [[108.87181218121812, 0.8042304230423042], [108.87098709870988, 0.8037803780378038], [108.87046204620462, 0.804005400540054], [108.87053705370536, 0.8035553555355536], [108.87091209120912, 0.8037053705370537], [108.87083708370837, 0.803030303030303], [108.86963696369637, 0.803105310531053], [108.86828682868287, 0.8025052505250525], [108.86858685868587, 0.8016801680168016], [108.86971197119712, 0.8013051305130513], [108.86956195619561, 0.8000300030003], [108.86881188118812, 0.7996549654965497], [108.86926192619262, 0.798979897989799], [108.86843684368436, 0.7965796579657966], [108.87008700870086, 0.7966546654665466], [108.87001200120012, 0.7960546054605461], [108.86933768376836, 0.7965796579657966], [108.86896189618962, 0.7958295829582958], [108.86926192619262, 0.7953795379537953], [108.87038703870387, 0.7953045304530453], [108.87098709870988, 0.7946294629462947], [108.87091209120912, 0.7938793879387939], [108.86978697869787, 0.7927542754275427], [108.86948694869487, 0.7942544254425442], [108.86903690369037, 0.7947044704470447], [108.86873687368737, 0.7937293729372937], [108.86963696369637, 0.7923792379237924], [108.87031203120311, 0.7928292829282928], [108.87143714371437, 0.7916291629162916], [108.87106210621062, 0.7907290729072907], [108.87068706870687, 0.7914791479147915], [108.87023702370237, 0.7915541554155415], [108.87016201620162, 0.7902040204020402], [108.86941194119412, 0.7906540654065406], [108.86993699369937, 0.7913291329132913], [108.86956195619561, 0.7914791479147915], [108.86918691869187, 0.7903540354035403], [108.86986198619861, 0.7896789678967897], [108.87046204620462, 0.7897539753975398], [108.87068706870687, 0.7887788778877888], [108.87128712871286, 0.7889288928892889], [108.87211221122112, 0.7876537653765376], [108.87286228622862, 0.7875787578757876], [108.87241224122413, 0.7887038703870387], [108.87128712871286, 0.7893039303930393], [108.87173717371736, 0.79005400540054], [108.87181218121812, 0.7922292229222923], [108.87211221122112, 0.7920792079207921], [108.87263726372638, 0.7929042904290429], [108.87346234623462, 0.7926042604260426], [108.87376237623762, 0.7917041704170417], [108.87488748874887, 0.7908790879087908], [108.87376237623762, 0.7893039303930393], [108.87473747374737, 0.7896039603960396], [108.87526252625263, 0.7888538853885388], [108.87578757875788, 0.7891539153915391], [108.87653765376537, 0.7887788778877888], [108.87713771377138, 0.7891539153915391], [108.87676267626763, 0.7884038403840383], [108.87751275127512, 0.7878037803780378], [108.87811281128113, 0.7917041704170417], [108.87856285628563, 0.7916291629162916], [108.87841284128413, 0.7904290429042904], [108.87878787878788, 0.7902790279027903], [108.88013801380137, 0.792004200420042], [108.88126312631263, 0.7924542454245425], [108.88126312631263, 0.7928292829282928], [108.88058805880588, 0.7924542454245425], [108.87953795379538, 0.7926792679267927], [108.87818781878188, 0.7939543954395439], [108.87833783378338, 0.7947044704470447], [108.87743774377438, 0.7937293729372937], [108.87676267626763, 0.7938793879387939], [108.87593759375937, 0.795004500450045], [108.87728772877287, 0.7952295229522952], [108.87736273627362, 0.7960546054605461], [108.87653765376537, 0.7957545754575457], [108.87586258625862, 0.7963546354635463], [108.87488748874887, 0.7957545754575457], [108.87451245124512, 0.7962796279627963], [108.87376237623762, 0.7964296429642964], [108.87338733873388, 0.7983048304830482], [108.87293729372936, 0.7982298229822982], [108.87301230123012, 0.798979897989799], [108.87151215121511, 0.8001050105010501], [108.87218721872188, 0.8014551455145514], [108.87158715871587, 0.8020552055205521], [108.87203720372037, 0.8033303330333033], [108.87181218121812, 0.8042304230423042]], [[108.88396339633964, 0.7738523852385238], [108.88373837383737, 0.7727272727272727], [108.88298829882989, 0.7728772877287728], [108.88261326132613, 0.7733273327332733], [108.88253825382537, 0.7728022802280228], [108.88171317131713, 0.7724272427242724], [108.88148814881488, 0.7719021902190218], [108.88193819381938, 0.771002100210021], [108.88253825382537, 0.7709270927092708], [108.88223822382238, 0.7701020102010201], [108.88253825382537, 0.769051905190519], [108.88201320132013, 0.7689018901890189], [108.88201320132013, 0.7684518451845184], [108.88283828382838, 0.7687518751875188], [108.88306330633063, 0.7677017701770177], [108.88358835883588, 0.7674017401740174], [108.88321332133214, 0.7668766876687668], [108.88343834383438, 0.7653015301530153], [108.88388838883888, 0.7644014401440143], [108.88433843384338, 0.7649264926492649], [108.88478847884788, 0.7647764776477648], [108.88471347134713, 0.7638763876387639], [108.88418841884189, 0.764026402640264], [108.88396339633964, 0.7637263726372637], [108.88396339633964, 0.7629012901290129], [108.88448844884488, 0.7625262526252625], [108.88433843384338, 0.7614761476147615], [108.88561356135614, 0.7621512151215122], [108.88553855385538, 0.7612511251125113], [108.88598859885988, 0.7609510951095109], [108.88561356135614, 0.7602760276027603], [108.88501350135013, 0.7605760576057605], [108.88508850885088, 0.7598259825982598], [108.88426342634263, 0.7595259525952596], [108.88426342634263, 0.7584008400840083], [108.88448844884488, 0.7571257125712572], [108.88486348634864, 0.7572007200720072], [108.88478847884788, 0.7581758175817581], [108.88568856885688, 0.7579507950795079], [108.88538853885389, 0.7573507350735074], [108.88598859885988, 0.7557005700570056], [108.88501350135013, 0.7557005700570056], [108.88478847884788, 0.7569006900690068], [108.88471347134713, 0.7547254725472547], [108.88486348634864, 0.7542754275427542], [108.88628862886289, 0.7536753675367537], [108.88703870387039, 0.7543504350435043], [108.88658865886589, 0.7547254725472547], [108.88643864386438, 0.7585508550855086], [108.88591359135913, 0.7587008700870087], [108.88643864386438, 0.7589258925892589], [108.88643864386438, 0.76005100510051], [108.88673867386738, 0.7601260126012601], [108.88733873387338, 0.7588508850885088], [108.88726372637264, 0.7572007200720072], [108.88831383138313, 0.7575757575757576], [108.88861386138613, 0.7584008400840083], [108.88763876387638, 0.7585508550855086], [108.88831383138313, 0.7591509150915091], [108.88763876387638, 0.7592259225922592], [108.88718871887188, 0.7602760276027603], [108.88733873387338, 0.7613261326132613], [108.88696369636963, 0.7624512451245125], [108.88726372637264, 0.7625262526252625], [108.88763876387638, 0.7608760876087608], [108.88831383138313, 0.7621512151215122], [108.88786378637863, 0.7622262226222623], [108.88778877887789, 0.7629762976297629], [108.88718946894689, 0.7631263126312631], [108.88703870387039, 0.7627512751275127], [108.88696369636963, 0.763051305130513], [108.88733873387338, 0.7644764476447645], [108.88688868886888, 0.7646264626462647], [108.88711371137113, 0.7652265226522652], [108.88673867386738, 0.7653765376537653], [108.88606360636064, 0.7676267626762676], [108.88606360636064, 0.7682268226822682], [108.88688868886888, 0.7679267926792679], [108.88673867386738, 0.7686768676867687], [108.88508850885088, 0.7687518751875188], [108.88508850885088, 0.7692019201920192], [108.88553855385538, 0.7692769276927692], [108.88463846384639, 0.7706270627062706], [108.88508850885088, 0.7707020702070206], [108.88486348634864, 0.7723522352235224], [108.88531353135313, 0.7729522952295229], [108.88456345634563, 0.773027302730273], [108.88396339633964, 0.7738523852385238]], [[108.86041104110411, 0.8045304530453046], [108.86011101110111, 0.8037053705370537], [108.85846084608461, 0.8039303930393039], [108.85846084608461, 0.8013801380138014], [108.8587608760876, 0.8012301230123012], [108.85846084608461, 0.8006300630063006], [108.85898589858985, 0.8007800780078007], [108.85891089108911, 0.8013801380138014], [108.85966096609661, 0.801980198019802], [108.86033603360336, 0.8017551755175517], [108.86033603360336, 0.8013801380138014], [108.85936093609361, 0.8009300930093008], [108.85943594359436, 0.8004050405040504], [108.85853585358535, 0.8001050105010501], [108.85891089108911, 0.7998049804980498], [108.85763576357635, 0.7985298529852985], [108.8574107410741, 0.7971797179717972], [108.85823582358236, 0.7965796579657966], [108.85913591359136, 0.7968046804680468], [108.8595109510951, 0.7964296429642964], [108.86011101110111, 0.7968796879687968], [108.86018601860185, 0.7962046204620462], [108.86101110111011, 0.7960546054605461], [108.86063606360636, 0.7956795679567956], [108.8611611161116, 0.7951545154515451], [108.8614611461146, 0.7953795379537953], [108.86123612361236, 0.795979597959796], [108.8623612361236, 0.7962796279627963], [108.8623612361236, 0.796954695469547], [108.86281128112812, 0.7967296729672967], [108.86423642364237, 0.7974047404740474], [108.86468646864687, 0.7971047104710471], [108.86461146114611, 0.7982298229822982], [108.86528652865286, 0.7988298829882988], [108.86536153615361, 0.7995799579957996], [108.86453645364536, 0.8001050105010501], [108.86371137113711, 0.79995499549955], [108.86251125112511, 0.8008550855085508], [108.86153615361536, 0.8010801080108011], [108.86101110111011, 0.8007800780078007], [108.86093609360935, 0.8015301530153015], [108.86183618361837, 0.8025052505250525], [108.86033603360336, 0.8026552655265526], [108.8602610261026, 0.8034803480348035], [108.86078607860786, 0.8036303630363036], [108.86078607860786, 0.8041554155415541], [108.86041104110411, 0.8045304530453046]], [[108.86273627362736, 0.7951545154515451], [108.86198619861986, 0.7941794179417941], [108.86101110111011, 0.7943294329432943], [108.86123612361236, 0.7935793579357936], [108.86431143114311, 0.7916291629162916], [108.86573657365736, 0.7913291329132913], [108.86536153615361, 0.7906540654065406], [108.86716171617161, 0.7902040204020402], [108.86701170117011, 0.791029102910291], [108.86753675367537, 0.7908790879087908], [108.86776177617762, 0.7917041704170417], [108.86693669366936, 0.7925292529252925], [108.86723672367236, 0.7929042904290429], [108.86581158115811, 0.794029402940294], [108.86633663366337, 0.7944044404440445], [108.86483648364836, 0.7945544554455446], [108.86483648364836, 0.7950795079507951], [108.86423642364237, 0.7944044404440445], [108.86281128112812, 0.7944044404440445], [108.86273627362736, 0.7951545154515451]], [[108.89161416141614, 0.7674017401740174], [108.89033903390339, 0.7671017101710171], [108.89033903390339, 0.7666516651665166], [108.89078907890789, 0.7665766576657665], [108.89063906390639, 0.7653765376537653], [108.89273927392739, 0.7655265526552655], [108.89243924392439, 0.765001500150015], [108.89168916891688, 0.7648514851485149], [108.89153915391539, 0.7641014101410141], [108.89236423642365, 0.7641764176417641], [108.89221422142214, 0.7636513651365137], [108.89266426642664, 0.7637263726372637], [108.89288928892888, 0.7644764476447645], [108.89408940894089, 0.7647014701470147], [108.89438943894389, 0.7653765376537653], [108.89506450645064, 0.7650765076507651], [108.89536453645364, 0.7655265526552655], [108.8954395439544, 0.7647014701470147], [108.89566456645665, 0.7651515151515151], [108.89648964896489, 0.7647014701470147], [108.89746474647464, 0.7660516051605161], [108.8973897389739, 0.7666516651665166], [108.8961896189619, 0.7668766876687668], [108.89596459645965, 0.7673267326732673], [108.89506450645064, 0.7667266726672667], [108.8945394539454, 0.7657515751575157], [108.89311431143113, 0.7668766876687668], [108.89251425142514, 0.7665016501650165], [108.89161416141614, 0.7670267026702671], [108.89161416141614, 0.7674017401740174]], [[108.93481848184818, 0.8795379537953796], [108.93331833183318, 0.879012901290129], [108.93324332433242, 0.8784128412841284], [108.93399339933993, 0.8778877887788779], [108.93511851185119, 0.8760876087608761], [108.93564356435643, 0.8763876387638764], [108.93504350435043, 0.8767626762676267], [108.93511851185119, 0.8774377437743774], [108.93646789678968, 0.876912691269127], [108.93669366936693, 0.8775127512751275], [108.93714371437143, 0.8775127512751275], [108.93721872187218, 0.8778877887788779], [108.93624362436243, 0.8787878787878788], [108.93624362436243, 0.8793879387938793], [108.93541854185418, 0.8794629462946295], [108.93526852685268, 0.8790879087908791], [108.93481848184818, 0.8795379537953796]], [[108.94171917191719, 0.8640864086408641], [108.94201920192019, 0.8631863186318631], [108.94149414941494, 0.8625862586258626], [108.94036903690369, 0.8624362436243624], [108.94051905190518, 0.8610861086108611], [108.94021902190218, 0.8605610561056105], [108.94104410441044, 0.8596609660966097], [108.94089408940894, 0.8592109210921092], [108.94134413441344, 0.8592859285928592], [108.94126912691269, 0.8596609660966097], [108.94194419441943, 0.8595859585958596], [108.94246924692469, 0.8616861686168616], [108.94156915691569, 0.861911191119112], [108.94216921692168, 0.8625112511251125], [108.94269426942694, 0.8624362436243624], [108.94254425442544, 0.8637863786378638], [108.94171917191719, 0.8640864086408641]], [[108.98807380738073, 0.9104410441044104], [108.98844884488449, 0.9095409540954096], [108.98792379237923, 0.9094659465946595], [108.98709870987098, 0.9084158415841584], [108.98747374737474, 0.9076657665766577], [108.98672367236723, 0.9075907590759076], [108.98754875487549, 0.9072157215721572], [108.98777377737774, 0.9064656465646564], [108.98822382238224, 0.9066906690669067], [108.98769876987699, 0.9054905490549054], [108.98822382238224, 0.9064656465646564], [108.98874887488749, 0.9063906390639064], [108.98927392739273, 0.9076657665766577], [108.98874887488749, 0.9081158115811581], [108.98942394239424, 0.9085658565856586], [108.98912391239124, 0.9087908790879088], [108.98927392739273, 0.9093159315931593], [108.98882388238823, 0.9095409540954096], [108.98919891989199, 0.9102160216021602], [108.98829882988298, 0.9106660666066606], [108.98807380738073, 0.9104410441044104]], [[108.86626162616261, 0.8325082508250825], [108.86363636363636, 0.8325082508250825], [108.86386138613861, 0.8322832283228323], [108.86258625862587, 0.8314581458145814], [108.86333633363336, 0.8306330633063306], [108.86363636363636, 0.8308580858085808], [108.86363636363636, 0.8304830483048304], [108.86528652865286, 0.8314581458145814], [108.86588658865887, 0.8315331533153315], [108.86573657365736, 0.8312331233123312], [108.86611161116112, 0.831008100810081], [108.86648664866486, 0.8313081308130813], [108.86603660366036, 0.8318331833183318], [108.86626162616261, 0.8325082508250825]], [[108.86746174617461, 0.8002550255025502], [108.86708670867087, 0.7992799279927992], [108.86626162616261, 0.799054905490549], [108.86648664866486, 0.7983798379837983], [108.86551155115511, 0.7979297929792979], [108.86551155115511, 0.7971797179717972], [108.86633663366337, 0.7979297929792979], [108.86611161116112, 0.796954695469547], [108.86656165616562, 0.7970297029702971], [108.86633663366337, 0.7961296129612961], [108.86671167116711, 0.7951545154515451], [108.86708670867087, 0.7953045304530453], [108.86708670867087, 0.796954695469547], [108.86678667866786, 0.7972547254725473], [108.86723672367236, 0.798079807980798], [108.86783678367837, 0.7974797479747975], [108.86753675367537, 0.7985298529852985], [108.86783678367837, 0.7984548454845484], [108.86768676867686, 0.7992049204920492], [108.86806180618062, 0.7992049204920492], [108.86798679867987, 0.8004050405040504], [108.86746174617461, 0.8002550255025502]], [[108.94419441944194, 0.891914191419142], [108.94404440444045, 0.8913141314131413], [108.94149414941494, 0.8881638163816381], [108.94261926192618, 0.8878637863786378], [108.94261926192618, 0.8883888388838884], [108.94479447944794, 0.8902640264026402], [108.94464446444644, 0.891989198919892], [108.94419441944194, 0.891914191419142]], [[108.95319531953194, 0.8803630363036303], [108.95109510951094, 0.87998799879988], [108.95139513951395, 0.8792379237923792], [108.9504200420042, 0.8782628262826282], [108.95034503450344, 0.8779627962796279], [108.9507200720072, 0.8784128412841284], [108.95184518451845, 0.8779627962796279], [108.9514701470147, 0.8786378637863786], [108.95154515451544, 0.8790879087908791], [108.9531203120312, 0.8777377737773777], [108.9537203720372, 0.878037803780378], [108.95394539453945, 0.8792379237923792], [108.9531203120312, 0.8789378937893789], [108.95334533453345, 0.8795379537953796], [108.95289528952895, 0.8799129912991299], [108.95319531953194, 0.8803630363036303]], [[108.93946894689469, 0.8847884788478848], [108.93864386438644, 0.8841134113411341], [108.93894389438944, 0.8833633363336334], [108.93781878187818, 0.8831383138313831], [108.93796879687969, 0.8823132313231323], [108.93639363936393, 0.881938193819382], [108.93676867686769, 0.8806630663066306], [108.93841884188419, 0.8817881788178817], [108.93946894689469, 0.883063306330633], [108.93946894689469, 0.8847884788478848]], [[108.99767476747674, 0.9240924092409241], [108.997599759976, 0.9233423342334234], [108.99624962496249, 0.9220672067206721], [108.99624962496249, 0.9213921392139214], [108.99782478247825, 0.9212421242124212], [108.9989498949895, 0.9222172217221722], [108.998799879988, 0.9228172817281728], [108.99782478247825, 0.9234173417341734], [108.99767476747674, 0.9240924092409241]], [[108.93894389438944, 0.8385838583858386], [108.93834383438343, 0.8377587758775877], [108.93879387938793, 0.8372337233723373], [108.93834383438343, 0.8367836783678367], [108.93871887188719, 0.836033603360336], [108.94044404440444, 0.8366336633663366], [108.94006900690069, 0.8370837083708371], [108.94044404440444, 0.8377587758775877], [108.93991899189919, 0.838058805880588], [108.93939393939394, 0.8378337833783378], [108.93946894689469, 0.8385838583858386], [108.93894389438944, 0.8385838583858386]], [[108.94891989198919, 0.889063906390639], [108.9483198319832, 0.8884638463846385], [108.9483198319832, 0.8877137713771377], [108.9495199519952, 0.8863636363636364], [108.95034503450344, 0.8875637563756376], [108.94989498949894, 0.8878637863786378], [108.9499699969997, 0.8887638763876388], [108.94891989198919, 0.889063906390639]], [[108.96347134713471, 0.9144914491449145], [108.96324632463246, 0.9134413441344135], [108.96204620462046, 0.9135913591359136], [108.9625712571257, 0.9135163516351635], [108.96249624962496, 0.9121669666966697], [108.9628712871287, 0.9125412541254125], [108.96317131713171, 0.9123162316231623], [108.9628712871287, 0.9117161716171617], [108.96234623462345, 0.9121662166216622], [108.9625712571257, 0.9106660666066606], [108.96302130213022, 0.9107410741074107], [108.96324632463246, 0.9123162316231623], [108.96392139213921, 0.9126162616261626], [108.96429642964296, 0.9138163816381638], [108.9637713771377, 0.913966396639664], [108.96437143714371, 0.9143414341434143], [108.96347134713471, 0.9144914491449145]], [[108.99549954995499, 0.8883138313831384], [108.99422442244224, 0.8883138313831384], [108.99407440744073, 0.8874887488748875], [108.99287428742873, 0.8878637863786378], [108.99272427242724, 0.8868886888688868], [108.99332433243323, 0.8875637563756376], [108.99362436243624, 0.8865136513651365], [108.99414941494149, 0.8862136213621362], [108.99399939994, 0.8872637263726373], [108.99459945994599, 0.8868136813681368], [108.99527452745274, 0.886963696369637], [108.99549954995499, 0.8883138313831384]], [[108.89183918391839, 0.7536003600360036], [108.89041404140414, 0.753000300030003], [108.89071407140713, 0.7518001800180018], [108.89153915391539, 0.7514251425142514], [108.89228922892289, 0.7532253225322532], [108.89296429642964, 0.7515751575157515], [108.89281428142814, 0.7534503450345034], [108.89183918391839, 0.7536003600360036]], [[108.89251425142514, 0.7724272427242724], [108.89011401140114, 0.7725772577257726], [108.88958895889589, 0.7716021602160216], [108.89191419141913, 0.7712271227122712], [108.89281428142814, 0.7716771677167716], [108.89251425142514, 0.7724272427242724]], [[108.94651965196519, 0.8363336333633363], [108.94576957695769, 0.836033603360336], [108.94584458445844, 0.8351335133513351], [108.94531953195319, 0.834983498349835], [108.94599459945994, 0.8348334833483348], [108.94599459945994, 0.834083408340834], [108.94689468946895, 0.8337083708370837], [108.94741974197419, 0.834983498349835], [108.94651965196519, 0.8363336333633363]], [[108.92821782178217, 0.8727872787278728], [108.92739273927393, 0.8724872487248725], [108.92769276927693, 0.8721872187218722], [108.92739273927393, 0.8716621662166216], [108.92776777677767, 0.8714371437143714], [108.92739273927393, 0.8710621062106211], [108.92701770177017, 0.8712121212121212], [108.92724272427242, 0.8700870087008701], [108.92769276927693, 0.8703120312031203], [108.92784278427843, 0.8713621362136214], [108.92859285928593, 0.8714371437143714], [108.92851785178517, 0.8718121812181218], [108.92911791179118, 0.8718121812181218], [108.92889288928893, 0.8713621362136214], [108.92926792679268, 0.8714371437143714], [108.92926792679268, 0.8727122712271227], [108.92866786678668, 0.8723372337233724], [108.92829282928292, 0.8723372337233724], [108.92821782178217, 0.8727872787278728]], [[108.93939393939394, 0.8805880588058805], [108.93939393939394, 0.8797629762976298], [108.93886888688868, 0.8794629462946295], [108.93901890189018, 0.8785628562856286], [108.93984398439844, 0.8783378337833784], [108.94021902190218, 0.8787878787878788], [108.94096909690968, 0.8783378337833784], [108.93991899189919, 0.8806630663066306], [108.93939393939394, 0.8805880588058805]], [[108.89603960396039, 0.7702520252025202], [108.89386438643864, 0.7701020102010201], [108.8933393339334, 0.7697269726972698], [108.8933393339334, 0.769051905190519], [108.89551455145514, 0.7692019201920192], [108.89603960396039, 0.7702520252025202]], [[108.99782478247825, 0.9457695769576958], [108.99737473747375, 0.9444944494449445], [108.9980498049805, 0.9436693669366937], [108.99872487248724, 0.9436693669366937], [108.998799879988, 0.945019501950195], [108.99782478247825, 0.9457695769576958]], [[108.87428742874287, 0.839033903390339], [108.87398739873987, 0.8379837983798379], [108.87278727872787, 0.8373837383738374], [108.87331233123312, 0.8365586558655865], [108.87398739873987, 0.837008700870087], [108.87398739873987, 0.8376087608760876], [108.87481248124813, 0.8376837683768377], [108.87481248124813, 0.839033903390339], [108.87428742874287, 0.839033903390339]], [[108.86153615361536, 0.8078307830783078], [108.86093609360935, 0.806930693069307], [108.86168616861686, 0.8064056405640564], [108.86251125112511, 0.8064056405640564], [108.86273627362736, 0.8076057605760576], [108.86176117611761, 0.8073807380738074], [108.86153615361536, 0.8078307830783078]], [[108.9435193519352, 0.885988598859886], [108.94314431443144, 0.8847134713471347], [108.94254425442544, 0.8849384938493849], [108.94246924692469, 0.8844134413441345], [108.94321932193219, 0.8845634563456346], [108.9435193519352, 0.8835133513351335], [108.9442694269427, 0.885013501350135], [108.94344434443444, 0.8851635163516351], [108.9435193519352, 0.885988598859886]], [[108.99857485748575, 0.9825982598259826], [108.997599759976, 0.981923192319232], [108.99767476747674, 0.9810981098109811], [108.998499849985, 0.9804230423042304], [108.99857485748575, 0.9825982598259826]], [[108.94696969696969, 0.8586108610861086], [108.94689468946895, 0.8566606660666066], [108.94741974197419, 0.8565106510651065], [108.94809480948095, 0.858010801080108], [108.9475697569757, 0.8587608760876088], [108.94696969696969, 0.8586108610861086]], [[108.9923492349235, 0.8813381338133813], [108.99204920492049, 0.8810381038103811], [108.99227422742274, 0.87998799879988], [108.9935493549355, 0.8804380438043804], [108.99362436243624, 0.8812631263126313], [108.9923492349235, 0.8813381338133813]], [[108.87346234623462, 0.8061056105610561], [108.87368736873687, 0.805055505550555], [108.87421242124212, 0.8047554755475548], [108.87473747374737, 0.8052805280528053], [108.87473747374737, 0.8061806180618062], [108.87346234623462, 0.8061056105610561]], [[108.89483948394839, 0.7719021902190218], [108.89341434143414, 0.7713771377137714], [108.89356435643565, 0.7702520252025202], [108.89491449144914, 0.7713771377137714], [108.89483948394839, 0.7719021902190218]], [[108.87346234623462, 0.7871287128712872], [108.87353735373537, 0.7865286528652865], [108.87443744374437, 0.7860786078607861], [108.87481248124813, 0.7852535253525352], [108.87548754875488, 0.7853285328532853], [108.87503750375038, 0.7857035703570356], [108.87526252625263, 0.7860786078607861], [108.87473747374737, 0.786003600360036], [108.87436243624362, 0.7869036903690368], [108.87346234623462, 0.7871287128712872]], [[108.9555205520552, 0.9015151515151515], [108.95559555955595, 0.9001650165016502], [108.9564206420642, 0.90001500150015], [108.9567206720672, 0.9005400540054005], [108.9561206120612, 0.900990099009901], [108.9561206120612, 0.9015901590159016], [108.9555205520552, 0.9015151515151515]], [[108.998799879988, 0.9762226222622262], [108.99789978997899, 0.9758475847584759], [108.99797479747974, 0.9745724572457246], [108.99857485748575, 0.9747224722472247], [108.998799879988, 0.9755475547554755], [108.998799879988, 0.9762226222622262]], [[108.89198919891989, 0.7682268226822682], [108.89206420642064, 0.7670267026702671], [108.8933393339334, 0.7674767476747675], [108.89281428142814, 0.7683018301830182], [108.89198919891989, 0.7682268226822682]], [[108.88051305130513, 0.8414341434143414], [108.87818781878188, 0.8409090909090908], [108.87953795379538, 0.8409090909090908], [108.87931293129313, 0.8402340234023402], [108.87976297629763, 0.8400840084008401], [108.87991299129912, 0.8410591059105911], [108.88051305130513, 0.8414341434143414]], [[108.99257425742574, 0.9765226522652265], [108.99189918991898, 0.9757725772577258], [108.9923492349235, 0.9758475847584759], [108.99272427242724, 0.9752475247524752], [108.99369936993699, 0.9752475247524752], [108.99257425742574, 0.9765226522652265]], [[108.9609210921092, 0.9113411341134113], [108.96114611461145, 0.910966096609661], [108.96077107710771, 0.9101410141014101], [108.96024602460245, 0.90999099909991], [108.96024602460245, 0.909015901590159], [108.96114611461145, 0.9097659765976598], [108.96129612961296, 0.9110411041104111], [108.9609210921092, 0.9113411341134113]], [[108.89536453645364, 0.7686768676867687], [108.89431443144314, 0.7683018301830182], [108.89446444644464, 0.7673267326732673], [108.8949894989499, 0.7678517851785178], [108.89581458145814, 0.7679267926792679], [108.89536453645364, 0.7686768676867687]], [[108.99212421242123, 0.9096909690969097], [108.99137413741374, 0.9096909690969097], [108.99137413741374, 0.9091659165916591], [108.99182418241824, 0.9093909390939094], [108.99182418241824, 0.9085658565856586], [108.99129912991299, 0.9088658865886589], [108.99152415241524, 0.9074407440744074], [108.99197419741974, 0.9076657665766577], [108.99212421242123, 0.9087158715871587], [108.99212421242123, 0.9096909690969097]], [[108.90571557155715, 0.7575007500750075], [108.9062406240624, 0.7563756375637564], [108.90601560156016, 0.7558505850585058], [108.90631563156316, 0.7557755775577557], [108.9066906690669, 0.7571257125712572], [108.90616561656165, 0.7577257725772577], [108.90571557155715, 0.7575007500750075]], [[108.94861986198619, 0.8924392439243924], [108.94719471947194, 0.8915391539153915], [108.9471197119712, 0.8908640864086409], [108.94764476447645, 0.8913891389138914], [108.94839483948394, 0.8912391239123912], [108.94861986198619, 0.8924392439243924]], [[108.88156315631564, 0.8451845184518452], [108.88073807380738, 0.8447344734473448], [108.88073807380738, 0.8435343534353436], [108.88133813381337, 0.8436843684368437], [108.88171317131713, 0.8448844884488449], [108.88156315631564, 0.8451845184518452]], [[108.98702370237024, 0.8976897689768977], [108.98634863486348, 0.8976897689768977], [108.98679867986799, 0.8968646864686468], [108.98649864986498, 0.8958145814581459], [108.98702370237024, 0.8961896189618962], [108.98717371737173, 0.8955145514551455], [108.98754875487549, 0.8960396039603961], [108.98702370237024, 0.8967896789678967], [108.98702370237024, 0.8976897689768977]], [[108.96512151215121, 0.926942694269427], [108.96489648964896, 0.9261926192619262], [108.96542154215422, 0.9261176117611761], [108.96512151215121, 0.9254425442544254], [108.96527152715271, 0.924992499249925], [108.96602160216021, 0.9267926792679267], [108.96512151215121, 0.926942694269427]], [[108.99864986498649, 0.8866636663666366], [108.99909990999099, 0.8857635763576357], [108.9995499549955, 0.8853885388538854], [108.99984998499849, 0.8861386138613861], [108.9989498949895, 0.8868886888688868], [108.99864986498649, 0.8866636663666366]], [[108.98724872487249, 0.9885238523852385], [108.98702370237024, 0.9873237323732373], [108.98747374737474, 0.9866486648664866], [108.98777377737774, 0.9885238523852385], [108.98724872487249, 0.9885238523852385]], [[108.87653765376537, 0.8414341434143414], [108.87646264626463, 0.8407590759075907], [108.87691269126913, 0.8403840384038403], [108.87751275127512, 0.8405340534053405], [108.87728772877287, 0.8412091209120912], [108.87766276627663, 0.8415841584158416], [108.87653765376537, 0.8414341434143414]], [[108.87728772877287, 0.7797029702970297], [108.87601260126013, 0.7797029702970297], [108.87623762376238, 0.7791779177917791], [108.87661266126612, 0.7789528952895289], [108.87646264626463, 0.7794779477947795], [108.87683768376837, 0.7796279627962797], [108.87803780378037, 0.7782778277827782], [108.87728772877287, 0.7797029702970297]], [[108.9589708970897, 0.9091659165916591], [108.95867086708671, 0.9079657965796579], [108.95987098709871, 0.9071407140714072], [108.95912091209121, 0.9083408340834084], [108.95934593459346, 0.9090909090909091], [108.9589708970897, 0.9091659165916591]], [[108.93826882688269, 0.876987698769877], [108.93841884188419, 0.8760876087608761], [108.93811881188118, 0.8761626162616262], [108.93804380438044, 0.8755625562556255], [108.93901890189018, 0.8766876687668766], [108.93894389438944, 0.8772127212721272], [108.93826882688269, 0.876987698769877]], [[108.96107110711071, 0.9123912391239124], [108.96084608460846, 0.9117161716171617], [108.96144614461446, 0.9120912091209121], [108.96152115211521, 0.9111161116111611], [108.9621212121212, 0.9120912091209121], [108.9616711671167, 0.9124662466246625], [108.96107110711071, 0.9123912391239124]], [[108.93886888688868, 0.8555355535553555], [108.93744374437443, 0.8554605460546054], [108.93789378937893, 0.8546354635463547], [108.93871887188719, 0.855010501050105], [108.93811881188118, 0.8552355235523552], [108.93886888688868, 0.8555355535553555]], [[108.99542454245424, 0.8958145814581459], [108.995199519952, 0.894989498949895], [108.9947494749475, 0.8947644764476448], [108.9947494749475, 0.8945394539453946], [108.99534953495349, 0.8945394539453946], [108.99609960996099, 0.8954395439543954], [108.9959495949595, 0.895964596459646], [108.99542454245424, 0.8958145814581459]], [[108.95912091209121, 0.8978397839783978], [108.9592709270927, 0.8973147314731473], [108.95889588958896, 0.8970897089708971], [108.95904590459045, 0.8965646564656465], [108.9600210021002, 0.8973147314731473], [108.95942094209421, 0.898064806480648], [108.95912091209121, 0.8978397839783978]], [[108.98934893489348, 0.9012901290129013], [108.98927392739273, 0.8996399639963997], [108.98964896489649, 0.8994899489948995], [108.98949894989498, 0.899039903990399], [108.98987398739874, 0.899039903990399], [108.99009900990099, 0.8997899789978998], [108.98964896489649, 0.8997899789978998], [108.98957395739573, 0.9012151215121512], [108.98979897989798, 0.9013651365136514], [108.98934893489348, 0.9012901290129013]], [[108.87818781878188, 0.7775277527752775], [108.87811281128113, 0.7767776777677767], [108.87893789378937, 0.7761776177617762], [108.87863786378638, 0.7776027602760276], [108.87818781878188, 0.7775277527752775]], [[108.94246924692469, 0.8804380438043804], [108.94134413441344, 0.8799129912991299], [108.94201920192019, 0.8792379237923792], [108.94261926192618, 0.8800630063006301], [108.94246924692469, 0.8804380438043804]], [[108.98777377737774, 0.985973597359736], [108.98694869486948, 0.9856735673567357], [108.98702370237024, 0.984998499849985], [108.98769876987699, 0.9847734773477348], [108.98777377737774, 0.985973597359736]], [[108.99339933993399, 0.891914191419142], [108.9935493549355, 0.8912391239123912], [108.99324932493249, 0.8906390639063906], [108.99407440744073, 0.8913891389138914], [108.99407440744073, 0.891989198919892], [108.99339933993399, 0.891914191419142]], [[108.94336933693369, 0.863036303630363], [108.94336933693369, 0.8625112511251125], [108.94419441944194, 0.861986198619862], [108.9442694269427, 0.863036303630363], [108.94336933693369, 0.863036303630363]], [[108.86288628862886, 0.810981098109811], [108.86348634863486, 0.8101560156015601], [108.86416141614161, 0.81000600060006], [108.86378637863787, 0.810981098109811], [108.86288628862886, 0.810981098109811]], [[108.98064806480647, 0.996024602460246], [108.97974797479748, 0.9952745274527453], [108.98004800480048, 0.9945244524452446], [108.98042304230422, 0.9945994599459946], [108.98019801980197, 0.9951245124512451], [108.98087308730872, 0.9954995499549955], [108.98064806480647, 0.996024602460246]], [[108.9588208820882, 0.8836633663366337], [108.95784578457845, 0.8832883288328832], [108.9585208520852, 0.8831383138313831], [108.95874587458745, 0.8826132613261326], [108.95822082208221, 0.8822382238223823], [108.9588208820882, 0.8821632163216322], [108.95912091209121, 0.882988298829883], [108.9588208820882, 0.8836633663366337]], [[108.96527152715271, 0.915991599159916], [108.96527152715271, 0.9156165616561656], [108.96459645964596, 0.9152415241524152], [108.96549654965496, 0.9147914791479148], [108.96572157215721, 0.9160666066606661], [108.96527152715271, 0.915991599159916]], [[108.87736273627362, 0.7854785478547854], [108.87713771377138, 0.785028502850285], [108.87743774377438, 0.7848784878487849], [108.87818781878188, 0.7848784878487849], [108.87848784878487, 0.7852535253525352], [108.87833783378338, 0.7856285628562856], [108.87736273627362, 0.7854785478547854]], [[108.89206420642064, 0.7635763576357636], [108.89101410141014, 0.7632763276327632], [108.89123912391238, 0.7626012601260126], [108.89198919891989, 0.7629762976297629], [108.89206420642064, 0.7635763576357636]], [[108.9568706870687, 0.906015601560156], [108.95739573957395, 0.904965496549655], [108.95799579957995, 0.9054905490549054], [108.9568706870687, 0.906015601560156]], [[108.94179417941794, 0.8508100810081007], [108.94209420942094, 0.8502100210021002], [108.94291929192919, 0.8507350735073507], [108.9423192319232, 0.851035103510351], [108.94179417941794, 0.8508100810081007]], [[108.99047404740473, 0.9584458445844585], [108.99024902490248, 0.9578457845784578], [108.99077407740774, 0.9573207320732073], [108.99092409240923, 0.9585208520852085], [108.99047404740473, 0.9584458445844585]], [[108.98672367236723, 0.9015151515151515], [108.98589858985898, 0.9006150615061506], [108.98604860486049, 0.8994149414941495], [108.98649864986498, 0.8998649864986499], [108.98619861986198, 0.9006150615061506], [108.98679867986799, 0.9010651065106511], [108.98672367236723, 0.9015151515151515]], [[108.99047404740473, 0.9777227722772277], [108.98964896489649, 0.9773477347734774], [108.98987398739874, 0.9764476447644764], [108.99062406240624, 0.9774227422742274], [108.99047404740473, 0.9777227722772277]], [[108.88741374137413, 0.7536003600360036], [108.88621362136213, 0.7534503450345034], [108.88621362136213, 0.7531503150315031], [108.88726372637264, 0.753000300030003], [108.88741374137413, 0.7536003600360036]], [[108.93954395439543, 0.8627362736273627], [108.93954395439543, 0.8613111311131113], [108.93999399939993, 0.860936093609361], [108.93954395439543, 0.8627362736273627]], [[108.93076807680768, 0.8517851785178517], [108.93046804680468, 0.8508100810081007], [108.93114311431142, 0.8502850285028503], [108.93129312931293, 0.8511851185118512], [108.93076807680768, 0.8517851785178517]], [[108.998799879988, 0.925967596759676], [108.99827482748275, 0.9246924692469247], [108.99872487248724, 0.9245424542454246], [108.9989498949895, 0.9255175517551755], [108.998799879988, 0.925967596759676]], [[108.98574857485748, 0.8997149714971497], [108.98499849984998, 0.8988148814881488], [108.98522352235223, 0.8984398439843985], [108.98552355235523, 0.8991149114911491], [108.98559855985599, 0.8987398739873987], [108.98597359735973, 0.8988898889888989], [108.98574857485748, 0.8997149714971497]], [[108.95574557455745, 0.8834383438343835], [108.95484548454846, 0.8824632463246325], [108.9549204920492, 0.8822382238223823], [108.95582058205821, 0.8825382538253825], [108.95574557455745, 0.8834383438343835]], [[108.94119411941193, 0.8868886888688868], [108.94074407440743, 0.8860636063606361], [108.94134413441344, 0.8859135913591359], [108.94119411941193, 0.8868886888688868]], [[108.98094809480948, 0.9762226222622262], [108.98019801980197, 0.9757725772577258], [108.98027302730273, 0.9750975097509751], [108.98102310231023, 0.9756975697569757], [108.98094809480948, 0.9762226222622262]], [[108.98544854485448, 0.9726222622262226], [108.98522352235223, 0.9716471647164716], [108.98537353735374, 0.9712721272127213], [108.98589858985898, 0.9718721872187218], [108.98582358235824, 0.9726972697269727], [108.98544854485448, 0.9726222622262226]], [[108.93879387938793, 0.8722622262226223], [108.93849384938494, 0.8715871587158716], [108.93924392439244, 0.8712871287128713], [108.93916891689169, 0.8718871887188719], [108.93879387938793, 0.8722622262226223]], [[108.95274527452744, 0.8955145514551455], [108.9529702970297, 0.8952145214521452], [108.95244524452445, 0.8948394839483949], [108.9525202520252, 0.8943144314431443], [108.9522202220222, 0.8943894389438944], [108.95259525952595, 0.8938643864386439], [108.9528202820282, 0.8948394839483949], [108.95319531953194, 0.8948394839483949], [108.95319531953194, 0.8953645364536453], [108.95274527452744, 0.8955145514551455]], [[108.88006300630063, 0.8042304230423042], [108.87946294629462, 0.8037053705370537], [108.88028802880288, 0.803030303030303], [108.88006300630063, 0.8042304230423042]], [[108.89746474647464, 0.7735523552355236], [108.89656465646564, 0.7732523252325232], [108.89768976897689, 0.7727272727272727], [108.89746474647464, 0.7735523552355236]], [[108.93624362436243, 0.8661866186618662], [108.93654365436544, 0.865961596159616], [108.93609360936094, 0.8657365736573657], [108.93654365436544, 0.8654365436543654], [108.93721872187218, 0.8655865586558655], [108.93661866186618, 0.8662616261626163], [108.93624362436243, 0.8661866186618662]], [[108.98987398739874, 0.9097659765976598], [108.98957395739573, 0.9091659165916591], [108.99024902490248, 0.9096159615961597], [108.99069906990698, 0.9091659165916591], [108.99062406240624, 0.9098409840984099], [108.98987398739874, 0.9097659765976598]], [[108.94201920192019, 0.8731623162316231], [108.94216921692168, 0.8725622562256226], [108.94171917191719, 0.8721872187218722], [108.94254425442544, 0.8724872487248725], [108.94261926192618, 0.8733123312331232], [108.94201920192019, 0.8731623162316231]], [[108.98102310231023, 0.9264176417641764], [108.98049804980498, 0.9253675367536753], [108.98094809480948, 0.9255925592559255], [108.98117311731173, 0.9252175217521752], [108.98102310231023, 0.9264176417641764]], [[108.93991899189919, 0.8646864686468647], [108.93924392439244, 0.864011401140114], [108.93924392439244, 0.8636363636363636], [108.93969396939694, 0.8641614161416141], [108.94036903690369, 0.864011401140114], [108.93991899189919, 0.8646864686468647]], [[108.997299729973, 0.9108160816081609], [108.99737473747375, 0.9102910291029103], [108.9980498049805, 0.9105160516051605], [108.99774977497749, 0.9110411041104111], [108.997299729973, 0.9108160816081609]], [[108.98747374737474, 0.9045904590459046], [108.98702370237024, 0.903990399039904], [108.98747374737474, 0.9036903690369037], [108.98777377737774, 0.9025652565256526], [108.98747374737474, 0.9045904590459046]], [[108.87488748874887, 0.7813531353135313], [108.87556255625563, 0.7801530153015301], [108.87601260126013, 0.7801530153015301], [108.87488748874887, 0.7813531353135313]], [[108.98994899489949, 0.9013651365136514], [108.99002400240023, 0.900990099009901], [108.99107410741074, 0.9012151215121512], [108.99062406240624, 0.9015901590159016], [108.98994899489949, 0.9013651365136514]], [[108.98934893489348, 0.8918391839183918], [108.98852385238523, 0.8914641464146414], [108.98867386738674, 0.8907890789078907], [108.98897389738974, 0.8915391539153915], [108.98972397239723, 0.8912391239123912], [108.98934893489348, 0.8918391839183918]], [[108.98927392739273, 0.8832133213321331], [108.98904890489048, 0.8823882388238824], [108.98972397239723, 0.8821632163216322], [108.98964896489649, 0.8828382838283828], [108.98927392739273, 0.8832133213321331]], [[108.96752175217522, 0.9135163516351635], [108.96707170717072, 0.9132163216321632], [108.96714671467146, 0.9123912391239124], [108.96759675967597, 0.9127662766276627], [108.96752175217522, 0.9135163516351635]], [[108.97869786978697, 0.8928892889288929], [108.97779777977797, 0.8928142814281428], [108.97899789978997, 0.8921392139213922], [108.97869786978697, 0.8928892889288929]], [[108.99579957995799, 0.8833633363336334], [108.9959495949595, 0.8828382838283828], [108.99654965496549, 0.8829132913291329], [108.99662466246625, 0.8835133513351335], [108.99579957995799, 0.8833633363336334]], [[108.99152415241524, 0.9485448544854486], [108.99144914491448, 0.9478697869786978], [108.99189918991898, 0.9477197719771977], [108.99212421242123, 0.9484698469846985], [108.99152415241524, 0.9485448544854486]], [[108.99017401740174, 0.9754725472547254], [108.98942394239424, 0.975022502250225], [108.98934893489348, 0.9745724572457246], [108.98979897989798, 0.9745724572457246], [108.99017401740174, 0.9754725472547254]], [[108.96609660966097, 0.9120912091209121], [108.96654665466546, 0.910966096609661], [108.96669666966696, 0.910966096609661], [108.96684668466847, 0.9116411641164116], [108.96609660966097, 0.9120912091209121]], [[108.93729372937294, 0.8379087908790879], [108.93736873687368, 0.8372337233723373], [108.93811881188118, 0.8377587758775877], [108.93804380438044, 0.8379837983798379], [108.93729372937294, 0.8379087908790879]], [[108.93834383438343, 0.8733873387338733], [108.93841884188419, 0.8725622562256226], [108.93879387938793, 0.8723372337233724], [108.93864386438644, 0.873087308730873], [108.93894389438944, 0.8729372937293729], [108.93909390939093, 0.8733123312331232], [108.93834383438343, 0.8733873387338733]], [[108.89521452145215, 0.7725022502250225], [108.89521452145215, 0.7720522052205221], [108.8957395739574, 0.7716771677167716], [108.8957395739574, 0.7724272427242724], [108.89521452145215, 0.7725022502250225]], [[108.85981098109811, 0.8064056405640564], [108.85936093609361, 0.8055055505550555], [108.85981098109811, 0.8053555355535553], [108.86003600360036, 0.8057305730573057], [108.85981098109811, 0.8064056405640564]], [[108.97779777977797, 0.9368436843684368], [108.97712271227122, 0.9360936093609361], [108.97734773477347, 0.9354935493549354], [108.97779777977797, 0.9368436843684368]], [[108.86468646864687, 0.8024302430243024], [108.86491149114912, 0.8017551755175517], [108.86551155115511, 0.801980198019802], [108.86498649864987, 0.8026552655265526], [108.86468646864687, 0.8024302430243024]], [[108.92679267926792, 0.8542604260426042], [108.92656765676567, 0.8535853585358536], [108.92709270927092, 0.8533603360336033], [108.92724272427242, 0.8541104110411041], [108.92679267926792, 0.8542604260426042]], [[108.88891389138914, 0.8336333633363336], [108.88808880888088, 0.8336333633363336], [108.88808880888088, 0.833033303330333], [108.88891389138914, 0.8336333633363336]], [[108.98372337233722, 0.9617461746174617], [108.98349834983497, 0.960996099609961], [108.98387338733873, 0.9608460846084609], [108.98409840984098, 0.9618211821182118], [108.98372337233722, 0.9617461746174617]], [[108.97802280228022, 0.9156165616561656], [108.97712271227122, 0.9153165316531653], [108.97704770477047, 0.9145664566456646], [108.97764776477648, 0.9147164716471647], [108.97802280228022, 0.9156165616561656]], [[108.87863786378638, 0.8028052805280528], [108.87811281128113, 0.8024302430243024], [108.87811281128113, 0.8017551755175517], [108.87871287128712, 0.8023552355235524], [108.87863786378638, 0.8028052805280528]], [[108.96399639963997, 0.9162916291629163], [108.96407140714071, 0.9155415541554155], [108.9645214521452, 0.9154665466546654], [108.96459645964596, 0.915991599159916], [108.96399639963997, 0.9162916291629163]], [[108.99084908490849, 0.9086408640864087], [108.99107410741074, 0.9077407740774077], [108.99077407740774, 0.9076657665766577], [108.99099909990998, 0.9075907590759076], [108.99122412241223, 0.9077407740774077], [108.9911491149115, 0.9088658865886589], [108.99084908490849, 0.9086408640864087]], [[108.98799879987999, 0.9971497149714972], [108.98844884488449, 0.9968496849684968], [108.98919891989199, 0.996999699969997], [108.98897389738974, 0.9972997299729973], [108.98799879987999, 0.9971497149714972]], [[108.89236423642365, 0.7746774677467747], [108.89153915391539, 0.7746024602460246], [108.89153915391539, 0.7741524152415241], [108.89221422142214, 0.7742274227422742], [108.89236423642365, 0.7746774677467747]], [[108.8970897089709, 0.7701020102010201], [108.89648964896489, 0.7695019501950195], [108.89723972397239, 0.7696519651965197], [108.8970897089709, 0.7701020102010201]], [[108.93796879687969, 0.8797629762976298], [108.93736873687368, 0.8791629162916291], [108.93736873687368, 0.8787128712871287], [108.93804380438044, 0.8793879387938793], [108.93796879687969, 0.8797629762976298]], [[108.89491449144914, 0.7641764176417641], [108.8942394239424, 0.7634263426342633], [108.89438943894389, 0.7631263126312631], [108.89491449144914, 0.7636513651365137], [108.89491449144914, 0.7641764176417641]], [[108.98387338733873, 0.9992499249924992], [108.98349834983497, 0.9986498649864987], [108.98417341734174, 0.9987998799879988], [108.98387338733873, 0.9992499249924992]], [[108.99219921992199, 0.8918391839183918], [108.99159915991599, 0.8916141614161416], [108.99137413741374, 0.8912391239123912], [108.9923492349235, 0.8913891389138914], [108.99219921992199, 0.8918391839183918]], [[108.93646864686468, 0.8748124812481248], [108.93639363936393, 0.8741374137413741], [108.93706870687069, 0.874062406240624], [108.93699369936994, 0.8745874587458746], [108.93646864686468, 0.8748124812481248]], [[108.89123912391238, 0.7625262526252625], [108.89048904890488, 0.7621512151215122], [108.89056405640564, 0.7617761776177617], [108.89108910891089, 0.7619261926192619], [108.89123912391238, 0.7625262526252625]], [[108.9567206720672, 0.8979147914791479], [108.95649564956496, 0.8970147014701471], [108.95709570957095, 0.8967896789678967], [108.9567206720672, 0.8979147914791479]], [[108.88981398139813, 0.7650765076507651], [108.88868886888689, 0.7649264926492649], [108.88868886888689, 0.7647764776477648], [108.88981398139813, 0.7650765076507651]], [[108.98162316231623, 0.9207920792079208], [108.98192319231923, 0.92004200420042], [108.98259825982598, 0.9198919891989199], [108.98184818481847, 0.9204920492049204], [108.98192319231923, 0.921017101710171], [108.98162316231623, 0.9207920792079208]], [[108.88268826882688, 0.8401590159015901], [108.88231323132312, 0.8397839783978398], [108.88238823882388, 0.8394839483948395], [108.88313831383138, 0.84000900090009], [108.88268826882688, 0.8401590159015901]], [[108.99092409240923, 0.9066156615661566], [108.99077407740774, 0.905940594059406], [108.99129912991299, 0.9058655865586559], [108.99107410741074, 0.9061656165616562], [108.99137413741374, 0.9066156615661566], [108.99092409240923, 0.9066156615661566]], [[108.99497449744975, 0.8907890789078907], [108.99437443744374, 0.8901890189018902], [108.9944494449445, 0.88996399639964], [108.99504950495049, 0.8904140414041404], [108.99497449744975, 0.8907890789078907]], [[108.94224422442244, 0.8371587158715872], [108.94239423942393, 0.8367086708670867], [108.94291929192919, 0.8368586858685868], [108.94276927692769, 0.8373087308730873], [108.94224422442244, 0.8371587158715872]], [[108.99917491749174, 0.9477947794779478], [108.99887488748874, 0.9471197119711972], [108.99947494749475, 0.9472697269726973], [108.99917491749174, 0.9477947794779478]], [[108.97614761476147, 0.9464446444644464], [108.97584758475847, 0.9462196219621962], [108.97584758475847, 0.9457695769576958], [108.97659765976597, 0.9461446144614462], [108.97614761476147, 0.9464446444644464]], [[108.91959195919591, 0.7548004800480048], [108.91951695169517, 0.7542004200420042], [108.91974197419742, 0.7545004500450045], [108.91996699669967, 0.754050405040504], [108.92049204920492, 0.7542004200420042], [108.91959195919591, 0.7548004800480048]], [[108.99009900990099, 0.8920642064206421], [108.99002400240023, 0.8913141314131413], [108.99099909990998, 0.8913891389138914], [108.99009900990099, 0.8914641464146414], [108.99009900990099, 0.8920642064206421]], [[108.9451695169517, 0.8370837083708371], [108.94539453945394, 0.8366336633663366], [108.94584458445844, 0.8368586858685868], [108.9454695469547, 0.8373087308730873], [108.9451695169517, 0.8370837083708371]], [[108.98664866486648, 0.9022652265226523], [108.98657365736574, 0.9018151815181518], [108.98709870987098, 0.9016651665166516], [108.98709870987098, 0.9022652265226523], [108.98664866486648, 0.9022652265226523]], [[108.95664566456645, 0.8846384638463847], [108.95694569456946, 0.8841884188418841], [108.95747074707471, 0.8842634263426342], [108.9573207320732, 0.8847134713471347], [108.95664566456645, 0.8846384638463847]], [[108.93796879687969, 0.8728622862286228], [108.93736873687368, 0.8724122412241224], [108.93751875187519, 0.871962196219622], [108.93796879687969, 0.8722622262226223], [108.93796879687969, 0.8728622862286228]], [[108.91134113411341, 0.7527752775277528], [108.91066606660665, 0.7521002100210021], [108.91111611161116, 0.7520252025202521], [108.91134113411341, 0.7527752775277528]], [[108.97224722472247, 0.9071407140714072], [108.97269726972696, 0.9065406540654065], [108.97307230723072, 0.9065406540654065], [108.97254725472547, 0.9072907290729073], [108.97224722472247, 0.9071407140714072]], [[108.997599759976, 0.909015901590159], [108.99774977497749, 0.9086408640864087], [108.9983498349835, 0.9087908790879088], [108.99819981998199, 0.9091659165916591], [108.997599759976, 0.909015901590159]], [[108.93924392439244, 0.8820132013201321], [108.93879387938793, 0.8815631563156315], [108.93939393939394, 0.8811881188118812], [108.93924392439244, 0.8820132013201321]], [[108.9475697569757, 0.8940894089408941], [108.94696969696969, 0.8938643864386439], [108.94704470447044, 0.8933393339333934], [108.94764476447645, 0.8936393639363936], [108.9475697569757, 0.8940894089408941]], [[108.91869186918692, 0.7595259525952596], [108.91779177917792, 0.7589258925892589], [108.91779177917792, 0.7586258625862586], [108.91831683168317, 0.7587758775877588], [108.91869186918692, 0.7595259525952596]], [[108.99549954995499, 0.9004650465046504], [108.99557455745574, 0.90001500150015], [108.99609960996099, 0.9001650165016502], [108.9959495949595, 0.9006150615061506], [108.99549954995499, 0.9004650465046504]], [[108.98927392739273, 0.9963246324632463], [108.98844884488449, 0.9957245724572458], [108.98844884488449, 0.9954995499549955], [108.98942394239424, 0.996024602460246], [108.98927392739273, 0.9963246324632463]], [[108.79680468046804, 0.7566756675667566], [108.79725472547254, 0.7562256225622562], [108.7976297629763, 0.7563756375637564], [108.79710471047105, 0.7569006900690068], [108.79680468046804, 0.7566756675667566]], [[108.95912091209121, 0.8864386438643864], [108.95859585958596, 0.8861386138613861], [108.95859585958596, 0.8855385538553855], [108.95904590459045, 0.8856885688568856], [108.95912091209121, 0.8864386438643864]], [[108.94329432943294, 0.8800630063006301], [108.94344434443444, 0.8795379537953796], [108.94389438943894, 0.8799129912991299], [108.94359435943593, 0.8802880288028803], [108.94329432943294, 0.8800630063006301]], [[108.89723972397239, 0.7646264626462647], [108.89701470147014, 0.7638013801380138], [108.8973897389739, 0.7635763576357636], [108.89723972397239, 0.7646264626462647]], [[108.92904290429043, 0.8529102910291029], [108.92919291929192, 0.8523852385238524], [108.92956795679568, 0.8525352535253525], [108.92956795679568, 0.853060306030603], [108.92904290429043, 0.8529102910291029]], [[108.98034803480347, 0.8933393339333934], [108.98042304230422, 0.8925142514251425], [108.98079807980798, 0.8926642664266426], [108.98034803480347, 0.8933393339333934]], [[108.99212421242123, 0.8988148814881488], [108.99167416741673, 0.897989798979898], [108.99204920492049, 0.897989798979898], [108.99212421242123, 0.8988148814881488]], [[108.9935493549355, 0.9000900090009001], [108.99369936993699, 0.8992649264926492], [108.99399939994, 0.8991899189918992], [108.99392439243924, 0.8999399939994], [108.9935493549355, 0.9000900090009001]], [[108.98934893489348, 0.9057905790579058], [108.98912391239124, 0.9056405640564056], [108.98949894989498, 0.9053405340534053], [108.98927392739273, 0.9047404740474048], [108.98964896489649, 0.9051155115511551], [108.98934893489348, 0.9057905790579058]], [[108.88906390639063, 0.7548754875487549], [108.8885388538854, 0.7545004500450045], [108.88906390639063, 0.7542754275427542], [108.88906390639063, 0.7548754875487549]], [[108.98004800480048, 0.9902490249024902], [108.98042304230422, 0.9897239723972397], [108.98064806480647, 0.9897989798979898], [108.98064806480647, 0.9902490249024902], [108.98004800480048, 0.9902490249024902]], [[108.88823882388239, 0.7554005400540054], [108.88801380138014, 0.7544254425442544], [108.88823882388239, 0.7544254425442544], [108.88823882388239, 0.7554005400540054]], [[108.9526702670267, 0.8545604560456046], [108.9528202820282, 0.8541104110411041], [108.9532703270327, 0.8541854185418541], [108.9531203120312, 0.8547104710471047], [108.9526702670267, 0.8545604560456046]], [[108.98964896489649, 0.9725472547254725], [108.98957395739573, 0.9720972097209721], [108.99002400240023, 0.9720222022202221], [108.99009900990099, 0.9725472547254725], [108.98964896489649, 0.9725472547254725]], [[108.87976297629763, 0.8349084908490849], [108.87998799879988, 0.8343084308430843], [108.88036303630363, 0.8338583858385838], [108.88013801380137, 0.8349084908490849], [108.87976297629763, 0.8349084908490849]], [[108.89806480648065, 0.7686768676867687], [108.8981398139814, 0.7682268226822682], [108.8985898589859, 0.7683768376837683], [108.89851485148515, 0.7688268826882688], [108.89806480648065, 0.7686768676867687]], [[108.88943894389439, 0.7641014101410141], [108.88906390639063, 0.7635763576357636], [108.8897389738974, 0.7637263726372637], [108.88943894389439, 0.7641014101410141]], [[108.97712271227122, 0.8934893489348935], [108.97734773477347, 0.8928892889288929], [108.97779777977797, 0.8929650465046505], [108.97757275727572, 0.8935643564356436], [108.97712271227122, 0.8934893489348935]], [[108.89656465646564, 0.769051905190519], [108.89656465646564, 0.7686018601860186], [108.8969396939694, 0.7685268526852685], [108.8970897089709, 0.768976897689769], [108.89656465646564, 0.769051905190519]], [[108.94396939693969, 0.873987398739874], [108.94336933693369, 0.8735373537353736], [108.94366936693669, 0.8733123312331232], [108.94396939693969, 0.873987398739874]], [[108.98102310231023, 0.9771227122712272], [108.98049804980498, 0.9768226822682268], [108.98057305730573, 0.9763726372637264], [108.98102310231023, 0.9764476447644764], [108.98102310231023, 0.9771227122712272]], [[108.96152115211521, 0.9081908190819081], [108.96152115211521, 0.9073657365736574], [108.9616711671167, 0.9073657365736574], [108.96189618961895, 0.9078157815781578], [108.96152115211521, 0.9081908190819081]], [[108.93984398439844, 0.8496849684968497], [108.93946894689469, 0.8492349234923492], [108.93984398439844, 0.849084908490849], [108.93984398439844, 0.8496849684968497]], [[108.87323732373237, 0.7903540354035403], [108.87263726372638, 0.7899039903990399], [108.87316231623161, 0.7897539753975398], [108.87323732373237, 0.7903540354035403]], [[108.95319531953194, 0.8810381038103811], [108.95379537953795, 0.8805130513051305], [108.95394539453945, 0.880963096309631], [108.95319531953194, 0.8810381038103811]], [[108.99624962496249, 0.9765226522652265], [108.99654965496549, 0.975997599759976], [108.99692469246924, 0.975997599759976], [108.99669966996699, 0.9764476447644764], [108.99624962496249, 0.9765226522652265]], [[108.98012301230122, 0.8964146414641464], [108.97974797479748, 0.895964596459646], [108.98019801980197, 0.8958145814581459], [108.98012301230122, 0.8964146414641464]], [[108.93556855685569, 0.8806630663066306], [108.93541854185418, 0.8801380138013801], [108.93571857185718, 0.8800630063006301], [108.93601860186018, 0.8804380438043804], [108.93556855685569, 0.8806630663066306]], [[108.9466696669667, 0.8416591659165916], [108.9468196819682, 0.8413591359135913], [108.94726972697269, 0.8412841284128413], [108.94719471947194, 0.8418091809180918], [108.9466696669667, 0.8416591659165916]], [[108.97937293729373, 0.8938643864386439], [108.97899789978997, 0.8932643264326432], [108.97944794479447, 0.8934143414341434], [108.97937293729373, 0.8938643864386439]], [[108.95364536453646, 0.9036153615361536], [108.9532703270327, 0.903090309030903], [108.9537203720372, 0.903015301530153], [108.95364536453646, 0.9036153615361536]], [[108.99797479747974, 0.9160666066606661], [108.997599759976, 0.9154665466546654], [108.99797479747974, 0.9153915391539154], [108.99797479747974, 0.9160666066606661]], [[108.92896789678967, 0.8706120612061206], [108.92821782178217, 0.8703120312031203], [108.92881788178818, 0.8702370237023702], [108.92896789678967, 0.8706120612061206]], [[108.99609960996099, 0.9227422742274227], [108.99549954995499, 0.9228172817281728], [108.99557455745574, 0.9222922292229223], [108.99609960996099, 0.9227422742274227]], [[108.88576357635763, 0.771977197719772], [108.88561356135614, 0.7714521452145214], [108.88613861386138, 0.7715271527152715], [108.88576357635763, 0.771977197719772]], [[108.98207320732072, 0.9029402940294029], [108.98207320732072, 0.9023402340234024], [108.98252325232522, 0.9025652565256526], [108.98207320732072, 0.9029402940294029]], [[108.99842484248424, 0.918991899189919], [108.99789978997899, 0.9185418541854186], [108.99827482748275, 0.9184668466846685], [108.99842484248424, 0.918991899189919]], [[108.8909390939094, 0.7548004800480048], [108.8909390939094, 0.7542004200420042], [108.89161416141614, 0.7543504350435043], [108.8909390939094, 0.7548004800480048]], [[108.93631863186319, 0.8277077707770777], [108.93564356435643, 0.8273327332733273], [108.93564356435643, 0.8270327032703271], [108.93631863186319, 0.8274077407740774], [108.93631863186319, 0.8277077707770777]], [[108.94299429942994, 0.8623612361236124], [108.94239423942393, 0.861986198619862], [108.94321932193219, 0.861986198619862], [108.94299429942994, 0.8623612361236124]], [[108.94419441944194, 0.8543354335433543], [108.94419441944194, 0.8535853585358536], [108.94441944194419, 0.8535103510351035], [108.94449444944495, 0.8544104410441045], [108.94419441944194, 0.8543354335433543]], [[108.99617461746175, 0.9777977797779778], [108.99632463246324, 0.9774977497749775], [108.99669966996699, 0.9775727572757276], [108.99654965496549, 0.978022802280228], [108.99617461746175, 0.9777977797779778]], [[108.91006600660066, 0.759075907590759], [108.91006600660066, 0.7585508550855086], [108.91029102910291, 0.7584758475847584], [108.9104410441044, 0.7592259225922592], [108.91006600660066, 0.759075907590759]], [[108.87316231623161, 0.8361836183618362], [108.87301230123012, 0.8355835583558355], [108.87331233123312, 0.8356585658565856], [108.87316231623161, 0.8361836183618362]], [[108.97562256225622, 0.9294929492949295], [108.97532253225322, 0.929042904290429], [108.97569756975697, 0.9288928892889289], [108.97562256225622, 0.9294929492949295]], [[108.94141914191418, 0.850960096009601], [108.94081908190819, 0.8507350735073507], [108.94074407440743, 0.8502850285028503], [108.94141914191418, 0.850960096009601]], [[108.9543204320432, 0.8544104410441045], [108.95462046204621, 0.8538853885388539], [108.95484548454846, 0.8543354335433543], [108.9543204320432, 0.8544104410441045]], [[108.99909990999099, 0.8939393939393939], [108.99887488748874, 0.8933393339333934], [108.99939993999399, 0.8934143414341434], [108.99909990999099, 0.8939393939393939]], [[108.9406690669067, 0.8828382838283828], [108.94074407440743, 0.8822382238223823], [108.94104410441044, 0.8823132313231323], [108.94096909690968, 0.8829132913291329], [108.9406690669067, 0.8828382838283828]], [[108.91876687668767, 0.7599009900990099], [108.91884188418841, 0.7595259525952596], [108.91944194419442, 0.7598259825982598], [108.91914191419141, 0.76005100510051], [108.91876687668767, 0.7599009900990099]], [[108.98829882988298, 0.9732973297329733], [108.98859885988598, 0.9727722772277227], [108.98874887488749, 0.9732973297329733], [108.98829882988298, 0.9732973297329733]], [[108.93309330933093, 0.8677617761776177], [108.93331833183318, 0.867011701170117], [108.93354335433543, 0.8670867086708671], [108.93346834683469, 0.8676117611761176], [108.93309330933093, 0.8677617761776177]], [[108.99339933993399, 0.9606960696069606], [108.99302430243024, 0.9600960096009601], [108.99347434743474, 0.96002100210021], [108.99339933993399, 0.9606960696069606]], [[108.97772277227722, 0.8952895289528953], [108.97734773477347, 0.8948394839483949], [108.97787278727873, 0.8949144914491449], [108.97772277227722, 0.8952895289528953]], [[108.97479747974798, 0.9441194119411941], [108.97449744974497, 0.9436693669366937], [108.97494749474947, 0.9437443744374437], [108.97479747974798, 0.9441194119411941]], [[108.86056105610561, 0.7936543654365437], [108.86018601860185, 0.7929792979297929], [108.86041104110411, 0.7929792979297929], [108.86056105610561, 0.7936543654365437]], [[108.94441944194419, 0.8734623462346235], [108.94389438943894, 0.873012301230123], [108.94449444944495, 0.873087308730873], [108.94441944194419, 0.8734623462346235]], [[108.9597209720972, 0.8847134713471347], [108.95994599459945, 0.8841884188418841], [108.96009600960096, 0.8847134713471347], [108.9597209720972, 0.8847134713471347]], [[108.88381338133813, 0.7617761776177617], [108.88373837383737, 0.7609510951095109], [108.88388838883888, 0.7609510951095109], [108.88381338133813, 0.7617761776177617]], [[108.94524452445245, 0.8877137713771377], [108.94449444944495, 0.8874887488748875], [108.94434443444344, 0.8871137113711371], [108.94524452445245, 0.8877137713771377]], [[108.88741374137413, 0.7553255325532553], [108.88718871887188, 0.7545754575457546], [108.88741374137413, 0.7544254425442544], [108.88741374137413, 0.7553255325532553]], [[108.88868886888689, 0.7536753675367537], [108.88876387638764, 0.7533003300330032], [108.88936393639364, 0.7536753675367537], [108.88868886888689, 0.7536753675367537]], [[108.95912091209121, 0.8877887788778878], [108.95934593459346, 0.8873387338733874], [108.95987098709871, 0.8872637263726373], [108.95942094209421, 0.8879387938793879], [108.95912091209121, 0.8877887788778878]], [[108.8647614761476, 0.7902790279027903], [108.86453645364536, 0.7899039903990399], [108.86498649864987, 0.7897539753975398], [108.8647614761476, 0.7902790279027903]], [[108.92986798679868, 0.8637113711371137], [108.92956795679568, 0.8631863186318631], [108.93001800180018, 0.8631863186318631], [108.92986798679868, 0.8637113711371137]], [[108.89386438643864, 0.7739273927392739], [108.89348934893489, 0.7734773477347734], [108.8937893789379, 0.7734023402340233], [108.89386438643864, 0.7739273927392739]], [[108.9576207620762, 0.8963396339633963], [108.95724572457246, 0.8957395739573957], [108.95747074707471, 0.8955145514551455], [108.9576207620762, 0.8963396339633963]], [[108.86858685868587, 0.7993549354935493], [108.86806180618062, 0.798979897989799], [108.86851185118512, 0.7986798679867987], [108.86858685868587, 0.7993549354935493]], [[108.98874887488749, 0.9264926492649265], [108.98889888988899, 0.925967596759676], [108.98919891989199, 0.9264176417641764], [108.98874887488749, 0.9264926492649265]], [[108.97659765976597, 0.9351935193519352], [108.97637263726372, 0.9348184818481848], [108.97712271227122, 0.9345184518451846], [108.97659765976597, 0.9351935193519352]], [[108.89086408640864, 0.7614011401140114], [108.89018901890189, 0.7611761176117612], [108.89048904890488, 0.7609510951095109], [108.89086408640864, 0.7611011101110111], [108.89086408640864, 0.7614011401140114]], [[108.96467146714672, 0.9144914491449145], [108.96504650465046, 0.914041404140414], [108.96512151215121, 0.9144914491449145], [108.96467146714672, 0.9144914491449145]], [[108.98274827482747, 0.9915991599159916], [108.98259825982598, 0.9908490849084909], [108.98274827482747, 0.9907740774077408], [108.98274827482747, 0.9915991599159916]], [[108.9597209720972, 0.8993399339933993], [108.96009600960096, 0.8991149114911491], [108.95994599459945, 0.8988898889888989], [108.96009600960096, 0.8987398739873987], [108.9601710171017, 0.8994149414941495], [108.9597209720972, 0.8993399339933993]], [[108.89626462646264, 0.7676267626762676], [108.89648964896489, 0.7674017401740174], [108.89686468646865, 0.7674767476747675], [108.89656465646564, 0.7678517851785178], [108.89626462646264, 0.7676267626762676]], [[108.9499699969997, 0.8967146714671467], [108.9495199519952, 0.8963396339633963], [108.9499699969997, 0.8961896189618962], [108.9499699969997, 0.8967146714671467]], [[108.96677167716771, 0.916966696669667], [108.96624662466246, 0.9165166516651665], [108.96654665466546, 0.9164416441644164], [108.96677167716771, 0.916966696669667]], [[108.97989798979897, 0.8931143114311431], [108.97929792979298, 0.893039303930393], [108.97937293729373, 0.8927392739273927], [108.97989798979897, 0.8931143114311431]], [[108.87923792379237, 0.7755025502550255], [108.87916291629163, 0.775052505250525], [108.87938793879388, 0.7749024902490249], [108.87931293129313, 0.7753525352535253], [108.87968796879687, 0.7755775577557755], [108.87923792379237, 0.7755025502550255]], [[108.99332433243323, 0.889063906390639], [108.99309930993098, 0.8885388538853886], [108.9935493549355, 0.8886888688868887], [108.99332433243323, 0.889063906390639]], [[108.93654365436544, 0.8295829582958296], [108.93699369936994, 0.8291329132913291], [108.93706870687069, 0.8295079507950796], [108.93654365436544, 0.8295829582958296]], [[108.98672367236723, 0.9068406840684068], [108.98664866486648, 0.9063156315631563], [108.98687368736873, 0.9063156315631563], [108.98709870987098, 0.906915691569157], [108.98672367236723, 0.9068406840684068]], [[108.86926192619262, 0.7886288628862886], [108.86963696369637, 0.7881788178817881], [108.86986198619861, 0.7881788178817881], [108.86963696369637, 0.7887038703870387], [108.86926192619262, 0.7886288628862886]], [[108.97689768976898, 0.9213921392139214], [108.97622262226223, 0.921017101710171], [108.97622262226223, 0.9207920792079208], [108.97689768976898, 0.9210921092109211], [108.97689768976898, 0.9213921392139214]], [[108.97674767476747, 0.9162166216621662], [108.97652265226522, 0.9156915691569156], [108.97682268226822, 0.9156165616561656], [108.97674767476747, 0.9162166216621662]], [[108.98439843984399, 0.8981390639063905], [108.98387338733873, 0.8976897689768977], [108.98402340234023, 0.8973897389738974], [108.98439843984399, 0.8981390639063905]], [[108.99069906990698, 0.8936393639363936], [108.99032403240324, 0.8931893189318931], [108.99077407740774, 0.8931893189318931], [108.99069906990698, 0.8936393639363936]], [[108.94014401440144, 0.8445094509450946], [108.93999399939993, 0.843984398439844], [108.94029402940293, 0.843984398439844], [108.94014401440144, 0.8445094509450946]], [[108.97389738973897, 0.9373687368736874], [108.97352235223522, 0.9368436843684368], [108.97397239723972, 0.9371437143714372], [108.97389738973897, 0.9373687368736874]], [[108.99227422742274, 0.8996399639963997], [108.99204920492049, 0.899039903990399], [108.99242424242424, 0.8991899189918992], [108.99227422742274, 0.8996399639963997]], [[108.86491149114912, 0.8333333333333333], [108.86528652865286, 0.8328082808280828], [108.86536153615361, 0.8332583258325832], [108.86491149114912, 0.8333333333333333]], [[108.94044404440444, 0.881938193819382], [108.94044404440444, 0.8813381338133813], [108.94089408940894, 0.8812631263126313], [108.94044404440444, 0.881938193819382]], [[108.99009900990099, 0.906990699069907], [108.98964896489649, 0.9064656465646564], [108.98972397239723, 0.9062406240624062], [108.99009900990099, 0.906990699069907]], [[108.97187218721872, 0.933018301830183], [108.97202220222022, 0.9323432343234324], [108.97239723972397, 0.9325682568256826], [108.97187218721872, 0.933018301830183]], [[108.9588208820882, 0.8853135313531353], [108.95904590459045, 0.8849384938493849], [108.9592709270927, 0.8853135313531353], [108.9588208820882, 0.8853135313531353]], [[108.95109510951094, 0.8086558655865587], [108.95094509450945, 0.808055805580558], [108.95124512451245, 0.8079057905790579], [108.95109510951094, 0.8086558655865587]], [[108.95979597959796, 0.8904890489048904], [108.95979597959796, 0.89003900390039], [108.9601710171017, 0.8901140114011401], [108.95979597959796, 0.8904890489048904]], [[108.93676867686769, 0.8827632763276327], [108.93616861686168, 0.8824632463246325], [108.93616861686168, 0.8822382238223823], [108.93654365436544, 0.8822382238223823], [108.93676867686769, 0.8827632763276327]], [[108.97667266726673, 0.8925892589258926], [108.97697269726973, 0.8923642364236424], [108.97727272727272, 0.8924392439243924], [108.97712271227122, 0.8928142814281428], [108.97667266726673, 0.8925892589258926]], [[108.95409540954095, 0.8795379537953796], [108.9541704170417, 0.8788628862886289], [108.95424542454245, 0.8788628862886289], [108.9544704470447, 0.8793879387938793], [108.95409540954095, 0.8795379537953796]], [[108.98552355235523, 0.9066156615661566], [108.98537353735374, 0.906015601560156], [108.98567356735673, 0.9060906090609061], [108.98552355235523, 0.9066156615661566]], [[108.99122412241223, 0.9096909690969097], [108.99084908490849, 0.9093159315931593], [108.9911491149115, 0.9091659165916591], [108.99122412241223, 0.9096909690969097]], [[108.93744374437443, 0.8268826882688269], [108.93759375937593, 0.8265826582658266], [108.93796879687969, 0.8267326732673267], [108.93781878187818, 0.8271077107710771], [108.93744374437443, 0.8268826882688269]], [[108.96602160216021, 0.9157665766576657], [108.96564656465647, 0.9153915391539154], [108.96624662466246, 0.9153915391539154], [108.96602160216021, 0.9157665766576657]], [[108.97449744974497, 0.9141914191419142], [108.97434743474346, 0.9137413741374137], [108.97479747974798, 0.9138163816381638], [108.97449744974497, 0.9141914191419142]], [[108.92566756675667, 0.8570357035703571], [108.92551755175518, 0.8564356435643564], [108.92581758175817, 0.8566606660666066], [108.92566756675667, 0.8570357035703571]], [[108.87248724872487, 0.8368586858685868], [108.87203720372037, 0.8364836483648365], [108.87248724872487, 0.8364086408640864], [108.87248724872487, 0.8368586858685868]], [[108.99024902490248, 0.9100660066006601], [108.99062406240624, 0.9099159915991599], [108.99099909990998, 0.9100660066006601], [108.99099909990998, 0.9102910291029103], [108.99024902490248, 0.9100660066006601]], [[108.99309930993098, 0.9917491749174917], [108.99339933993399, 0.9912991299129913], [108.99362436243624, 0.9912991299129913], [108.99339933993399, 0.991974197419742], [108.99309930993098, 0.9917491749174917]], [[108.88156315631564, 0.8286828682868287], [108.88111311131112, 0.8282328232823282], [108.88111311131112, 0.828007800780078], [108.88156315631564, 0.8286828682868287]], [[108.94936993699369, 0.8412841284128413], [108.94914491449144, 0.8407590759075907], [108.9495199519952, 0.8408340834083408], [108.94936993699369, 0.8412841284128413]], [[108.94096909690968, 0.8661866186618662], [108.94074407440743, 0.8657365736573657], [108.94104410441044, 0.8657365736573657], [108.94096909690968, 0.8661866186618662]], [[108.98057305730573, 0.9163666366636664], [108.98012301230122, 0.9160666066606661], [108.98042304230422, 0.915916591659166], [108.98057305730573, 0.9163666366636664]], [[108.88876387638764, 0.7613261326132613], [108.88831383138313, 0.7609510951095109], [108.8885388538854, 0.7607260726072607], [108.88876387638764, 0.7613261326132613]], [[108.87338733873388, 0.8076057605760576], [108.87338733873388, 0.806930693069307], [108.87368736873687, 0.807005700570057], [108.87338733873388, 0.8076057605760576]], [[108.98259825982598, 0.900915091509151], [108.98199819981998, 0.9005400540054005], [108.98207320732072, 0.9003150315031503], [108.98259825982598, 0.900915091509151]], [[108.98739873987398, 0.944944494449445], [108.98694869486948, 0.9444944494449445], [108.98717371737173, 0.9444194419441945], [108.98739873987398, 0.944944494449445]], [[108.86948694869487, 0.7862286228622862], [108.86986198619861, 0.7859285928592858], [108.87001200120012, 0.786003600360036], [108.86971197119712, 0.7864536453645364], [108.86948694869487, 0.7862286228622862]], [[108.96512151215121, 0.9175667566756676], [108.96587158715872, 0.9175667566756676], [108.96587158715872, 0.9176417641764176], [108.96512151215121, 0.9178667866786678], [108.96512151215121, 0.9175667566756676]], [[108.8469096909691, 0.8055805580558055], [108.8464596459646, 0.8052055205520552], [108.84683468346834, 0.804980498049805], [108.8469096909691, 0.8055805580558055]], [[108.87766276627663, 0.805055505550555], [108.87713771377138, 0.8046054605460546], [108.87773777377737, 0.8047554755475548], [108.87766276627663, 0.805055505550555]], [[108.86813681368136, 0.7927542754275427], [108.86783678367837, 0.7921549654965497], [108.86806180618062, 0.7921542154215422], [108.86813681368136, 0.7927542754275427]], [[108.98079807980798, 0.8917641764176417], [108.98117311731173, 0.8913141314131413], [108.98124812481248, 0.8916141614161416], [108.98079807980798, 0.8917641764176417]], [[108.98732373237323, 0.9239423942394239], [108.98762376237623, 0.9235673567356736], [108.98784878487848, 0.9237923792379238], [108.98769876987699, 0.9240924092409241], [108.98732373237323, 0.9239423942394239]], [[108.86888688868886, 0.7920792079207921], [108.86873687368737, 0.7917041704170417], [108.86911191119111, 0.7917041704170417], [108.86888688868886, 0.7920792079207921]], [[108.89176417641764, 0.7782778277827782], [108.89176417641764, 0.7777527752775277], [108.8921392139214, 0.7777527752775277], [108.89176417641764, 0.7782778277827782]], [[108.97809780978098, 0.9202670267026702], [108.97832283228323, 0.9197419741974198], [108.97839783978398, 0.9202670267026702], [108.97809780978098, 0.9202670267026702]], [[108.87151215121511, 0.7842784278427842], [108.87181218121812, 0.7839033903390339], [108.87196219621961, 0.7839033903390339], [108.87196219621961, 0.7843534353435343], [108.87151215121511, 0.7842784278427842]], [[108.97629762976297, 0.8938643864386439], [108.97614761476147, 0.8932643264326432], [108.97674767476747, 0.8938643864386439], [108.97629762976297, 0.8938643864386439]], [[108.99437443744374, 0.9561206120612061], [108.99422442244224, 0.9555205520552055], [108.9944494449445, 0.9555955595559555], [108.99437443744374, 0.9561206120612061]], [[108.87031203120311, 0.7948544854485449], [108.87008700870086, 0.7944044404440445], [108.87046204620462, 0.7944044404440445], [108.87031203120311, 0.7948544854485449]], [[108.96107110711071, 0.8866636663666366], [108.96114611461145, 0.8863636363636364], [108.96159615961595, 0.8865136513651365], [108.96159615961595, 0.8867386738673867], [108.96107110711071, 0.8866636663666366]], [[108.97562256225622, 0.9310681068106811], [108.97539753975397, 0.9306930693069306], [108.97577257725773, 0.9303930393039304], [108.97562256225622, 0.9310681068106811]], [[108.93039303930392, 0.8726372637263726], [108.93016801680167, 0.8722622262226223], [108.93054305430543, 0.8723372337233724], [108.93039303930392, 0.8726372637263726]], [[108.96534653465346, 0.9123162316231623], [108.96564656465647, 0.9120912091209121], [108.96587158715872, 0.9121662166216622], [108.96564656465647, 0.9125412541254125], [108.96534653465346, 0.9123162316231623]], [[108.93729372937294, 0.8346084608460846], [108.93774377437744, 0.8343084308430843], [108.93796879687969, 0.8343084308430843], [108.93796879687969, 0.8346084608460846], [108.93729372937294, 0.8346084608460846]], [[108.87713771377138, 0.780978097809781], [108.87698769876988, 0.7804530453045304], [108.87728772877287, 0.7806030603060305], [108.87713771377138, 0.780978097809781]], [[108.9947494749475, 0.891989198919892], [108.99489948994899, 0.8916891689168917], [108.995199519952, 0.8917641764176417], [108.99512451245124, 0.8920642064206421], [108.9947494749475, 0.891989198919892]], [[108.98147314731473, 0.9054905490549054], [108.98117311731173, 0.9051905190519052], [108.98109810981097, 0.904965496549655], [108.98147314731473, 0.9054905490549054]], [[108.98499849984998, 0.9732223222322233], [108.98469846984698, 0.9725472547254725], [108.98499849984998, 0.9725472547254725], [108.98499849984998, 0.9732223222322233]], [[108.87916291629163, 0.7888538853885388], [108.87893789378937, 0.7884038403840383], [108.87931293129313, 0.7884788478847885], [108.87916291629163, 0.7888538853885388]], [[108.89206420642064, 0.7759525952595259], [108.89176417641764, 0.7753525352535253], [108.89206420642064, 0.7753525352535253], [108.89206420642064, 0.7759525952595259]], [[108.99099909990998, 0.9210921092109211], [108.9911491149115, 0.9208670867086709], [108.99152415241524, 0.920942094209421], [108.99144914491448, 0.9212421242124212], [108.99099909990998, 0.9210921092109211]], [[108.98807380738073, 0.9012151215121512], [108.98784878487848, 0.9008400840084009], [108.98844884488449, 0.9007650765076507], [108.98807380738073, 0.9012151215121512]], [[108.91156615661566, 0.7592259225922592], [108.91171617161716, 0.7587008700870087], [108.91179117911791, 0.7592259225922592], [108.91156615661566, 0.7592259225922592]], [[108.92836783678368, 0.8544854485448545], [108.92866786678668, 0.8541104110411041], [108.92874287428742, 0.8544854485448545], [108.92836783678368, 0.8544854485448545]], [[108.94171917191719, 0.8648364836483649], [108.94134413441344, 0.8644614461446145], [108.94164416441645, 0.8643864386438644], [108.94171917191719, 0.8648364836483649]], [[108.94261926192618, 0.8493849384938494], [108.94261926192618, 0.8489348934893489], [108.9430693069307, 0.8493099309930993], [108.94261926192618, 0.8493849384938494]], [[108.87211221122112, 0.8052055205520552], [108.87218721872188, 0.8047554755475548], [108.87248724872487, 0.805055505550555], [108.87211221122112, 0.8052055205520552]], [[108.92814281428143, 0.8622112211221122], [108.92799279927992, 0.861911191119112], [108.92851785178517, 0.8617611761176117], [108.92814281428143, 0.8622112211221122]], [[108.93729372937294, 0.8253075307530753], [108.93706870687069, 0.8248574857485749], [108.93744374437443, 0.8248574857485749], [108.93729372937294, 0.8253075307530753]], [[108.93166816681668, 0.8618361836183618], [108.93114311431142, 0.8615361536153615], [108.93189318931893, 0.8616111611161116], [108.93166816681668, 0.8618361836183618]], [[108.93729372937294, 0.8773627362736274], [108.93699369936994, 0.876912691269127], [108.93736873687368, 0.8771377137713772], [108.93729372937294, 0.8773627362736274]], [[108.89041404140414, 0.7551755175517552], [108.89063906390639, 0.754950495049505], [108.89086408640864, 0.7551005100510051], [108.89078907890789, 0.7554005400540054], [108.89041404140414, 0.7551755175517552]], [[108.88666366636663, 0.7755775577557755], [108.88688868886888, 0.7752775277527753], [108.88703870387039, 0.7753525352535253], [108.88703870387039, 0.7758025802580257], [108.88666366636663, 0.7755775577557755]], [[108.98964896489649, 0.9041404140414041], [108.98934893489348, 0.9037653765376538], [108.98964896489649, 0.9036903690369037], [108.98964896489649, 0.9041404140414041]], [[108.88666366636663, 0.7696519651965197], [108.88613861386138, 0.7696519651965197], [108.88613861386138, 0.7694269426942695], [108.88666366636663, 0.7696519651965197]], [[108.88808880888088, 0.7563006300630063], [108.88838883888388, 0.7559255925592558], [108.88846384638464, 0.7563006300630063], [108.88808880888088, 0.7563006300630063]], [[108.95394539453945, 0.8994149414941495], [108.9535703570357, 0.898964896489649], [108.95379537953795, 0.8988898889888989], [108.95394539453945, 0.8994149414941495]], [[108.93301830183017, 0.8504350435043504], [108.93324332433242, 0.84998499849985], [108.93331833183318, 0.8504350435043504], [108.93301830183017, 0.8504350435043504]], [[108.94126912691269, 0.8288328832883288], [108.94119411941193, 0.8284578457845785], [108.94164416441645, 0.8284578457845785], [108.94126912691269, 0.8288328832883288]], [[108.98267326732673, 0.8967146714671467], [108.98274827482747, 0.8961896189618962], [108.98297329732974, 0.8967146714671467], [108.98267326732673, 0.8967146714671467]], [[108.98567356735673, 0.9755475547554755], [108.98567356735673, 0.9750975097509751], [108.98589858985898, 0.9751725172517252], [108.98567356735673, 0.9755475547554755]], [[108.86723672367236, 0.8031803180318031], [108.86686168616862, 0.8028052805280528], [108.86708670867087, 0.8027302730273027], [108.86723672367236, 0.8031803180318031]], [[108.89311431143113, 0.7514251425142514], [108.8930393039304, 0.7508250825082508], [108.8933393339334, 0.7510501050105011], [108.89311431143113, 0.7514251425142514]], [[108.89048904890488, 0.7652265226522652], [108.89026402640263, 0.7648514851485149], [108.89048904890488, 0.7648514851485149], [108.89048904890488, 0.7652265226522652]], [[108.99017401740174, 0.909015901590159], [108.98972397239723, 0.9088658865886589], [108.98979897989798, 0.9084908490849085], [108.99017401740174, 0.909015901590159]], [[108.97539753975397, 0.9025652565256526], [108.97524752475248, 0.9021152115211521], [108.97554755475547, 0.9021152115211521], [108.97539753975397, 0.9025652565256526]], [[108.99062406240624, 0.9089408940894089], [108.99032403240324, 0.9085658565856586], [108.99054905490549, 0.9083408340834084], [108.99062406240624, 0.9089408940894089]], [[108.86716171617161, 0.7884788478847885], [108.86723672367236, 0.788028802880288], [108.86746174617461, 0.788028802880288], [108.86716171617161, 0.7884788478847885]], [[108.93346834683469, 0.8316831683168316], [108.93376837683768, 0.8312331233123312], [108.93369336933694, 0.8316831683168316], [108.93346834683469, 0.8316831683168316]], [[108.88426342634263, 0.8502100210021002], [108.88441344134414, 0.8497599759975998], [108.88456345634563, 0.8502100210021002], [108.88426342634263, 0.8502100210021002]], [[108.87751275127512, 0.8039303930393039], [108.87781278127812, 0.8035553555355536], [108.87788778877888, 0.8039303930393039], [108.87751275127512, 0.8039303930393039]], [[108.96249624962496, 0.890939093909391], [108.96279627962795, 0.8905640564056405], [108.96279627962795, 0.890939093909391], [108.96249624962496, 0.890939093909391]], [[108.96279627962795, 0.9141914191419142], [108.96294629462946, 0.9138163816381638], [108.96317131713171, 0.9141164116411641], [108.96279627962795, 0.9141914191419142]], [[108.9911491149115, 0.912991299129913], [108.99077407740774, 0.9126162616261626], [108.99077407740774, 0.9123912391239124], [108.9911491149115, 0.912991299129913]], [[108.95739573957395, 0.8952895289528953], [108.95709570957095, 0.8947644764476448], [108.95724572457246, 0.8947644764476448], [108.95739573957395, 0.8952895289528953]], [[108.89558955895589, 0.7552505250525052], [108.8958895889589, 0.754950495049505], [108.89603960396039, 0.7552505250525052], [108.89558955895589, 0.7552505250525052]], [[108.94171917191719, 0.8839633963396339], [108.94134413441344, 0.8835133513351335], [108.94179417941794, 0.8835133513351335], [108.94171917191719, 0.8839633963396339]], [[108.9035403540354, 0.7776027602760276], [108.9033903390339, 0.7772277227722773], [108.90361536153615, 0.7773027302730273], [108.9035403540354, 0.7776027602760276]], [[108.98282328232823, 0.9014401440144014], [108.98252325232522, 0.900990099009901], [108.98289828982898, 0.900990099009901], [108.98282328232823, 0.9014401440144014]], [[108.98972397239723, 0.935043504350435], [108.98994899489949, 0.9345934593459346], [108.99002400240023, 0.934968496849685], [108.98972397239723, 0.935043504350435]], [[108.9625712571257, 0.914941494149415], [108.96242124212421, 0.9145664566456646], [108.9628712871287, 0.9146414641464147], [108.9625712571257, 0.914941494149415]], [[108.94164416441645, 0.8860636063606361], [108.94171917191719, 0.8856135613561356], [108.94194419441943, 0.885988598859886], [108.94164416441645, 0.8860636063606361]], [[108.98889888988899, 0.903990399039904], [108.98837383738373, 0.9036903690369037], [108.98837383738373, 0.9034653465346535], [108.98889888988899, 0.903990399039904]], [[108.87878787878788, 0.8039303930393039], [108.87841284128413, 0.8036303630363036], [108.87841284128413, 0.8034053405340533], [108.87878787878788, 0.8039303930393039]], [[108.86543654365437, 0.8306330633063306], [108.86581158115811, 0.8303330333033303], [108.86588658865887, 0.8305580558055805], [108.86543654365437, 0.8306330633063306]], [[108.97622262226223, 0.9393189318931893], [108.97629762976297, 0.9387188718871887], [108.97644764476448, 0.9393189318931893], [108.97622262226223, 0.9393189318931893]], [[108.98492349234922, 0.9982748274827483], [108.98469846984698, 0.9978997899789979], [108.98507350735073, 0.9979747974797479], [108.98492349234922, 0.9982748274827483]], [[108.995199519952, 0.9983498349834984], [108.9947494749475, 0.998049804980498], [108.99482448244824, 0.9978997899789979], [108.995199519952, 0.9983498349834984]], [[108.9944494449445, 0.9099159915991599], [108.99414941494149, 0.9095409540954096], [108.99452445244523, 0.9096159615961597], [108.9944494449445, 0.9099159915991599]], [[108.99362436243624, 0.9157665766576657], [108.99339933993399, 0.9153165316531653], [108.99377437743775, 0.9154665466546654], [108.99362436243624, 0.9157665766576657]], [[108.94111911191119, 0.8586858685868587], [108.94081908190819, 0.8583858385838583], [108.94111911191119, 0.8583858385838583], [108.94111911191119, 0.8586858685868587]], [[108.98079807980798, 0.9239423942394239], [108.98094809480948, 0.9234923492349235], [108.98109810981097, 0.9239423942394239], [108.98079807980798, 0.9239423942394239]], [[108.88043804380438, 0.7848784878487849], [108.88051305130513, 0.7844284428442845], [108.88066306630662, 0.7848784878487849], [108.88043804380438, 0.7848784878487849]], [[108.86671167116711, 0.8042304230423042], [108.86701170117011, 0.8038553855385538], [108.86708670867087, 0.8041554155415541], [108.86671167116711, 0.8042304230423042]], [[108.98297329732974, 0.8961146114611461], [108.98334833483348, 0.8958145814581459], [108.98349834983497, 0.8960396039603961], [108.98297329732974, 0.8961146114611461]], [[108.88516351635164, 0.7736273627362736], [108.88538853885389, 0.7731773177317731], [108.88546354635463, 0.7735523552355236], [108.88516351635164, 0.7736273627362736]], [[108.91351635163517, 0.761026102610261], [108.91366636663666, 0.7605760576057605], [108.91381638163816, 0.7610253525352535], [108.91351635163517, 0.761026102610261]], [[108.96504650465046, 0.9244674467446745], [108.96482148214821, 0.9238681368136814], [108.96519651965197, 0.9238673867386739], [108.96504650465046, 0.9244674467446745]], [[108.9601710171017, 0.9105910591059105], [108.9601710171017, 0.9101410141014101], [108.9604710471047, 0.9104410441044104], [108.9601710171017, 0.9105910591059105]], [[108.9463696369637, 0.8898889888988899], [108.94614461446145, 0.8894389438943895], [108.9463696369637, 0.8895139513951396], [108.9463696369637, 0.8898889888988899]], [[108.99122412241223, 0.9177917791779178], [108.99152415241524, 0.9174917491749175], [108.99159915991599, 0.9177917791779178], [108.99122412241223, 0.9177917791779178]], [[108.98237323732373, 0.9144914491449145], [108.98207320732072, 0.9141164116411641], [108.98229822982297, 0.913966396639664], [108.98237323732373, 0.9144914491449145]], [[108.98162316231623, 0.8999399939994], [108.98124812481248, 0.8996399639963997], [108.98169816981698, 0.8996399639963997], [108.98162316231623, 0.8999399939994]], [[108.93624362436243, 0.8471347134713472], [108.93616861686168, 0.8468346834683468], [108.93639363936393, 0.8466096609660966], [108.93624362436243, 0.8471347134713472]], [[108.92986798679868, 0.874962496249625], [108.92956795679568, 0.8745874587458746], [108.93001800180018, 0.8745124512451246], [108.92986798679868, 0.874962496249625]], [[108.97532253225322, 0.943069306930693], [108.97547254725472, 0.9425442544254425], [108.97554755475547, 0.943069306930693], [108.97532253225322, 0.943069306930693]], [[108.99909990999099, 0.9381938193819381], [108.9989498949895, 0.9378187818781878], [108.9992499249925, 0.9378187818781878], [108.99909990999099, 0.9381938193819381]], [[108.98357335733573, 0.9606210621062106], [108.98349834983497, 0.96002100210021], [108.98364836483648, 0.95994599459946], [108.98357335733573, 0.9606210621062106]], [[108.98979897989798, 0.905040504050405], [108.98957395739573, 0.9048154815481548], [108.98957395739573, 0.9043654365436543], [108.98979897989798, 0.905040504050405]], [[108.84728472847284, 0.8047554755475548], [108.84713471347135, 0.8043054305430543], [108.8473597359736, 0.8043054305430543], [108.84728472847284, 0.8047554755475548]], [[108.94119411941193, 0.8375337533753375], [108.94104410441044, 0.8371587158715872], [108.94126912691269, 0.8370837083708371], [108.94119411941193, 0.8375337533753375]], [[108.99549954995499, 0.9201920192019202], [108.9956495649565, 0.9196669666966697], [108.9956495649565, 0.9201920192019202], [108.99549954995499, 0.9201920192019202]], [[108.94726972697269, 0.8531353135313531], [108.94734473447345, 0.8529102910291029], [108.9475697569757, 0.8528352835283528], [108.94726972697269, 0.8531353135313531]], [[108.76545154515452, 0.754050405040504], [108.76530153015301, 0.7536753675367537], [108.76560156015601, 0.7536753675367537], [108.76545154515452, 0.754050405040504]], [[108.98319831983198, 0.9570207020702071], [108.98304830483048, 0.9564206420642064], [108.98319831983198, 0.9564206420642064], [108.98319831983198, 0.9570207020702071]], [[108.94501950195018, 0.8871137113711371], [108.94501950195018, 0.8866636663666366], [108.94524452445245, 0.8871137113711371], [108.94501950195018, 0.8871137113711371]], [[108.99084908490849, 0.9122412241224123], [108.99077407740774, 0.911941194119412], [108.9911491149115, 0.911941194119412], [108.99084908490849, 0.9122412241224123]], [[108.88313831383138, 0.7734773477347734], [108.88306330633063, 0.773027302730273], [108.88321332133214, 0.773102310231023], [108.88313831383138, 0.7734773477347734]], [[108.92559255925592, 0.8536603660366037], [108.92574257425743, 0.8532103210321031], [108.92589258925892, 0.853584608460846], [108.92559255925592, 0.8536603660366037]], [[108.87421242124212, 0.7833033303330332], [108.87458745874588, 0.7827782778277828], [108.87473747374737, 0.7827782778277828], [108.87421242124212, 0.7833033303330332]], [[108.87676267626763, 0.7821032103210321], [108.87721272127213, 0.7818031803180318], [108.87721272127213, 0.7820282028202821], [108.87676267626763, 0.7821032103210321]], [[108.95229522952295, 0.893039303930393], [108.9520702070207, 0.8925892589258926], [108.9523702370237, 0.8928142814281428], [108.95229522952295, 0.893039303930393]], [[108.9983498349835, 0.9110411041104111], [108.99864986498649, 0.9107410741074107], [108.99872487248724, 0.9108910891089109], [108.9983498349835, 0.9110411041104111]], [[108.87421242124212, 0.8017551755175517], [108.87451245124512, 0.8012301230123012], [108.87466246624662, 0.8013051305130513], [108.87421242124212, 0.8017551755175517]], [[108.91606660666066, 0.7551755175517552], [108.91621662166216, 0.7548004800480048], [108.91636663666367, 0.7548004800480048], [108.91636663666367, 0.7552505250525052], [108.91606660666066, 0.7551755175517552]], [[108.98402340234023, 0.9043654365436543], [108.98432343234323, 0.9039153915391539], [108.98417341734174, 0.9043654365436543], [108.98402340234023, 0.9043654365436543]], [[108.88793879387939, 0.7535253525352535], [108.88808880888088, 0.753075307530753], [108.88823882388239, 0.7533753375337533], [108.88793879387939, 0.7535253525352535]], [[108.93174317431743, 0.8505850585058505], [108.93211821182118, 0.8503600360036003], [108.93219321932193, 0.8505850585058505], [108.93174317431743, 0.8505850585058505]], [[108.98687368736873, 0.9931743174317432], [108.98672367236723, 0.9927992799279928], [108.98694869486948, 0.9927992799279928], [108.98687368736873, 0.9931743174317432]], [[108.98214821482148, 0.9123162316231623], [108.98214821482148, 0.911941194119412], [108.98229822982297, 0.911941194119412], [108.98252325232522, 0.9123162316231623], [108.98214821482148, 0.9123162316231623]], [[108.99504950495049, 0.8976897689768977], [108.995199519952, 0.8973147314731473], [108.99534953495349, 0.8976147614761476], [108.99504950495049, 0.8976897689768977]], [[108.86611161116112, 0.8379837983798379], [108.86596159615961, 0.8375337533753375], [108.86611161116112, 0.8375337533753375], [108.86611161116112, 0.8379837983798379]], [[108.9480198019802, 0.8322832283228323], [108.9484698469847, 0.831983198319832], [108.94854485448545, 0.8321332133213322], [108.9480198019802, 0.8322832283228323]], [[108.98627362736273, 0.8956645664566456], [108.98612361236123, 0.8952895289528953], [108.98642364236423, 0.8952895289528953], [108.98627362736273, 0.8956645664566456]], [[108.99317431743174, 0.916966696669667], [108.99294929492949, 0.9165166516651665], [108.99324932493249, 0.9165166516651665], [108.99317431743174, 0.916966696669667]], [[108.94164416441645, 0.873987398739874], [108.9418691869187, 0.8738373837383738], [108.94209420942094, 0.8738373837383738], [108.94201920192019, 0.8741374137413741], [108.94164416441645, 0.873987398739874]], [[108.97734773477347, 0.93999399939994], [108.97757275727572, 0.9396939693969397], [108.97764776477648, 0.93999399939994], [108.97734773477347, 0.93999399939994]], [[108.91779177917792, 0.7583258325832583], [108.91779177917792, 0.7578757875787578], [108.91794179417941, 0.7578757875787578], [108.91779177917792, 0.7583258325832583]], [[108.98619861986198, 0.9752475247524752], [108.98604860486049, 0.9747224722472247], [108.98619861986198, 0.9747224722472247], [108.98619861986198, 0.9752475247524752]], [[108.94141914191418, 0.8743624362436244], [108.94126912691269, 0.873987398739874], [108.94149414941494, 0.874062406240624], [108.94141914191418, 0.8743624362436244]], [[108.93961896189619, 0.8781128112811281], [108.93984398439844, 0.8778127812781278], [108.93984398439844, 0.8781128112811281], [108.93961896189619, 0.8781128112811281]], [[108.92596759675968, 0.8539603960396039], [108.92604260426042, 0.8535103510351035], [108.92619261926193, 0.8539603960396039], [108.92596759675968, 0.8539603960396039]], [[108.99039903990399, 0.9081908190819081], [108.99054905490549, 0.9078157815781578], [108.99062406240624, 0.9081158115811581], [108.99039903990399, 0.9081908190819081]], [[108.88576357635763, 0.7729522952295229], [108.88591359135913, 0.7725772577257726], [108.88598859885988, 0.7729522952295229], [108.88576357635763, 0.7729522952295229]], [[108.98852385238523, 0.8963396339633963], [108.98829882988298, 0.895964596459646], [108.98859885988598, 0.8961146114611461], [108.98852385238523, 0.8963396339633963]], [[108.92859285928593, 0.861011101110111], [108.92889288928893, 0.8606360636063606], [108.92889288928893, 0.8608610861086108], [108.92859285928593, 0.861011101110111]], [[108.90346534653465, 0.7518751875187518], [108.9036903690369, 0.7515001500150015], [108.90361536153615, 0.7518751875187518], [108.90346534653465, 0.7518751875187518]], [[108.97802280228022, 0.8960396039603961], [108.97802280228022, 0.8956645664566456], [108.97824782478247, 0.8960396039603961], [108.97802280228022, 0.8960396039603961]], [[108.9495199519952, 0.834983498349835], [108.9492199219922, 0.8346834683468347], [108.9495199519952, 0.8346834683468347], [108.9495199519952, 0.834983498349835]], [[108.97622262226223, 0.9471947194719472], [108.97652265226522, 0.9468196819681968], [108.97629762976297, 0.9471947194719472], [108.97622262226223, 0.9471947194719472]], [[108.95739573957395, 0.8854635463546354], [108.95769576957696, 0.8851635163516351], [108.9577707770777, 0.8854635463546354], [108.95739573957395, 0.8854635463546354]], [[108.93766876687668, 0.8839633963396339], [108.93736873687368, 0.8835883588358836], [108.93759375937593, 0.8835133513351335], [108.93766876687668, 0.8839633963396339]], [[108.96564656465647, 0.9131413141314131], [108.96587158715872, 0.9128412841284128], [108.96594659465946, 0.913066306630663], [108.96564656465647, 0.9131413141314131]], [[108.94741974197419, 0.8908640864086409], [108.94749474947494, 0.8904140414041404], [108.94771977197719, 0.8904140414041404], [108.94771977197719, 0.8907890789078907], [108.94741974197419, 0.8908640864086409]], [[108.8946894689469, 0.7746024602460246], [108.8945394539454, 0.7742274227422742], [108.89476447644765, 0.7742274227422742], [108.8946894689469, 0.7746024602460246]], [[108.99264926492648, 0.8921392139213922], [108.99257425742574, 0.8917641764176417], [108.992799279928, 0.8917641764176417], [108.99264926492648, 0.8921392139213922]], [[108.95274527452744, 0.8937893789378938], [108.9526702670267, 0.8933393339333934], [108.95289528952895, 0.8934143414341434], [108.95274527452744, 0.8937893789378938]], [[108.9947494749475, 0.9753225322532253], [108.99459945994599, 0.975022502250225], [108.99489948994899, 0.975022502250225], [108.9947494749475, 0.9753225322532253]], [[108.98619861986198, 0.8965646564656465], [108.98604860486049, 0.8962646264626463], [108.98627362736273, 0.8962646264626463], [108.98619861986198, 0.8965646564656465]], [[108.87773777377737, 0.8388838883888389], [108.87803780378037, 0.8385838583858386], [108.87796279627963, 0.8388838883888389], [108.87773777377737, 0.8388838883888389]], [[108.88253825382537, 0.8447344734473448], [108.88268826882688, 0.8443594359435944], [108.88276327632764, 0.8446594659465947], [108.88253825382537, 0.8447344734473448]], [[108.97524752475248, 0.9405190519051905], [108.97532253225322, 0.9402190219021902], [108.97569756975697, 0.9404440444044404], [108.97524752475248, 0.9405190519051905]], [[108.88951395139513, 0.7542004200420042], [108.88981398139813, 0.753975397539754], [108.8897389738974, 0.7542004200420042], [108.88951395139513, 0.7542004200420042]], [[108.97524752475248, 0.9437443744374437], [108.97554755475547, 0.9434443444344435], [108.97562256225622, 0.9436693669366937], [108.97524752475248, 0.9437443744374437]], [[108.98507350735073, 0.9128412841284128], [108.98507350735073, 0.9123912391239124], [108.98522352235223, 0.9124662466246625], [108.98507350735073, 0.9128412841284128]], [[108.87961296129613, 0.8265826582658266], [108.87946294629462, 0.8262076207620762], [108.87976297629763, 0.8260576057605761], [108.87961296129613, 0.8265826582658266]], [[108.99032403240324, 0.9972997299729973], [108.99002400240023, 0.996999699969997], [108.99039903990399, 0.9971497149714972], [108.99032403240324, 0.9972997299729973]], [[108.93564356435643, 0.8466096609660966], [108.93594359435943, 0.8462346234623462], [108.93579357935793, 0.8466096609660966], [108.93564356435643, 0.8466096609660966]], [[108.86446144614462, 0.833108310831083], [108.8647614761476, 0.8328082808280828], [108.86468646864687, 0.833108310831083], [108.86446144614462, 0.833108310831083]], [[108.88216321632163, 0.840984098409841], [108.88201320132013, 0.8406090609060906], [108.88231323132312, 0.8406840684068406], [108.88216321632163, 0.840984098409841]], [[108.94209420942094, 0.8841884188418841], [108.94209420942094, 0.8838883888388839], [108.9423192319232, 0.8838883888388839], [108.94209420942094, 0.8841884188418841]], [[108.89521452145215, 0.7558505850585058], [108.8954395439544, 0.7555505550555055], [108.8954395439544, 0.7557755775577557], [108.89521452145215, 0.7558505850585058]], [[108.96107110711071, 0.8879387938793879], [108.96077107710771, 0.8874887488748875], [108.96107110711071, 0.8875637563756376], [108.96107110711071, 0.8879387938793879]], [[108.99609960996099, 0.8841884188418841], [108.9959495949595, 0.8838133813381338], [108.99617461746175, 0.8838133813381338], [108.99609960996099, 0.8841884188418841]], [[108.95912091209121, 0.8992649264926492], [108.95904590459045, 0.8987398739873987], [108.95942094209421, 0.8991899189918992], [108.95912091209121, 0.8992649264926492]], [[108.98492349234922, 0.9691711671167116], [108.98462346234624, 0.9687968796879688], [108.98484848484848, 0.9687218721872187], [108.98492349234922, 0.9691711671167116]], [[108.98477347734773, 0.9496699669966997], [108.98454845484548, 0.9493699369936993], [108.98492349234922, 0.9494449444944495], [108.98477347734773, 0.9496699669966997]], [[108.87173717371736, 0.7851035103510351], [108.87203720372037, 0.7848034803480348], [108.87203720372037, 0.785028502850285], [108.87173717371736, 0.7851035103510351]], [[108.94336933693369, 0.8355085508550855], [108.94314431443144, 0.8351335133513351], [108.94336933693369, 0.835058505850585], [108.94336933693369, 0.8355085508550855]], [[108.87361236123613, 0.7838283828382838], [108.87398739873987, 0.7835283528352835], [108.87398739873987, 0.7836033603360336], [108.87361236123613, 0.7838283828382838]], [[108.98972397239723, 0.9129162916291629], [108.98994899489949, 0.9126162616261626], [108.98994899489949, 0.9129162916291629], [108.98972397239723, 0.9129162916291629]], [[108.98927392739273, 0.9905490549054905], [108.98957395739573, 0.9903240324032403], [108.98964896489649, 0.9904740474047404], [108.98927392739273, 0.9905490549054905]], [[108.9520702070207, 0.8808880888088809], [108.95229522952295, 0.8805880588058805], [108.95229522952295, 0.8808880888088809], [108.9520702070207, 0.8808880888088809]], [[108.87863786378638, 0.8328832883288328], [108.87893789378937, 0.8326582658265826], [108.87893789378937, 0.8328082808280828], [108.87863786378638, 0.8328832883288328]], [[108.91569156915692, 0.761026102610261], [108.91591659165917, 0.7606510651065106], [108.91584158415841, 0.761026102610261], [108.91569156915692, 0.761026102610261]], [[108.99482448244824, 0.9990999099909991], [108.9947494749475, 0.9988748874887489], [108.99489948994899, 0.9987248724872487], [108.99482448244824, 0.9990999099909991]], [[108.98544854485448, 0.9712721272127213], [108.98552355235523, 0.9708970897089709], [108.98567356735673, 0.9711971197119712], [108.98544854485448, 0.9712721272127213]], [[108.98469846984698, 0.9603960396039604], [108.98492349234922, 0.9600960096009601], [108.98492349234922, 0.9604710471047104], [108.98469846984698, 0.9603960396039604]], [[108.93774377437744, 0.8808130813081309], [108.93781878187818, 0.8805130513051305], [108.93804380438044, 0.8807380738073807], [108.93774377437744, 0.8808130813081309]], [[108.93286828682868, 0.8544104410441045], [108.93316831683168, 0.8541854185418541], [108.93316831683168, 0.8544104410441045], [108.93286828682868, 0.8544104410441045]], [[108.99024902490248, 0.9075907590759076], [108.99017401740174, 0.9071407140714072], [108.99039903990399, 0.9075907590759076], [108.99024902490248, 0.9075907590759076]], [[108.88876387638764, 0.7665016501650165], [108.88891389138914, 0.7660516051605161], [108.88891389138914, 0.7665016501650165], [108.88876387638764, 0.7665016501650165]], [[108.96197119711971, 0.9141164116411641], [108.9621212121212, 0.9138913891389139], [108.96234623462345, 0.9138163816381638], [108.96197119711971, 0.9141164116411641]], [[108.99099909990998, 0.9216921692169217], [108.99122412241223, 0.9213921392139214], [108.99122412241223, 0.9216171617161716], [108.99099909990998, 0.9216921692169217]], [[108.88261326132613, 0.7666516651665166], [108.88298829882989, 0.7664266426642664], [108.88298829882989, 0.7666516651665166], [108.88261326132613, 0.7666516651665166]], [[108.99122412241223, 0.9106660666066606], [108.99144914491448, 0.9103660366036603], [108.99144914491448, 0.9107410741074107], [108.99122412241223, 0.9106660666066606]], [[108.87608760876087, 0.8053555355535553], [108.87631263126312, 0.805055505550555], [108.87638763876387, 0.8052055205520552], [108.87608760876087, 0.8053555355535553]], [[108.96444644464447, 0.9147914791479148], [108.96437143714371, 0.9144164416441645], [108.96459645964596, 0.9144164416441645], [108.96444644464447, 0.9147914791479148]], [[108.88148814881488, 0.7743024302430243], [108.88141314131413, 0.7739273927392739], [108.88156315631564, 0.7738523852385238], [108.88148814881488, 0.7743024302430243]], [[108.98694869486948, 0.9063906390639064], [108.98717371737173, 0.9060906090609061], [108.98724872487249, 0.9063906390639064], [108.98694869486948, 0.9063906390639064]], [[108.9565706570657, 0.9023402340234024], [108.95634563456345, 0.9020402040204021], [108.95649564956496, 0.9020402040204021], [108.9565706570657, 0.9023402340234024]], [[108.88958895889589, 0.7786528652865287], [108.88988898889889, 0.7783528352835283], [108.8897389738974, 0.7786528652865287], [108.88958895889589, 0.7786528652865287]], [[108.94021902190218, 0.8716621662166216], [108.94051905190518, 0.8714371437143714], [108.94051905190518, 0.8715871587158716], [108.94021902190218, 0.8716621662166216]], [[108.9923492349235, 0.9242424242424242], [108.99212421242123, 0.9237923792379238], [108.99242424242424, 0.9239423942394239], [108.9923492349235, 0.9242424242424242]], [[108.97472247224722, 0.916891689168917], [108.97487248724872, 0.9165916591659166], [108.97494749474947, 0.916891689168917], [108.97472247224722, 0.916891689168917]], [[108.91846684668467, 0.7571257125712572], [108.91854185418542, 0.7567506750675067], [108.91869186918692, 0.7571257125712572], [108.91846684668467, 0.7571257125712572]], [[108.98252325232522, 0.906990699069907], [108.98274827482747, 0.9067656765676567], [108.98282328232823, 0.906990699069907], [108.98252325232522, 0.906990699069907]], [[108.95004500450045, 0.8533603360336033], [108.95034503450344, 0.853060306030603], [108.95019501950195, 0.8533603360336033], [108.95004500450045, 0.8533603360336033]], [[108.96587158715872, 0.914941494149415], [108.96594659465946, 0.9146414641464147], [108.9661716171617, 0.914941494149415], [108.96587158715872, 0.914941494149415]], [[108.98402340234023, 0.9032403240324032], [108.98409840984098, 0.9028652865286528], [108.98417341734174, 0.9031653165316531], [108.98402340234023, 0.9032403240324032]], [[108.92776777677767, 0.8615361536153615], [108.92754275427542, 0.8611611161116112], [108.92776777677767, 0.8611611161116112], [108.92776777677767, 0.8615361536153615]], [[108.98327332733272, 0.9317431743174317], [108.98349834983497, 0.9313681368136814], [108.98349834983497, 0.9317431743174317], [108.98327332733272, 0.9317431743174317]], [[108.99527452745274, 0.9125412541254125], [108.99542454245424, 0.9122412241224123], [108.99549954995499, 0.9124662466246625], [108.99527452745274, 0.9125412541254125]], [[108.99009900990099, 0.8884638463846385], [108.99039903990399, 0.8883138313831384], [108.99032403240324, 0.8885388538853886], [108.99009900990099, 0.8884638463846385]], [[108.9947494749475, 0.8865136513651365], [108.99504950495049, 0.8862886288628863], [108.99497449744975, 0.8865136513651365], [108.9947494749475, 0.8865136513651365]], [[108.99549954995499, 0.9157665766576657], [108.99572457245723, 0.9155415541554155], [108.99587458745874, 0.9157665766576657], [108.99549954995499, 0.9157665766576657]], [[108.88583858385839, 0.7692769276927692], [108.88606360636064, 0.769051905190519], [108.88606360636064, 0.7692769276927692], [108.88583858385839, 0.7692769276927692]], [[108.96872187218722, 0.9176417641764176], [108.96902190219022, 0.9175667566756676], [108.96872187218722, 0.9178667866786678], [108.96872187218722, 0.9176417641764176]], [[108.92004200420041, 0.754950495049505], [108.92026702670266, 0.7546504650465047], [108.92034203420341, 0.7548754875487549], [108.92004200420041, 0.754950495049505]], [[108.91501650165016, 0.761026102610261], [108.91494149414942, 0.7608010801080107], [108.91509150915091, 0.7606510651065106], [108.91501650165016, 0.761026102610261]], [[108.95124512451245, 0.8935643564356436], [108.95139513951395, 0.8932643264326432], [108.9514701470147, 0.8934893489348935], [108.95124512451245, 0.8935643564356436]], [[108.87608760876087, 0.7820282028202821], [108.87638763876387, 0.7816539153915392], [108.87631263126312, 0.7820282028202821], [108.87608760876087, 0.7820282028202821]], [[108.87931293129313, 0.7952295229522952], [108.87931293129313, 0.7948544854485449], [108.87946294629462, 0.7948544854485449], [108.87931293129313, 0.7952295229522952]], [[108.94194419441943, 0.8592859285928592], [108.94149414941494, 0.859060906090609], [108.94194419441943, 0.8591359135913591], [108.94194419441943, 0.8592859285928592]], [[108.95259525952595, 0.8932643264326432], [108.95289528952895, 0.8929642964296429], [108.95289528952895, 0.8931893189318931], [108.95259525952595, 0.8932643264326432]], [[108.98522352235223, 0.9087158715871587], [108.98522352235223, 0.9083408340834084], [108.98537353735374, 0.9086408640864087], [108.98522352235223, 0.9087158715871587]], [[108.94561956195619, 0.8344584458445845], [108.94584458445844, 0.8341584158415841], [108.94584458445844, 0.8344584458445845], [108.94561956195619, 0.8344584458445845]], [[108.91824182418242, 0.7603510351035103], [108.91816681668166, 0.76005100510051], [108.91831683168317, 0.76005100510051], [108.91824182418242, 0.7603510351035103]], [[108.98357335733573, 0.9144914491449145], [108.98379837983798, 0.9142664266426642], [108.98379837983798, 0.9144914491449145], [108.98357335733573, 0.9144914491449145]], [[108.98687368736873, 0.9114911491149115], [108.98687368736873, 0.9111161116111611], [108.98702370237024, 0.9114911491149115], [108.98687368736873, 0.9114911491149115]], [[108.98462346234624, 0.966996699669967], [108.98477347734773, 0.9667716771677167], [108.98477347734773, 0.966996699669967], [108.98462346234624, 0.966996699669967]], [[108.997299729973, 0.9258175817581759], [108.99752475247524, 0.9255925592559255], [108.99744974497449, 0.9258175817581759], [108.997299729973, 0.9258175817581759]], [[108.99287428742873, 0.9174917491749175], [108.99309930993098, 0.9171917191719172], [108.99309930993098, 0.9174917491749175], [108.99287428742873, 0.9174917491749175]], [[108.88051305130513, 0.8416591659165916], [108.88066306630662, 0.8412841284128413], [108.88073807380738, 0.8412841284128413], [108.88073807380738, 0.8416591659165916], [108.88051305130513, 0.8416591659165916]], [[108.98252325232522, 0.9167416741674167], [108.98274827482747, 0.9165166516651665], [108.98274827482747, 0.9168166816681668], [108.98252325232522, 0.9167416741674167]], [[108.97809780978098, 0.8948394839483949], [108.97832283228323, 0.8946144614461446], [108.97832283228323, 0.8948394839483949], [108.97809780978098, 0.8948394839483949]], [[108.89228922892289, 0.76005100510051], [108.89251425142514, 0.7597509750975098], [108.89243924392439, 0.76005100510051], [108.89228922892289, 0.76005100510051]], [[108.9549204920492, 0.8997149714971497], [108.9552205220522, 0.8994899489948995], [108.9552205220522, 0.8995649564956496], [108.9549204920492, 0.8997149714971497]], [[108.98567356735673, 0.9741224122412241], [108.98597359735973, 0.9738973897389739], [108.98589858985898, 0.9741224122412241], [108.98567356735673, 0.9741224122412241]], [[108.94884488448845, 0.8313831383138314], [108.9490699069907, 0.8311581158115812], [108.94914491449144, 0.8313081308130813], [108.94884488448845, 0.8313831383138314]], [[108.94149414941494, 0.8301830183018302], [108.94164416441645, 0.8298829882988299], [108.94164416441645, 0.8302580258025802], [108.94149414941494, 0.8301830183018302]], [[108.97832283228323, 0.9215421542154215], [108.97854785478548, 0.9213171317131713], [108.97854785478548, 0.9216171617161716], [108.97832283228323, 0.9215421542154215]], [[108.88328832883288, 0.763051305130513], [108.88343834383438, 0.7626012601260126], [108.88343834383438, 0.763051305130513], [108.88328832883288, 0.763051305130513]], [[108.87721272127213, 0.8378337833783378], [108.87743774377438, 0.8375337533753375], [108.87743774377438, 0.8378337833783378], [108.87721272127213, 0.8378337833783378]], [[108.9573207320732, 0.8932643264326432], [108.9576207620762, 0.893039303930393], [108.9576207620762, 0.8931143114311431], [108.9573207320732, 0.8932643264326432]], [[108.98852385238523, 0.9813981398139814], [108.98859885988598, 0.981023102310231], [108.98867386738674, 0.9813231323132313], [108.98852385238523, 0.9813981398139814]], [[108.98792379237923, 0.9760726072607261], [108.98807380738073, 0.9758475847584759], [108.98814881488148, 0.9760726072607261], [108.98792379237923, 0.9760726072607261]], [[108.99077407740774, 0.9765226522652265], [108.99092409240923, 0.9762226222622262], [108.99084908490849, 0.9765226522652265], [108.99077407740774, 0.9765226522652265]], [[108.88696369636963, 0.7762526252625263], [108.88726372637264, 0.7761026102610261], [108.88726372637264, 0.7762526252625263], [108.88696369636963, 0.7762526252625263]], [[108.94216921692168, 0.8528352835283528], [108.9423192319232, 0.8526102610261026], [108.9423192319232, 0.8528352835283528], [108.94216921692168, 0.8528352835283528]], [[108.98319831983198, 0.958070807080708], [108.98342334233423, 0.9578457845784578], [108.98334833483348, 0.958070807080708], [108.98319831983198, 0.958070807080708]], [[108.98649864986498, 0.9072907290729073], [108.98627362736273, 0.906990699069907], [108.98657365736574, 0.9070657065706571], [108.98649864986498, 0.9072907290729073]], [[108.95822082208221, 0.884038403840384], [108.9585208520852, 0.8838883888388839], [108.95844584458446, 0.884038403840384], [108.95822082208221, 0.884038403840384]], [[108.8602610261026, 0.7958295829582958], [108.86048604860486, 0.7956045604560456], [108.86056105610561, 0.7957545754575457], [108.8602610261026, 0.7958295829582958]], [[108.99737473747375, 0.9723222322232223], [108.99744974497449, 0.971947194719472], [108.99752475247524, 0.9722472247224723], [108.99737473747375, 0.9723222322232223]], [[108.94771977197719, 0.810981098109811], [108.94794479447944, 0.8106810681068106], [108.94779477947795, 0.810981098109811], [108.94771977197719, 0.810981098109811]], [[108.98154815481547, 0.8971647164716472], [108.98169816981698, 0.896939693969397], [108.98169816981698, 0.8971647164716472], [108.98154815481547, 0.8971647164716472]], [[108.85808580858085, 0.8025052505250525], [108.85823582358236, 0.8022802280228023], [108.8583108310831, 0.8025802580258026], [108.85808580858085, 0.8025052505250525]], [[108.94126912691269, 0.8814881488148815], [108.94149414941494, 0.8812631263126313], [108.94149414941494, 0.8815631563156315], [108.94126912691269, 0.8814881488148815]], [[108.88381338133813, 0.7764026402640264], [108.88388838883888, 0.7761026102610261], [108.88403840384038, 0.7763276327632763], [108.88381338133813, 0.7764026402640264]], [[108.98769876987699, 0.9120912091209121], [108.98792379237923, 0.9118661866186618], [108.98784878487848, 0.9120912091209121], [108.98769876987699, 0.9120912091209121]], [[108.97847284728472, 0.8973147314731473], [108.97862286228623, 0.8970897089708971], [108.97862286228623, 0.8973147314731473], [108.97847284728472, 0.8973147314731473]], [[108.9511701170117, 0.8974647464746475], [108.95139513951395, 0.8972397239723973], [108.9514701470147, 0.8973897389738974], [108.9511701170117, 0.8974647464746475]], [[108.88201320132013, 0.8001050105010501], [108.88223822382238, 0.7998799879987999], [108.88223822382238, 0.8001050105010501], [108.88201320132013, 0.8001050105010501]], [[108.98364836483648, 0.9189168916891689], [108.98387338733873, 0.9186918691869187], [108.98387338733873, 0.9189168916891689], [108.98364836483648, 0.9189168916891689]], [[108.99317431743174, 0.9661716171617162], [108.99302430243024, 0.9657965796579658], [108.99317431743174, 0.9655715571557155], [108.99317431743174, 0.9661716171617162]], [[108.87946294629462, 0.7748274827482748], [108.87968796879687, 0.7744524452445245], [108.87953795379538, 0.7748274827482748], [108.87946294629462, 0.7748274827482748]], [[108.97629762976297, 0.9456945694569456], [108.97652265226522, 0.9454695469546954], [108.97644764476448, 0.9456945694569456], [108.97629762976297, 0.9456945694569456]], [[108.95229522952295, 0.8774377437743774], [108.9525202520252, 0.8772127212721272], [108.9525202520252, 0.8775127512751275], [108.95229522952295, 0.8774377437743774]], [[108.8599609960996, 0.7939543954395439], [108.86018601860185, 0.7937293729372937], [108.86011101110111, 0.7939543954395439], [108.8599609960996, 0.7939543954395439]], [[108.9520702070207, 0.8952895289528953], [108.9522202220222, 0.8950645064506451], [108.9523702370237, 0.8952887788778877], [108.9520702070207, 0.8952895289528953]], [[108.88531353135313, 0.8502850285028503], [108.88553855385538, 0.8500600060006], [108.88561356135614, 0.8502850285028503], [108.88531353135313, 0.8502850285028503]], [[108.87991299129912, 0.7744524452445245], [108.87998799879988, 0.7742274227422742], [108.88006300630063, 0.7744524452445245], [108.87991299129912, 0.7744524452445245]], [[108.98687368736873, 0.9863486348634863], [108.98672367236723, 0.9861236123612361], [108.98694869486948, 0.9861236123612361], [108.98687368736873, 0.9863486348634863]], [[108.85103510351036, 0.7927542754275427], [108.85118511851185, 0.7925292529252925], [108.8512601260126, 0.7927542754275427], [108.85103510351036, 0.7927542754275427]], [[108.9923492349235, 0.9643714371437144], [108.99264926492648, 0.9642214221422142], [108.99272427242724, 0.9643714371437144], [108.9923492349235, 0.9643714371437144]], [[108.94216921692168, 0.881938193819382], [108.94239423942393, 0.8817131713171317], [108.94246924692469, 0.8818631863186318], [108.94216921692168, 0.881938193819382]], [[108.98199819981998, 0.9129162916291629], [108.98222322232223, 0.9126912691269127], [108.98214821482148, 0.9129162916291629], [108.98199819981998, 0.9129162916291629]], [[108.93684368436843, 0.8466096609660966], [108.93714371437143, 0.8463846384638464], [108.93699369936994, 0.8466096609660966], [108.93684368436843, 0.8466096609660966]], [[108.97982298229823, 0.9120162016201621], [108.98004800480048, 0.9117911791179117], [108.97997299729973, 0.9120162016201621], [108.97982298229823, 0.9120162016201621]], [[108.97569756975697, 0.9036903690369037], [108.97592259225922, 0.9035403540354036], [108.97584758475847, 0.9036903690369037], [108.97569756975697, 0.9036903690369037]], [[108.98799879987999, 0.9023402340234024], [108.98807380738073, 0.901965196519652], [108.98814881488148, 0.9023402340234024], [108.98799879987999, 0.9023402340234024]], [[108.9532703270327, 0.8963396339633963], [108.9534203420342, 0.8961146114611461], [108.95349534953495, 0.8963396339633963], [108.9532703270327, 0.8963396339633963]], [[108.87338733873388, 0.8394089408940895], [108.87353735373537, 0.8391839183918391], [108.87353735373537, 0.8394089408940895], [108.87338733873388, 0.8394089408940895]], [[108.89491449144914, 0.7734023402340233], [108.89513951395139, 0.7731773177317731], [108.89521452145215, 0.7733273327332733], [108.89491449144914, 0.7734023402340233]], [[108.95784578457845, 0.8826882688268827], [108.9580708070807, 0.8824632463246325], [108.9580708070807, 0.8826882688268827], [108.95784578457845, 0.8826882688268827]], [[108.99189918991898, 0.996924692469247], [108.99204920492049, 0.9966246624662466], [108.99204920492049, 0.9968496849684968], [108.99189918991898, 0.996924692469247]], [[108.98282328232823, 0.9543204320432043], [108.98267326732673, 0.954020402040204], [108.98282328232823, 0.954020402040204], [108.98282328232823, 0.9543204320432043]], [[108.98567356735673, 0.9120162016201621], [108.98582358235824, 0.9117911791179117], [108.98589858985898, 0.9120912091209121], [108.98567356735673, 0.9120162016201621]], [[108.87053705370536, 0.8053555355535553], [108.87076207620761, 0.8051305130513051], [108.87083708370837, 0.8052805280528053], [108.87053705370536, 0.8053555355535553]], [[108.86971197119712, 0.7873537353735374], [108.87001200120012, 0.7872037203720372], [108.86971197119712, 0.7875037503750375], [108.86971197119712, 0.7873537353735374]], [[108.98312331233123, 0.896939693969397], [108.98327332733272, 0.8964896489648965], [108.98319831983198, 0.896939693969397], [108.98312331233123, 0.896939693969397]], [[108.98079807980798, 0.8962646264626463], [108.98094809480948, 0.895964596459646], [108.98094809480948, 0.8961896189618962], [108.98079807980798, 0.8962646264626463]], [[108.89063906390639, 0.7736273627362736], [108.89086408640864, 0.7733273327332733], [108.89078907890789, 0.7736273627362736], [108.89063906390639, 0.7736273627362736]], [[108.99549954995499, 0.918016801680168], [108.99572457245723, 0.9177917791779178], [108.9956495649565, 0.918016801680168], [108.99549954995499, 0.918016801680168]], [[108.99047404740473, 0.915916591659166], [108.99054905490549, 0.9156165616561656], [108.99062406240624, 0.9158415841584159], [108.99047404740473, 0.915916591659166]], [[108.98582358235824, 0.9036903690369037], [108.98597359735973, 0.9033153315331534], [108.98604860486049, 0.9036903690369037], [108.98582358235824, 0.9036903690369037]], [[108.9564206420642, 0.8838883888388839], [108.95664566456645, 0.8837383738373837], [108.95664566456645, 0.8838883888388839], [108.9564206420642, 0.8838883888388839]], [[108.98597359735973, 0.8977647764776477], [108.98612361236123, 0.8975397539753975], [108.98619861986198, 0.8976897689768977], [108.98597359735973, 0.8977647764776477]], [[108.98522352235223, 0.9277677767776777], [108.98544854485448, 0.9276177617761776], [108.98544854485448, 0.9277677767776777], [108.98522352235223, 0.9277677767776777]], [[108.98627362736273, 0.9048154815481548], [108.98634863486348, 0.9045154515451546], [108.98642364236423, 0.9047404740474048], [108.98627362736273, 0.9048154815481548]], [[108.9538703870387, 0.8946894689468947], [108.95394539453945, 0.8943144314431443], [108.95394539453945, 0.8946894689468947], [108.9538703870387, 0.8946894689468947]], [[108.94171917191719, 0.8515601560156015], [108.94194419441943, 0.8513351335133513], [108.9418691869187, 0.8515601560156015], [108.94171917191719, 0.8515601560156015]], [[108.87338733873388, 0.7908790879087908], [108.87353735373537, 0.7906540654065406], [108.87353735373537, 0.7909540954095409], [108.87338733873388, 0.7908790879087908]], [[108.86153615361536, 0.795004500450045], [108.86176117611761, 0.7948544854485449], [108.86176117611761, 0.7950795079507951], [108.86153615361536, 0.795004500450045]], [[108.98634863486348, 0.960996099609961], [108.98649864986498, 0.9606960696069606], [108.98649864986498, 0.960996099609961], [108.98634863486348, 0.960996099609961]], [[108.98589858985898, 0.9048154815481548], [108.98612361236123, 0.9045904590459046], [108.98604860486049, 0.9048154815481548], [108.98589858985898, 0.9048154815481548]], [[108.98957395739573, 0.9561956195619562], [108.98964896489649, 0.9560456045604561], [108.98972397239723, 0.9563456345634563], [108.98957395739573, 0.9561956195619562]], [[108.88478847884788, 0.8235823582358236], [108.88501350135013, 0.8237323732373237], [108.88478847884788, 0.8238073807380738], [108.88478847884788, 0.8235823582358236]], [[108.91081608160816, 0.7593009300930093], [108.91066606660665, 0.759075907590759], [108.9108910891089, 0.759075907590759], [108.91081608160816, 0.7593009300930093]], [[108.98042304230422, 0.9227422742274227], [108.98064806480647, 0.9226672667266727], [108.98042304230422, 0.9229672967296729], [108.98042304230422, 0.9227422742274227]], [[108.88231323132312, 0.7742274227422742], [108.88246324632463, 0.7739273927392739], [108.88246324632463, 0.7741524152415241], [108.88231323132312, 0.7742274227422742]], [[108.99549954995499, 0.9141914191419142], [108.99572457245723, 0.913966396639664], [108.9956495649565, 0.9141914191419142], [108.99549954995499, 0.9141914191419142]], [[108.86378637863787, 0.8121062106210621], [108.86401140114012, 0.8118811881188118], [108.86401140114012, 0.8121062106210621], [108.86378637863787, 0.8121062106210621]], [[108.98042304230422, 0.9885988598859886], [108.98072307230723, 0.9883738373837384], [108.98072307230723, 0.9885238523852385], [108.98042304230422, 0.9885988598859886]], [[108.93871887188719, 0.8782628262826282], [108.93894389438944, 0.8781128112811281], [108.93894389438944, 0.8782628262826282], [108.93871887188719, 0.8782628262826282]], [[108.89566456645665, 0.7547254725472547], [108.89558955895589, 0.7545004500450045], [108.89581458145814, 0.7545004500450045], [108.89566456645665, 0.7547254725472547]], [[108.89326432643264, 0.754950495049505], [108.89348934893489, 0.7547254725472547], [108.89348934893489, 0.754950495049505], [108.89326432643264, 0.754950495049505]], [[108.8993399339934, 0.7693519351935193], [108.89956495649565, 0.7692019201920192], [108.89963996399639, 0.7693519351935193], [108.8993399339934, 0.7693519351935193]], [[108.94209420942094, 0.8463096309630963], [108.9423192319232, 0.8460846084608461], [108.94224422442244, 0.8463096309630963], [108.94209420942094, 0.8463096309630963]], [[108.9595709570957, 0.8988148814881488], [108.95979597959796, 0.8987398739873987], [108.95979597959796, 0.8988898889888989], [108.9595709570957, 0.8988148814881488]], [[108.88703870387039, 0.7670267026702671], [108.88726372637264, 0.7668766876687668], [108.88726372637264, 0.7670267026702671], [108.88703870387039, 0.7670267026702671]], [[108.97164716471647, 0.9308430843084309], [108.97164716471647, 0.9306180618061806], [108.97179717971797, 0.9307680768076808], [108.97164716471647, 0.9308430843084309]], [[108.99422442244224, 0.8997899789978998], [108.9944494449445, 0.8996399639963997], [108.9944494449445, 0.8997899789978998], [108.99422442244224, 0.8997899789978998]], [[108.99587458745874, 0.944944494449445], [108.99609960996099, 0.9448694869486949], [108.99609960996099, 0.945019501950195], [108.99587458745874, 0.944944494449445]], [[108.98514851485147, 0.9258925892589259], [108.98522352235223, 0.9255925592559255], [108.98529852985298, 0.9258175817581759], [108.98514851485147, 0.9258925892589259]], [[108.98822382238224, 0.9028652865286528], [108.98844884488449, 0.9026402640264026], [108.98837383738373, 0.9028652865286528], [108.98822382238224, 0.9028652865286528]], [[108.98012301230122, 0.9095409540954096], [108.98027302730273, 0.9093159315931593], [108.98027302730273, 0.9095409540954096], [108.98012301230122, 0.9095409540954096]], [[108.99099909990998, 0.8939393939393939], [108.99107410741074, 0.8937143714371437], [108.9911491149115, 0.8939393939393939], [108.99099909990998, 0.8939393939393939]], [[108.99092409240923, 0.8887638763876388], [108.99122412241223, 0.8888388838883888], [108.99092409240923, 0.8888388838883888], [108.99092409240923, 0.8887638763876388]], [[108.93976897689768, 0.8277827782778278], [108.93999399939993, 0.8276327632763276], [108.93999399939993, 0.8277827782778278], [108.93976897689768, 0.8277827782778278]], [[108.98957395739573, 0.903015301530153], [108.98979897989798, 0.9029402940294029], [108.98979897989798, 0.903090309030903], [108.98957395739573, 0.903015301530153]], [[108.88786378637863, 0.7664266426642664], [108.88801380138014, 0.7661266126612661], [108.88801380138014, 0.7664266426642664], [108.88786378637863, 0.7664266426642664]], [[108.98297329732974, 0.909015901590159], [108.98312331233123, 0.9087908790879088], [108.98312331233123, 0.909015901590159], [108.98297329732974, 0.909015901590159]], [[108.97847284728472, 0.9444944494449445], [108.97862286228623, 0.9442694269426942], [108.97862286228623, 0.9444194419441945], [108.97847284728472, 0.9444944494449445]], [[108.98784878487848, 0.9100660066006601], [108.98799879987999, 0.9099159915991599], [108.98799879987999, 0.9100660066006601], [108.98784878487848, 0.9100660066006601]], [[108.87706270627062, 0.837008700870087], [108.87728772877287, 0.836933693369337], [108.87721272127213, 0.8370837083708371], [108.87706270627062, 0.837008700870087]], [[108.93901890189018, 0.8244824482448245], [108.93916891689169, 0.8242574257425742], [108.93916891689169, 0.8244824482448245], [108.93901890189018, 0.8244824482448245]], [[108.97727272727272, 0.921017101710171], [108.97749774977497, 0.9208670867086709], [108.97749774977497, 0.9210921092109211], [108.97727272727272, 0.921017101710171]], [[108.85201020102011, 0.7887788778877888], [108.8521602160216, 0.7884788478847885], [108.8521602160216, 0.7887788778877888], [108.85201020102011, 0.7887788778877888]], [[108.9063906390639, 0.7627512751275127], [108.90654065406541, 0.7625262526252625], [108.90654065406541, 0.7626762676267627], [108.9063906390639, 0.7627512751275127]], [[108.98717371737173, 0.9055655565556555], [108.98732373237323, 0.9052655265526552], [108.98724872487249, 0.9055655565556555], [108.98717371737173, 0.9055655565556555]], [[108.88013801380137, 0.8321332133213322], [108.88028802880288, 0.831908190819082], [108.88028802880288, 0.8321332133213322], [108.88013801380137, 0.8321332133213322]], [[108.99242424242424, 0.906990699069907], [108.99264926492648, 0.9068406840684068], [108.99264926492648, 0.9070657065706571], [108.99242424242424, 0.906990699069907]], [[108.99069906990698, 0.9117161716171617], [108.99084908490849, 0.9115661566156615], [108.99084908490849, 0.9117161716171617], [108.99069906990698, 0.9117161716171617]], [[108.98897389738974, 0.9035403540354036], [108.98919891989199, 0.9033903390339034], [108.98912391239124, 0.9035403540354036], [108.98897389738974, 0.9035403540354036]], [[108.98987398739874, 0.9001650165016502], [108.99009900990099, 0.90001500150015], [108.99009900990099, 0.9001650165016502], [108.98987398739874, 0.9001650165016502]], [[108.98372337233722, 0.9423192319231923], [108.98394839483947, 0.9421692169216922], [108.98394839483947, 0.9423192319231923], [108.98372337233722, 0.9423192319231923]], [[108.99047404740473, 0.9136663666366637], [108.99069906990698, 0.9135163516351635], [108.99062406240624, 0.9136663666366637], [108.99047404740473, 0.9136663666366637]], [[108.99384938493849, 0.9099159915991599], [108.99407440744073, 0.9098409840984099], [108.99399939994, 0.90999099909991], [108.99384938493849, 0.9099159915991599]], [[108.95559555955595, 0.8800630063006301], [108.95574557455745, 0.8798379837983799], [108.95574557455745, 0.8800630063006301], [108.95559555955595, 0.8800630063006301]], [[108.98012301230122, 0.9673717371737174], [108.98034803480347, 0.9675217521752175], [108.98012301230122, 0.9675217521752175], [108.98012301230122, 0.9673717371737174]], [[108.96234623462345, 0.9141914191419142], [108.96249624962496, 0.9143414341434143], [108.96227122712271, 0.9143414341434143], [108.96234623462345, 0.9141914191419142]], [[108.98702370237024, 0.9820732073207321], [108.98717371737173, 0.9818481848184818], [108.98717371737173, 0.9820732073207321], [108.98702370237024, 0.9820732073207321]], [[108.94779477947795, 0.8425592559255926], [108.94794479447944, 0.8427842784278428], [108.94779477947795, 0.8427842784278428], [108.94779477947795, 0.8425592559255926]], [[108.93324332433242, 0.8739123912391239], [108.93339333933393, 0.8737623762376238], [108.93339333933393, 0.8739123912391239], [108.93324332433242, 0.8739123912391239]], [[108.98094809480948, 0.9234173417341734], [108.98117311731173, 0.9232673267326732], [108.98109810981097, 0.9234923492349235], [108.98094809480948, 0.9234173417341734]], [[108.85928592859285, 0.8302580258025802], [108.8595109510951, 0.8301830183018302], [108.85943594359436, 0.8303330333033303], [108.85928592859285, 0.8302580258025802]], [[108.93699369936994, 0.8831383138313831], [108.93714371437143, 0.8833633363336334], [108.93699369936994, 0.8833633363336334], [108.93699369936994, 0.8831383138313831]], [[108.97869786978697, 0.9343684368436844], [108.97892289228922, 0.9342184218421842], [108.97884788478848, 0.9343684368436844], [108.97869786978697, 0.9343684368436844]], [[108.86671167116711, 0.8314581458145814], [108.86686168616862, 0.8312331233123312], [108.86686168616862, 0.8314581458145814], [108.86671167116711, 0.8314581458145814]], [[108.98424842484248, 0.894989498949895], [108.98439843984399, 0.8947644764476448], [108.98439843984399, 0.894989498949895], [108.98424842484248, 0.894989498949895]], [[108.98147314731473, 0.8965646564656465], [108.98169816981698, 0.8964146414641464], [108.98162316231623, 0.8965646564656465], [108.98147314731473, 0.8965646564656465]], [[108.97337233723371, 0.8962646264626463], [108.97352235223522, 0.8961146114611461], [108.97359735973598, 0.8962646264626463], [108.97337233723371, 0.8962646264626463]], [[108.98619861986198, 0.896939693969397], [108.98634863486348, 0.8967146714671467], [108.98627362736273, 0.896939693969397], [108.98619861986198, 0.896939693969397]], [[108.8970897089709, 0.7745274527452746], [108.89731473147314, 0.7746774677467747], [108.8970897089709, 0.7746774677467747], [108.8970897089709, 0.7745274527452746]], [[108.98604860486049, 0.9100660066006601], [108.98619861986198, 0.9098409840984099], [108.98619861986198, 0.9101410141014101], [108.98604860486049, 0.9100660066006601]], [[108.98649864986498, 0.9004650465046504], [108.98664866486648, 0.9003150315031503], [108.98672367236723, 0.9005400540054005], [108.98649864986498, 0.9004650465046504]], [[108.98147314731473, 0.9007650765076507], [108.98154815481547, 0.9004650465046504], [108.98162316231623, 0.9006900690069006], [108.98147314731473, 0.9007650765076507]], [[108.99699969996999, 0.954995499549955], [108.99722472247224, 0.9551455145514551], [108.99699969996999, 0.9551455145514551], [108.99699969996999, 0.954995499549955]], [[108.88516351635164, 0.7532253225322532], [108.88531353135313, 0.753000300030003], [108.88531353135313, 0.7532253225322532], [108.88516351635164, 0.7532253225322532]], [[108.98747374737474, 0.9891239123912391], [108.98769876987699, 0.9888238823882388], [108.98762376237623, 0.9891239123912391], [108.98747374737474, 0.9891239123912391]], [[108.98387338733873, 0.9956495649564957], [108.98402340234023, 0.9957995799579958], [108.98387338733873, 0.9958745874587459], [108.98387338733873, 0.9956495649564957]], [[108.98567356735673, 0.975922592259226], [108.98589858985898, 0.9760726072607261], [108.98567356735673, 0.9760726072607261], [108.98567356735673, 0.975922592259226]], [[108.87781278127812, 0.8364086408640864], [108.87796279627963, 0.8365586558655865], [108.87781278127812, 0.8366336633663366], [108.87781278127812, 0.8364086408640864]], [[108.88186318631863, 0.8055055505550555], [108.88193819381938, 0.8052805280528053], [108.88193819381938, 0.8055055505550555], [108.88186318631863, 0.8055055505550555]], [[108.94074407440743, 0.8379087908790879], [108.94096909690968, 0.8377587758775877], [108.94089408940894, 0.8379087908790879], [108.94074407440743, 0.8379087908790879]], [[108.95244524452445, 0.8955145514551455], [108.9525202520252, 0.8952895289528953], [108.95259525952595, 0.8955145514551455], [108.95244524452445, 0.8955145514551455]], [[108.98447344734473, 0.8982898289828982], [108.98462346234624, 0.8981398139813981], [108.98469846984698, 0.8982898289828982], [108.98447344734473, 0.8982898289828982]], [[108.98042304230422, 0.9906990699069907], [108.98057305730573, 0.9905490549054905], [108.98064806480647, 0.9907740774077408], [108.98042304230422, 0.9906990699069907]], [[108.99212421242123, 0.9463696369636964], [108.9923492349235, 0.9465196519651965], [108.99212421242123, 0.9465196519651965], [108.99212421242123, 0.9463696369636964]], [[108.9430693069307, 0.884038403840384], [108.94329432943294, 0.8841884188418841], [108.9430693069307, 0.8841884188418841], [108.9430693069307, 0.884038403840384]], [[108.98124812481248, 0.8920642064206421], [108.98139813981398, 0.8922142214221422], [108.98124812481248, 0.8922892289228923], [108.98124812481248, 0.8920642064206421]], [[108.87496249624962, 0.7826282628262826], [108.87488748874887, 0.7824032403240324], [108.87503750375038, 0.7824032403240324], [108.87496249624962, 0.7826282628262826]], [[108.8942394239424, 0.7556255625562556], [108.89438943894389, 0.7557755775577557], [108.8942394239424, 0.7558505850585058], [108.8942394239424, 0.7556255625562556]], [[108.98694869486948, 0.9156165616561656], [108.98709870987098, 0.9158415841584159], [108.98694869486948, 0.9158415841584159], [108.98694869486948, 0.9156165616561656]], [[108.87248724872487, 0.7831533153315331], [108.87263726372638, 0.7832283228322832], [108.87248724872487, 0.7832283228322832], [108.87248724872487, 0.7831533153315331]], [[108.98964896489649, 0.9462946294629463], [108.98979897989798, 0.9460696069606961], [108.98979897989798, 0.9462946294629463], [108.98964896489649, 0.9462946294629463]], [[108.94021902190218, 0.8285328532853286], [108.94036903690369, 0.8283828382838283], [108.94036903690369, 0.8286078607860786], [108.94021902190218, 0.8285328532853286]], [[108.87211221122112, 0.8370837083708371], [108.87226222622262, 0.836933693369337], [108.87233723372337, 0.8371587158715872], [108.87211221122112, 0.8370837083708371]], [[108.87316231623161, 0.7878037803780378], [108.87331233123312, 0.7875787578757876], [108.87331233123312, 0.7878037803780378], [108.87316231623161, 0.7878037803780378]], [[108.95994599459945, 0.90999099909991], [108.96009600960096, 0.9097659765976598], [108.96009600960096, 0.90999099909991], [108.95994599459945, 0.90999099909991]], [[108.97869786978697, 0.9020402040204021], [108.97884788478848, 0.9021902190219022], [108.97869786978697, 0.9022652265226523], [108.97869786978697, 0.9020402040204021]], [[108.89146414641463, 0.7547254725472547], [108.89168916891688, 0.7548754875487549], [108.89146414641463, 0.7548754875487549], [108.89146414641463, 0.7547254725472547]], [[108.99392439243924, 0.90001500150015], [108.99407440744073, 0.9001650165016502], [108.99392439243924, 0.9002400240024002], [108.99392439243924, 0.90001500150015]], [[108.99189918991898, 0.9313681368136814], [108.99204920492049, 0.9312181218121812], [108.99204920492049, 0.9313681368136814], [108.99189918991898, 0.9313681368136814]], [[108.86836183618361, 0.7891539153915391], [108.86858685868587, 0.7892289228922892], [108.86836183618361, 0.7893039303930393], [108.86836183618361, 0.7891539153915391]], [[108.86723672367236, 0.8291329132913291], [108.86746174617461, 0.8291329132913291], [108.86723672367236, 0.8292829282928292], [108.86723672367236, 0.8291329132913291]], [[108.98979897989798, 0.9054155415541554], [108.98994899489949, 0.9052655265526552], [108.98994899489949, 0.9054905490549054], [108.98979897989798, 0.9054155415541554]], [[108.99182418241824, 0.9072907290729073], [108.99197419741974, 0.9071407140714072], [108.99197419741974, 0.9073657365736574], [108.99182418241824, 0.9072907290729073]], [[108.9992499249925, 0.924017401740174], [108.99947494749475, 0.9241674167416741], [108.9992499249925, 0.9241674167416741], [108.9992499249925, 0.924017401740174]], [[108.8957395739574, 0.7642514251425142], [108.89596459645965, 0.7644014401440143], [108.8957395739574, 0.7644014401440143], [108.8957395739574, 0.7642514251425142]], [[108.88148814881488, 0.7701020102010201], [108.88163816381638, 0.7703270327032703], [108.88148814881488, 0.7703270327032703], [108.88148814881488, 0.7701020102010201]], [[108.91216621662166, 0.8624362436243624], [108.9123912391239, 0.8625862586258626], [108.91216621662166, 0.8625862586258626], [108.91216621662166, 0.8624362436243624]], [[108.99189918991898, 0.9884488448844885], [108.99197419741974, 0.9882238223822383], [108.99197419741974, 0.9884488448844885], [108.99189918991898, 0.9884488448844885]], [[108.98537353735374, 0.9861986198619862], [108.98559855985599, 0.9862736273627363], [108.98537353735374, 0.9863486348634863], [108.98537353735374, 0.9861986198619862]], [[108.97704770477047, 0.9078157815781578], [108.97719771977198, 0.9079657965796579], [108.97704770477047, 0.908040804080408], [108.97704770477047, 0.9078157815781578]], [[108.99182418241824, 0.9060906090609061], [108.99197419741974, 0.9062406240624062], [108.99182418241824, 0.9063156315631563], [108.99182418241824, 0.9060906090609061]], [[108.97254725472547, 0.8993399339933993], [108.97277227722772, 0.8994149414941495], [108.97254725472547, 0.8994899489948995], [108.97254725472547, 0.8993399339933993]], [[108.95582058205821, 0.8965646564656465], [108.95589558955895, 0.8963396339633963], [108.9559705970597, 0.8966396639663966], [108.95582058205821, 0.8965646564656465]], [[108.9501200120012, 0.8892139213921392], [108.9502700270027, 0.889063906390639], [108.9502700270027, 0.8892139213921392], [108.9501200120012, 0.8892139213921392]], [[108.9501200120012, 0.8097809780978098], [108.9502700270027, 0.8095559555955596], [108.95019501950195, 0.8097809780978098], [108.9501200120012, 0.8097809780978098]], [[108.99399939994, 0.9122412241224123], [108.99414941494149, 0.9120912091209121], [108.99414941494149, 0.9123162316231623], [108.99399939994, 0.9122412241224123]], [[108.98117311731173, 0.9042154215421542], [108.98139813981398, 0.9042154215421542], [108.98117311731173, 0.9042904290429042], [108.98117311731173, 0.9042154215421542]], [[108.97247224722472, 0.9368436843684368], [108.97269726972696, 0.936918691869187], [108.97247224722472, 0.936918691869187], [108.97247224722472, 0.9368436843684368]], [[108.89843984398439, 0.7563756375637564], [108.8985898589859, 0.7565256525652565], [108.89843984398439, 0.7565256525652565], [108.89843984398439, 0.7563756375637564]], [[108.9911491149115, 0.914041404140414], [108.99129912991299, 0.9141914191419142], [108.9911491149115, 0.9142664266426642], [108.9911491149115, 0.914041404140414]], [[108.95859585958596, 0.8865886588658866], [108.95874587458745, 0.8867386738673867], [108.95859585958596, 0.8867386738673867], [108.95859585958596, 0.8865886588658866]], [[108.94344434443444, 0.8718871887188719], [108.94359435943593, 0.8720372037203721], [108.94344434443444, 0.8720372037203721], [108.94344434443444, 0.8718871887188719]], [[108.88073807380738, 0.8298079807980798], [108.88088808880887, 0.82995799579958], [108.88073807380738, 0.82995799579958], [108.88073807380738, 0.8298079807980798]], [[108.91419141914191, 0.7541254125412541], [108.91434143414341, 0.7542754275427542], [108.91419141914191, 0.7542754275427542], [108.91419141914191, 0.7541254125412541]], [[108.95364536453646, 0.8796879687968797], [108.95379537953795, 0.8798379837983799], [108.95364536453646, 0.8798379837983799], [108.95364536453646, 0.8796879687968797]], [[108.84578457845784, 0.8064056405640564], [108.84593459345935, 0.8065556555655565], [108.84578457845784, 0.8066306630663066], [108.84578457845784, 0.8064056405640564]], [[108.97862286228623, 0.9456945694569456], [108.97877287728772, 0.9455445544554455], [108.97877287728772, 0.9457695769576958], [108.97862286228623, 0.9456945694569456]], [[108.87631263126312, 0.8384338433843385], [108.87646264626463, 0.8382838283828382], [108.87646264626463, 0.8385088508850885], [108.87631263126312, 0.8384338433843385]], [[108.98477347734773, 0.9135163516351635], [108.98492349234922, 0.9136663666366637], [108.98477347734773, 0.9136663666366637], [108.98477347734773, 0.9135163516351635]], [[108.86326132613262, 0.8121812181218122], [108.86341134113411, 0.8123312331233123], [108.86326132613262, 0.8124062406240624], [108.86326132613262, 0.8121812181218122]], [[108.89363936393639, 0.755025502550255], [108.8937893789379, 0.7551755175517552], [108.89363936393639, 0.7551755175517552], [108.89363936393639, 0.755025502550255]], [[108.94524452445245, 0.8591359135913591], [108.94539453945394, 0.8592859285928592], [108.94524452445245, 0.8592859285928592], [108.94524452445245, 0.8591359135913591]], [[108.88313831383138, 0.8451845184518452], [108.88328832883288, 0.8453345334533453], [108.88313831383138, 0.8453345334533453], [108.88313831383138, 0.8451845184518452]], [[108.99212421242123, 0.898064806480648], [108.9923492349235, 0.897989798979898], [108.9923492349235, 0.8981398139813981], [108.99212421242123, 0.898064806480648]], [[108.99227422742274, 0.8775127512751275], [108.99242424242424, 0.8776627662766276], [108.99227422742274, 0.8776627662766276], [108.99227422742274, 0.8775127512751275]], [[108.84728472847284, 0.804005400540054], [108.84743474347435, 0.8041554155415541], [108.84728472847284, 0.8041554155415541], [108.84728472847284, 0.804005400540054]], [[108.97854785478548, 0.9011401140114011], [108.97869786978697, 0.9012901290129013], [108.97854785478548, 0.9012901290129013], [108.97854785478548, 0.9011401140114011]], [[108.98207320732072, 0.8931893189318931], [108.98222322232223, 0.8933393339333934], [108.98207320732072, 0.8933393339333934], [108.98207320732072, 0.8931893189318931]], [[108.86671167116711, 0.8301830183018302], [108.86686168616862, 0.83003300330033], [108.86686168616862, 0.8302580258025802], [108.86671167116711, 0.8301830183018302]], [[108.89798979897989, 0.7737023702370237], [108.8981398139814, 0.7738523852385238], [108.89798979897989, 0.7738523852385238], [108.89798979897989, 0.7737023702370237]], [[108.98739873987398, 0.9864986498649865], [108.98762376237623, 0.9864236423642364], [108.98762376237623, 0.9864986498649865], [108.98739873987398, 0.9864986498649865]], [[108.96699669966996, 0.9179417941794179], [108.96714671467146, 0.918091809180918], [108.96699669966996, 0.918091809180918], [108.96699669966996, 0.9179417941794179]], [[108.88373837383737, 0.8254575457545754], [108.88388838883888, 0.8256075607560756], [108.88373837383737, 0.8256075607560756], [108.88373837383737, 0.8254575457545754]], [[108.93451845184518, 0.8796879687968797], [108.93466846684669, 0.8798379837983799], [108.93451845184518, 0.8798379837983799], [108.93451845184518, 0.8796879687968797]], [[108.99962496249624, 0.9355685568556855], [108.99984998499849, 0.9356435643564356], [108.99962496249624, 0.9356435643564356], [108.99962496249624, 0.9355685568556855]], [[108.93181818181817, 0.8520852085208521], [108.93189318931893, 0.8517851785178517], [108.93189318931893, 0.8520852085208521], [108.93181818181817, 0.8520852085208521]], [[108.89131413141314, 0.7509000900090008], [108.89146414641463, 0.7510501050105011], [108.89131413141314, 0.7510501050105011], [108.89131413141314, 0.7509000900090008]], [[108.91756675667567, 0.7592259225922592], [108.91771677167716, 0.7593759375937593], [108.91756675667567, 0.7593759375937593], [108.91756675667567, 0.7592259225922592]], [[108.89296429642964, 0.7638013801380138], [108.89311431143113, 0.7639513951395139], [108.89296429642964, 0.7639513951395139], [108.89296429642964, 0.7638013801380138]], [[108.98334833483348, 0.8955145514551455], [108.98357335733573, 0.8955895589558955], [108.98334833483348, 0.8956645664566456], [108.98334833483348, 0.8955145514551455]], [[108.89371437143714, 0.7511251125112511], [108.8937893789379, 0.7509000900090008], [108.8937893789379, 0.7511251125112511], [108.89371437143714, 0.7511251125112511]], [[108.98942394239424, 0.9141164116411641], [108.98957395739573, 0.9142664266426642], [108.98942394239424, 0.9142664266426642], [108.98942394239424, 0.9141164116411641]], [[108.9068406840684, 0.7631263126312631], [108.90699069906991, 0.7632763276327632], [108.9068406840684, 0.7632763276327632], [108.9068406840684, 0.7631263126312631]], [[108.87293729372936, 0.7879537953795379], [108.87308730873087, 0.788103810381038], [108.87293729372936, 0.788103810381038], [108.87293729372936, 0.7879537953795379]], [[108.89776477647764, 0.7743774377437743], [108.89791479147914, 0.7745274527452746], [108.89776477647764, 0.7745274527452746], [108.89776477647764, 0.7743774377437743]], [[108.99047404740473, 0.9048154815481548], [108.99062406240624, 0.9046654665466547], [108.99062406240624, 0.9047404740474048], [108.99047404740473, 0.9048154815481548]], [[108.94651965196519, 0.8886138613861386], [108.9466696669667, 0.8886888688868887], [108.94651965196519, 0.8886888688868887], [108.94651965196519, 0.8886138613861386]], [[108.9526702670267, 0.895964596459646], [108.9528202820282, 0.8958145814581459], [108.9528202820282, 0.8960396039603961], [108.9526702670267, 0.895964596459646]], [[108.99392439243924, 0.9731473147314731], [108.99407440744073, 0.9732223222322233], [108.99392439243924, 0.9732973297329733], [108.99392439243924, 0.9731473147314731]], [[108.94171917191719, 0.8453345334533453], [108.9418691869187, 0.8454845484548454], [108.94171917191719, 0.8454845484548454], [108.94171917191719, 0.8453345334533453]], [[108.99249924992499, 0.8913148814881489], [108.99264926492648, 0.8914641464146414], [108.99249924992499, 0.8914641464146414], [108.99249924992499, 0.8913148814881489]], [[108.88478847884788, 0.8506600660066006], [108.88493774377437, 0.8508100810081007], [108.88478847884788, 0.8508100810081007], [108.88478847884788, 0.8506600660066006]], [[108.98027302730273, 0.8922892289228923], [108.98042304230422, 0.8922142214221422], [108.98042304230422, 0.8923642364236424], [108.98027302730273, 0.8922892289228923]], [[108.89461446144614, 0.7728022802280228], [108.8946894689469, 0.7729522952295229], [108.8945394539454, 0.7729522952295229], [108.89461446144614, 0.7728022802280228]], [[108.98852385238523, 0.9156165616561656], [108.98867386738674, 0.9155415541554155], [108.98867386738674, 0.9156165616561656], [108.98852385238523, 0.9156165616561656]], [[108.99204920492049, 0.914941494149415], [108.99212421242123, 0.9151665166516652], [108.99204920492049, 0.9151665166516652], [108.99204920492049, 0.914941494149415]], [[108.87631263126312, 0.8425592559255926], [108.87646264626463, 0.8424842484248425], [108.87646264626463, 0.8425592559255926], [108.87631263126312, 0.8425592559255926]], [[108.94929492949295, 0.8564356435643564], [108.94944494449445, 0.8565106510651065], [108.94929492949295, 0.8565856585658566], [108.94929492949295, 0.8564356435643564]], [[108.91734173417342, 0.7575007500750075], [108.91749174917491, 0.7575757575757576], [108.91749174917491, 0.7576507650765076], [108.91734173417342, 0.7576507650765076], [108.91734173417342, 0.7575007500750075]], [[108.86768676867686, 0.7931293129312931], [108.86783678367837, 0.7932043204320431], [108.86768676867686, 0.7932043204320431], [108.86768676867686, 0.7931293129312931]], [[108.89843984398439, 0.7731773177317731], [108.89851485148515, 0.7733273327332733], [108.89836483648365, 0.7733273327332733], [108.89843984398439, 0.7731773177317731]], [[108.97007200720071, 0.9223672367236724], [108.97022202220222, 0.9224422442244224], [108.97007200720071, 0.9224422442244224], [108.97007200720071, 0.9223672367236724]], [[108.98484848484848, 0.9085658565856586], [108.98499849984998, 0.9086408640864087], [108.98484848484848, 0.9087158715871587], [108.98484848484848, 0.9085658565856586]], [[108.99122412241223, 0.9618211821182118], [108.99144914491448, 0.961896189618962], [108.99122412241223, 0.961896189618962], [108.99122412241223, 0.9618211821182118]], [[108.98739873987398, 0.9023402340234024], [108.98754875487549, 0.9024152415241524], [108.98739873987398, 0.9024152415241524], [108.98739873987398, 0.9023402340234024]], [[108.97944794479447, 0.9031653165316531], [108.97959795979598, 0.903090309030903], [108.97959795979598, 0.9031653165316531], [108.97944794479447, 0.9031653165316531]], [[108.94164416441645, 0.8273327332733273], [108.9418691869187, 0.8274077407740774], [108.94164416441645, 0.8274077407740774], [108.94164416441645, 0.8273327332733273]], [[108.8586108610861, 0.829057905790579], [108.85868586858686, 0.8292079207920792], [108.8586108610861, 0.8292079207920792], [108.8586108610861, 0.829057905790579]], [[108.99504950495049, 0.9194419441944195], [108.995199519952, 0.9195169516951696], [108.99504950495049, 0.9195919591959196], [108.99504950495049, 0.9194419441944195]], [[108.94119411941193, 0.8871137113711371], [108.94134413441344, 0.8870387038703871], [108.94134413441344, 0.8871137113711371], [108.94119411941193, 0.8871137113711371]], [[108.94644464446445, 0.8882388238823882], [108.94659465946594, 0.8881638163816381], [108.94659465946594, 0.8883138313831384], [108.94644464446445, 0.8882388238823882]], [[108.99302430243024, 0.9653465346534653], [108.99317431743174, 0.9654215421542154], [108.99302430243024, 0.9654965496549655], [108.99302430243024, 0.9653465346534653]], [[108.98882388238823, 0.9156165616561656], [108.98897389738974, 0.9155415541554155], [108.98897389738974, 0.9156165616561656], [108.98882388238823, 0.9156165616561656]], [[108.87796279627963, 0.831983198319832], [108.87811281128113, 0.831908190819082], [108.87811281128113, 0.8320582058205821], [108.87796279627963, 0.831983198319832]], [[108.98282328232823, 0.8955145514551455], [108.98297329732974, 0.8955895589558955], [108.98282328232823, 0.8956645664566456], [108.98282328232823, 0.8955145514551455]], [[108.88793879387939, 0.7728022802280228], [108.88808880888088, 0.7728772877287728], [108.88793879387939, 0.7728772877287728], [108.88793879387939, 0.7728022802280228]], [[108.98537353735374, 0.9102160216021602], [108.98552355235523, 0.9102910291029103], [108.98552355235523, 0.9103660366036603], [108.98537353735374, 0.9103660366036603], [108.98537353735374, 0.9102160216021602]], [[108.97442244224422, 0.9018901890189019], [108.97457245724571, 0.9018151815181518], [108.97457245724571, 0.901965196519652], [108.97442244224422, 0.9018901890189019]], [[108.99047404740473, 0.9066906690669067], [108.99054905490549, 0.906915691569157], [108.99047404740473, 0.906915691569157], [108.99047404740473, 0.9066906690669067]], [[108.97854785478548, 0.9560456045604561], [108.97869786978697, 0.955970597059706], [108.97869786978697, 0.9561206120612061], [108.97854785478548, 0.9560456045604561]], [[108.95484548454846, 0.898964896489649], [108.95499549954995, 0.899039903990399], [108.95499549954995, 0.8991149114911491], [108.95484548454846, 0.8991149114911491], [108.95484548454846, 0.898964896489649]], [[108.95169516951695, 0.8784128412841284], [108.95184518451845, 0.8784878487848785], [108.95169516951695, 0.8785628562856286], [108.95169516951695, 0.8784128412841284]], [[108.93939393939394, 0.8822382238223823], [108.93946894689469, 0.8823882388238824], [108.93939393939394, 0.8823882388238824], [108.93939393939394, 0.8822382238223823]], [[108.96474647464746, 0.9126912691269127], [108.96489648964896, 0.9126162616261626], [108.96489648964896, 0.9126912691269127], [108.96474647464746, 0.9126912691269127]], [[108.91561656165617, 0.8650615061506151], [108.91569156915692, 0.8652865286528653], [108.91561656165617, 0.8652865286528653], [108.91561656165617, 0.8650615061506151]], [[108.99122412241223, 0.969021902190219], [108.99129912991299, 0.9691719171917191], [108.9911491149115, 0.9691719171917191], [108.99122412241223, 0.969021902190219]], [[108.91696669666966, 0.7598259825982598], [108.91719171917191, 0.7599009900990099], [108.91696669666966, 0.7599009900990099], [108.91696669666966, 0.7598259825982598]], [[108.92874287428742, 0.8751875187518752], [108.92881788178818, 0.8754125412541254], [108.92874287428742, 0.8754125412541254], [108.92874287428742, 0.8751875187518752]], [[108.91726672667266, 0.7598259825982598], [108.91749174917491, 0.7599009900990099], [108.91726672667266, 0.7599009900990099], [108.91726672667266, 0.7598259825982598]], [[108.94074407440743, 0.8817881788178817], [108.94081908190819, 0.881938193819382], [108.9406690669067, 0.881938193819382], [108.94074407440743, 0.8817881788178817]], [[108.87901290129012, 0.8421092109210921], [108.87916291629163, 0.8420342034203421], [108.87916291629163, 0.8421092109210921], [108.87901290129012, 0.8421092109210921]], [[108.91591659165917, 0.7598259825982598], [108.91606660666066, 0.7599009900990099], [108.91606660666066, 0.75997599759976], [108.91591659165917, 0.75997599759976], [108.91591659165917, 0.7598259825982598]], [[108.94861986198619, 0.8773627362736274], [108.9487698769877, 0.8772877287728773], [108.9487698769877, 0.8773627362736274], [108.94861986198619, 0.8773627362736274]], [[108.98417341734174, 0.9131413141314131], [108.98424842484248, 0.9133663366336634], [108.98417341734174, 0.9133663366336634], [108.98417341734174, 0.9131413141314131]], [[108.98102310231023, 0.9002400240024002], [108.98117311731173, 0.9001650165016502], [108.98117311731173, 0.9003150315031503], [108.98102310231023, 0.9002400240024002]], [[108.91584158415841, 0.7551755175517552], [108.91599159915991, 0.7552505250525052], [108.91584158415841, 0.7552505250525052], [108.91584158415841, 0.7551755175517552]], [[108.9911491149115, 0.9111161116111611], [108.99122412241223, 0.9113411341134113], [108.9911491149115, 0.9113411341134113], [108.9911491149115, 0.9111161116111611]], [[108.98829882988298, 0.8907890789078907], [108.98844884488449, 0.8908640864086409], [108.98829882988298, 0.890939093909391], [108.98829882988298, 0.8907890789078907]], [[108.88741374137413, 0.7665016501650165], [108.88756375637564, 0.7665766576657665], [108.88741374137413, 0.7665766576657665], [108.88741374137413, 0.7665016501650165]], [[108.99204920492049, 0.9627962796279628], [108.99212421242123, 0.963021302130213], [108.99204920492049, 0.963021302130213], [108.99204920492049, 0.9627962796279628]], [[108.8975397539754, 0.7576507650765076], [108.89768976897689, 0.7575757575757576], [108.89768976897689, 0.7577257725772577], [108.8975397539754, 0.7576507650765076]], [[108.99197419741974, 0.9138913891389139], [108.99212421242123, 0.913966396639664], [108.99197419741974, 0.913966396639664], [108.99197419741974, 0.9138913891389139]], [[108.99092409240923, 0.9466696669666966], [108.99099909990998, 0.9468196819681968], [108.99084908490849, 0.9468196819681968], [108.99092409240923, 0.9466696669666966]], [[108.9547704770477, 0.8950645064506451], [108.9549204920492, 0.8952145214521452], [108.9547704770477, 0.8952145214521452], [108.9547704770477, 0.8950645064506451]], [[108.88231323132312, 0.7676267626762676], [108.88238823882388, 0.7677767776777678], [108.88223822382238, 0.7677767776777678], [108.88231323132312, 0.7676267626762676]], [[108.97689768976898, 0.9456195619561956], [108.97704770477047, 0.9457695769576958], [108.97689768976898, 0.9457695769576958], [108.97689768976898, 0.9456195619561956]], [[108.99827482748275, 0.9176417641764176], [108.998499849985, 0.9177167716771677], [108.99827482748275, 0.9177167716771677], [108.99827482748275, 0.9176417641764176]], [[108.87758775877587, 0.8438343834383438], [108.87773777377737, 0.8437593759375938], [108.87773702370237, 0.8439093909390939], [108.87758775877587, 0.8438343834383438]], [[108.97824782478247, 0.9216921692169217], [108.97839783978398, 0.9217671767176717], [108.97824782478247, 0.9217671767176717], [108.97824782478247, 0.9216921692169217]], [[108.98492349234922, 0.9693969396939695], [108.98499849984998, 0.9691719171917191], [108.98499849984998, 0.9693969396939695], [108.98492349234922, 0.9693969396939695]], [[108.97727272727272, 0.936918691869187], [108.97749774977497, 0.936993699369937], [108.97727272727272, 0.936993699369937], [108.97727272727272, 0.936918691869187]], [[108.99122412241223, 0.9486948694869487], [108.99137413741374, 0.9487698769876988], [108.99122412241223, 0.9488448844884488], [108.99122412241223, 0.9486948694869487]], [[108.96152115211521, 0.886963696369637], [108.96159615961595, 0.8871137113711371], [108.96152115211521, 0.8871137113711371], [108.96152115211521, 0.886963696369637]], [[108.85163516351635, 0.7894539453945395], [108.85148514851485, 0.7895289528952896], [108.85148514851485, 0.7894539453945395], [108.85163516351635, 0.7894539453945395]], [[108.88906390639063, 0.7584008400840083], [108.88891389138914, 0.7584758475847584], [108.88891389138914, 0.7584008400840083], [108.88906390639063, 0.7584008400840083]], [[108.98567356735673, 0.9550705070507051], [108.98552355235523, 0.9551455145514551], [108.98552355235523, 0.9550705070507051], [108.98567356735673, 0.9550705070507051]], [[108.97637263726372, 0.9042904290429042], [108.97644764476448, 0.9044404440444045], [108.97637263726372, 0.9044404440444045], [108.97637263726372, 0.9042904290429042]], [[108.98979897989798, 0.9007650765076507], [108.98972397239723, 0.900915091509151], [108.98972397239723, 0.9007650765076507], [108.98979897989798, 0.9007650765076507]], [[108.94224422442244, 0.8444344434443445], [108.94209420942094, 0.8445094509450946], [108.94209420942094, 0.8444344434443445], [108.94224422442244, 0.8444344434443445]], [[108.98552355235523, 0.8934893489348935], [108.98537353735374, 0.8935643564356436], [108.98537353735374, 0.8934893489348935], [108.98552355235523, 0.8934893489348935]], [[108.97967296729672, 0.9448694869486949], [108.97952295229523, 0.944944494449445], [108.97952295229523, 0.9448694869486949], [108.97967296729672, 0.9448694869486949]], [[108.97749774977497, 0.905940594059406], [108.97757275727572, 0.9060906090609061], [108.97749774977497, 0.9060906090609061], [108.97749774977497, 0.905940594059406]], [[108.94914491449144, 0.8416591659165916], [108.9492199219922, 0.8418091809180918], [108.94914491449144, 0.8418091809180918], [108.94914491449144, 0.8416591659165916]], [[108.88733873387338, 0.7542004200420042], [108.88718871887188, 0.7542754275427542], [108.88718871887188, 0.7542004200420042], [108.88733873387338, 0.7542004200420042]], [[108.92454245424543, 0.8556855685568556], [108.92461746174617, 0.8558355835583558], [108.92454245424543, 0.8558355835583558], [108.92454245424543, 0.8556855685568556]], [[108.97127212721271, 0.9037653765376538], [108.97134713471347, 0.9039153915391539], [108.97127212721271, 0.9039153915391539], [108.97127212721271, 0.9037653765376538]], [[108.98304830483048, 0.9171167116711672], [108.98312331233123, 0.9172667266726673], [108.98304830483048, 0.9172667266726673], [108.98304830483048, 0.9171167116711672]], [[108.98387338733873, 0.9246174617461747], [108.98394839483947, 0.9247674767476748], [108.98387338733873, 0.9247674767476748], [108.98387338733873, 0.9246174617461747]], [[108.98724872487249, 0.9010651065106511], [108.98709870987098, 0.9011401140114011], [108.98709870987098, 0.9010651065106511], [108.98724872487249, 0.9010651065106511]], [[108.98529852985298, 0.9107410741074107], [108.98522352235223, 0.9108910891089109], [108.98522352235223, 0.9107410741074107], [108.98529852985298, 0.9107410741074107]], [[108.99947494749475, 0.9265676567656765], [108.9995499549955, 0.9267176717671767], [108.99947494749475, 0.9267176717671767], [108.99947494749475, 0.9265676567656765]], [[108.87878787878788, 0.836033603360336], [108.87886288628863, 0.8361836183618362], [108.87878787878788, 0.8361836183618362], [108.87878787878788, 0.836033603360336]], [[108.9580708070807, 0.8923642364236424], [108.95792079207921, 0.8924392439243924], [108.95792079207921, 0.8923642364236424], [108.9580708070807, 0.8923642364236424]], [[108.98634863486348, 0.901965196519652], [108.98642364236423, 0.9021152115211521], [108.98634863486348, 0.9021152115211521], [108.98634863486348, 0.901965196519652]], [[108.84435943594359, 0.8174317431743174], [108.84443444344434, 0.8175817581758176], [108.84435943594359, 0.8175817581758176], [108.84435943594359, 0.8174317431743174]], [[108.95822082208221, 0.8843384338433843], [108.9580708070807, 0.8844134413441345], [108.9580708070807, 0.8843384338433843], [108.95822082208221, 0.8843384338433843]], [[108.88733873387338, 0.7555505550555055], [108.88741374137413, 0.7557005700570056], [108.88733873387338, 0.7557005700570056], [108.88733873387338, 0.7555505550555055]], [[108.98537353735374, 0.974047404740474], [108.98522352235223, 0.9741224122412241], [108.98522352235223, 0.974047404740474], [108.98537353735374, 0.974047404740474]], [[108.93856885688568, 0.8199069906990699], [108.93841884188419, 0.81998199819982], [108.93841884188419, 0.8199069906990699], [108.93856885688568, 0.8199069906990699]], [[108.87698769876988, 0.7785778577857786], [108.87706270627062, 0.7787278727872787], [108.87698769876988, 0.7787278727872787], [108.87698769876988, 0.7785778577857786]], [[108.96864686468646, 0.9145664566456646], [108.96849684968497, 0.9146414641464147], [108.96849684968497, 0.9145664566456646], [108.96864686468646, 0.9145664566456646]], [[108.98717371737173, 0.9898739873987399], [108.98702370237024, 0.98994899489949], [108.98702370237024, 0.9898739873987399], [108.98717371737173, 0.9898739873987399]], [[108.99339933993399, 0.9648214821482148], [108.99324932493249, 0.9648964896489649], [108.99324932493249, 0.9648214821482148], [108.99339933993399, 0.9648214821482148]], [[108.98304830483048, 0.9592709270927092], [108.98289828982898, 0.9593459345934593], [108.98289828982898, 0.9592709270927092], [108.98304830483048, 0.9592709270927092]], [[108.88021302130213, 0.8008550855085508], [108.88006300630063, 0.8009300930093008], [108.88006300630063, 0.8008550855085508], [108.88021302130213, 0.8008550855085508]], [[108.93639363936393, 0.8306330633063306], [108.93624362436243, 0.8307080708070806], [108.93624362436243, 0.8306330633063306], [108.93639363936393, 0.8306330633063306]], [[108.99437443744374, 0.9548454845484549], [108.99422442244224, 0.9549204920492049], [108.99422442244224, 0.9548454845484549], [108.99437443744374, 0.9548454845484549]], [[108.92056705670566, 0.7543504350435043], [108.92041704170417, 0.7544254425442544], [108.92041704170417, 0.7543504350435043], [108.92056705670566, 0.7543504350435043]], [[108.93804380438044, 0.8371587158715872], [108.93811881188118, 0.8373087308730873], [108.93804380438044, 0.8373087308730873], [108.93804380438044, 0.8371587158715872]], [[108.93901890189018, 0.8297329732973298], [108.93909390939093, 0.8298829882988299], [108.93901890189018, 0.8298829882988299], [108.93901890189018, 0.8297329732973298]], [[108.88508850885088, 0.7701770177017702], [108.88516351635164, 0.7703270327032703], [108.88508850885088, 0.7703270327032703], [108.88508850885088, 0.7701770177017702]], [[108.94411941194119, 0.8632613261326132], [108.94419441944194, 0.8634113411341134], [108.94411941194119, 0.8634113411341134], [108.94411941194119, 0.8632613261326132]], [[108.93774377437744, 0.8800630063006301], [108.93781878187818, 0.8802130213021302], [108.93774377437744, 0.8802130213021302], [108.93774377437744, 0.8800630063006301]], [[108.90571557155715, 0.7629762976297629], [108.9057905790579, 0.7631263126312631], [108.90571557155715, 0.7631263126312631], [108.90571557155715, 0.7629762976297629]], [[108.97412241224121, 0.9027152715271527], [108.97419741974197, 0.9028652865286528], [108.97412241224121, 0.9028652865286528], [108.97412241224121, 0.9027152715271527]], [[108.87106210621062, 0.7854785478547854], [108.87113711371137, 0.7856285628562856], [108.87106210621062, 0.7856285628562856], [108.87106210621062, 0.7854785478547854]], [[108.98867386738674, 0.9029402940294029], [108.98874887488749, 0.903090309030903], [108.98867386738674, 0.903090309030903], [108.98867386738674, 0.9029402940294029]], [[108.90691569156915, 0.7594509450945095], [108.90699069906991, 0.7596009600960096], [108.90691569156915, 0.7596009600960096], [108.90691569156915, 0.7594509450945095]], [[108.91351635163517, 0.7587008700870087], [108.91336633663366, 0.7587758775877588], [108.91336633663366, 0.7587008700870087], [108.91351635163517, 0.7587008700870087]], [[108.97562256225622, 0.9041404140414041], [108.97547254725472, 0.9042154215421542], [108.97547254725472, 0.9041404140414041], [108.97562256225622, 0.9041404140414041]], [[108.98702370237024, 0.9055655565556555], [108.98709870987098, 0.9057155715571557], [108.98702370237024, 0.9057155715571557], [108.98702370237024, 0.9055655565556555]], [[108.98859885988598, 0.906015601560156], [108.98867386738674, 0.9061656165616562], [108.98859885988598, 0.9061656165616562], [108.98859885988598, 0.906015601560156]], [[108.91546654665466, 0.7527002700270027], [108.91531653165316, 0.7527752775277528], [108.91531653165316, 0.7527002700270027], [108.91546654665466, 0.7527002700270027]], [[108.93061806180617, 0.8770627062706271], [108.93046804680468, 0.8771377137713772], [108.93046804680468, 0.8770627062706271], [108.93061806180617, 0.8770627062706271]], [[108.98034803480347, 0.9910741074107411], [108.98019801980197, 0.9911491149114912], [108.98019801980197, 0.9910741074107411], [108.98034803480347, 0.9910741074107411]], [[108.92866786678668, 0.8727122712271227], [108.92851785178517, 0.8727872787278728], [108.92851785178517, 0.8727122712271227], [108.92866786678668, 0.8727122712271227]], [[108.95619561956195, 0.885013501350135], [108.95604560456046, 0.8850885088508851], [108.95604560456046, 0.885013501350135], [108.95619561956195, 0.885013501350135]], [[108.94134413441344, 0.8544854485448545], [108.94119411941193, 0.8545604560456046], [108.94119411941193, 0.8544854485448545], [108.94134413441344, 0.8544854485448545]], [[108.98612361236123, 0.9267176717671767], [108.98619861986198, 0.9268676867686769], [108.98612361236123, 0.9268676867686769], [108.98612361236123, 0.9267176717671767]], [[108.97614761476147, 0.9452445244524452], [108.97622262226223, 0.9453945394539454], [108.97614761476147, 0.9453945394539454], [108.97614761476147, 0.9452445244524452]], [[108.99009900990099, 0.906015601560156], [108.99017326732674, 0.9061656165616562], [108.99009900990099, 0.9061656165616562], [108.99009900990099, 0.906015601560156]], [[108.99017401740174, 0.9061663666366637], [108.99024902490248, 0.9063156315631563], [108.99017401740174, 0.9063156315631563], [108.99017401740174, 0.9061663666366637]], [[108.96474647464746, 0.9237173717371737], [108.9648207320732, 0.9238673867386739], [108.96474647464746, 0.9238673867386739], [108.96474647464746, 0.9237173717371737]], [[108.86783678367837, 0.7920792079207921], [108.86768676867686, 0.7921542154215422], [108.86768676867686, 0.7920792079207921], [108.86783678367837, 0.7920792079207921]], [[108.93346834683469, 0.8689618961896189], [108.93331833183318, 0.869036903690369], [108.93331833183318, 0.8689618961896189], [108.93346834683469, 0.8689618961896189]], [[108.87496249624962, 0.8348334833483348], [108.87488748874887, 0.8347584758475848], [108.87496249624962, 0.8347584758475848], [108.87496249624962, 0.8348334833483348]], [[108.88906390639063, 0.7701770177017702], [108.88898889888989, 0.7701020102010201], [108.88906390639063, 0.7701020102010201], [108.88906390639063, 0.7701770177017702]], [[108.89131413141314, 0.754950495049505], [108.89123912391238, 0.7548754875487549], [108.89131413141314, 0.7548754875487549], [108.89131413141314, 0.754950495049505]], [[108.95462046204621, 0.904065406540654], [108.95454545454545, 0.903990399039904], [108.95462046204621, 0.903990399039904], [108.95462046204621, 0.904065406540654]], [[108.85651065106511, 0.7933543354335433], [108.85643564356435, 0.7932793279327932], [108.85651065106511, 0.7932793279327932], [108.85651065106511, 0.7933543354335433]], [[108.87323732373237, 0.8076807680768077], [108.87316231623161, 0.8076057605760576], [108.87323732373237, 0.8076057605760576], [108.87323732373237, 0.8076807680768077]], [[108.98199819981998, 0.9036153615361536], [108.98192319231923, 0.9035403540354036], [108.98199819981998, 0.9035403540354036], [108.98199819981998, 0.9036153615361536]], [[108.97929792979298, 0.9165166516651665], [108.97922292229222, 0.9164416441644164], [108.97929792979298, 0.9164416441644164], [108.97929792979298, 0.9165166516651665]], [[108.98049804980498, 0.9944494449444945], [108.98042304230422, 0.9943744374437443], [108.98049804980498, 0.9943744374437443], [108.98049804980498, 0.9944494449444945]], [[108.91269126912691, 0.761026102610261], [108.91261626162616, 0.7609510951095109], [108.91269126912691, 0.7609510951095109], [108.91269126912691, 0.761026102610261]], [[108.95874587458745, 0.8975397539753975], [108.95867086708671, 0.8974647464746475], [108.95874587458745, 0.8974647464746475], [108.95874587458745, 0.8975397539753975]], [[108.89341434143414, 0.7566756675667566], [108.8933393339334, 0.7566006600660066], [108.89341434143414, 0.7566006600660066], [108.89341434143414, 0.7566756675667566]], [[108.98319831983198, 0.9029402940294029], [108.98312331233123, 0.9028652865286528], [108.98319831983198, 0.9028652865286528], [108.98319831983198, 0.9029402940294029]], [[108.89386438643864, 0.7618511851185118], [108.8937893789379, 0.7617761776177617], [108.89386438643864, 0.7617761776177617], [108.89386438643864, 0.7618511851185118]], [[108.89566456645665, 0.7635013501350135], [108.89558955895589, 0.7634263426342633], [108.89566456645665, 0.7634263426342633], [108.89566456645665, 0.7635013501350135]], [[108.89881488148815, 0.7754275427542754], [108.8987398739874, 0.7753525352535253], [108.89881488148815, 0.7753525352535253], [108.89881488148815, 0.7754275427542754]], [[108.92964296429642, 0.8732373237323732], [108.92956795679568, 0.8731623162316231], [108.92964296429642, 0.8731623162316231], [108.92964296429642, 0.8732373237323732]], [[108.95604560456046, 0.8971647164716472], [108.9559705970597, 0.8970897089708971], [108.95604560456046, 0.8970897089708971], [108.95604560456046, 0.8971647164716472]], [[108.86596159615961, 0.813081308130813], [108.86588658865887, 0.813006300630063], [108.86596159615961, 0.813006300630063], [108.86596159615961, 0.813081308130813]], [[108.96219621962196, 0.8858385838583859], [108.9621212121212, 0.8857635763576357], [108.96219621962196, 0.8857635763576357], [108.96219621962196, 0.8858385838583859]], [[108.98927392739273, 0.9546954695469547], [108.98919891989199, 0.9546204620462047], [108.98927392739273, 0.9546204620462047], [108.98927392739273, 0.9546954695469547]], [[108.98837383738373, 0.9044404440444045], [108.98829882988298, 0.9043654365436543], [108.98837383738373, 0.9043654365436543], [108.98837383738373, 0.9044404440444045]], [[108.94081908190819, 0.8811131113111311], [108.94074407440743, 0.8810381038103811], [108.94081908190819, 0.8810381038103811], [108.94081908190819, 0.8811131113111311]], [[108.9471197119712, 0.8932643264326432], [108.94704470447044, 0.8931893189318931], [108.9471197119712, 0.8931893189318931], [108.9471197119712, 0.8932643264326432]], [[108.98634863486348, 0.9621212121212122], [108.98627362736273, 0.9620462046204621], [108.98634863486348, 0.9620462046204621], [108.98634863486348, 0.9621212121212122]], [[108.88966396639664, 0.7660516051605161], [108.88958895889589, 0.7659765976597659], [108.88966396639664, 0.7659765976597659], [108.88966396639664, 0.7660516051605161]], [[108.98484848484848, 0.9061656165616562], [108.98477347734773, 0.9060906090609061], [108.98484848484848, 0.9060906090609061], [108.98484848484848, 0.9061656165616562]], [[108.96107110711071, 0.9141164116411641], [108.96099609960996, 0.914041404140414], [108.96107110711071, 0.914041404140414], [108.96107110711071, 0.9141164116411641]], [[108.98867386738674, 0.879012901290129], [108.98859885988598, 0.8789378937893789], [108.98867386738674, 0.8789378937893789], [108.98867386738674, 0.879012901290129]], [[108.92964296429642, 0.8698619861986199], [108.92956795679568, 0.8697869786978698], [108.92964296429642, 0.8697869786978698], [108.92964296429642, 0.8698619861986199]], [[108.97989798979897, 0.9262676267626763], [108.97982298229823, 0.9261926192619262], [108.97989798979897, 0.9261926192619262], [108.97989798979897, 0.9262676267626763]], [[108.87046204620462, 0.7854785478547854], [108.87038703870387, 0.7854035403540354], [108.87046204620462, 0.7854035403540354], [108.87046204620462, 0.7854785478547854]], [[108.99399939994, 0.9753225322532253], [108.99392439243924, 0.9752475247524752], [108.99399939994, 0.9752475247524752], [108.99399939994, 0.9753225322532253]], [[108.88096309630963, 0.828982898289829], [108.88088808880887, 0.8289078907890789], [108.88096309630963, 0.8289078907890789], [108.88096309630963, 0.828982898289829]], [[108.98604860486049, 0.9763726372637264], [108.98597359735973, 0.9762976297629763], [108.98604860486049, 0.9762976297629763], [108.98604860486049, 0.9763726372637264]], [[108.98679867986799, 0.9783228322832284], [108.98672367236723, 0.9782478247824783], [108.98679867986799, 0.9782478247824783], [108.98679867986799, 0.9783228322832284]], [[108.91711671167117, 0.7607260726072607], [108.91704170417042, 0.7606510651065106], [108.91711671167117, 0.7606510651065106], [108.91711671167117, 0.7607260726072607]], [[108.95559555955595, 0.8985898589858986], [108.9555205520552, 0.8985148514851485], [108.95559555955595, 0.8985148514851485], [108.95559555955595, 0.8985898589858986]], [[108.91936693669366, 0.7604260426042604], [108.91929192919292, 0.7603510351035103], [108.91936693669366, 0.7603510351035103], [108.91936693669366, 0.7604260426042604]], [[108.91644164416441, 0.7546504650465047], [108.91636663666367, 0.7545754575457546], [108.91644164416441, 0.7545754575457546], [108.91644164416441, 0.7546504650465047]], [[108.94524452445245, 0.8546354635463547], [108.9451695169517, 0.8545604560456046], [108.94524452445245, 0.8545604560456046], [108.94524452445245, 0.8546354635463547]], [[108.94291929192919, 0.8837383738373837], [108.94284428442845, 0.8836633663366337], [108.94291929192919, 0.8836633663366337], [108.94291929192919, 0.8837383738373837]], [[108.98762376237623, 0.9110411041104111], [108.98754875487549, 0.910966096609661], [108.98762376237623, 0.910966096609661], [108.98762376237623, 0.9110411041104111]], [[108.99017401740174, 0.9958745874587459], [108.99009900990099, 0.9957995799579958], [108.99017401740174, 0.9957995799579958], [108.99017401740174, 0.9958745874587459]], [[108.88921392139214, 0.7593009300930093], [108.88913891389139, 0.7592259225922592], [108.88921392139214, 0.7592259225922592], [108.88921392139214, 0.7593009300930093]], [[108.93894389438944, 0.8856135613561356], [108.93886888688868, 0.8855385538553855], [108.93894389438944, 0.8855385538553855], [108.93894389438944, 0.8856135613561356]], [[108.95169516951695, 0.8562106210621062], [108.9516201620162, 0.8561356135613561], [108.95169516951695, 0.8561356135613561], [108.95169516951695, 0.8562106210621062]], [[108.98409840984098, 0.9182418241824182], [108.98402340234023, 0.9181668166816681], [108.98409840984098, 0.9181668166816681], [108.98409840984098, 0.9182418241824182]], [[108.96879687968797, 0.9182418241824182], [108.96872187218722, 0.9181668166816681], [108.96879687968797, 0.9181668166816681], [108.96879687968797, 0.9182418241824182]], [[108.98019801980197, 0.9720972097209721], [108.98012301230122, 0.9720222022202221], [108.98019801980197, 0.9720222022202221], [108.98019801980197, 0.9720972097209721]], [[108.93654365436544, 0.876912691269127], [108.93646864686468, 0.8768376837683768], [108.93654365436544, 0.8768376837683768], [108.93654365436544, 0.876912691269127]], [[108.99429942994298, 0.9216171617161716], [108.99422442244224, 0.9215421542154215], [108.99429942994298, 0.9215421542154215], [108.99429942994298, 0.9216171617161716]], [[108.99992499249925, 0.9222922292229223], [108.99984998499849, 0.9222172217221722], [108.99992499249925, 0.9222172217221722], [108.99992499249925, 0.9222922292229223]], [[108.9038403840384, 0.7647764776477648], [108.90376537653765, 0.7647014701470147], [108.9038403840384, 0.7647014701470147], [108.9038403840384, 0.7647764776477648]], [[108.99159915991599, 0.9012901290129013], [108.99152415241524, 0.9012151215121512], [108.99159915991599, 0.9012151215121512], [108.99159915991599, 0.9012901290129013]], [[108.95544554455445, 0.8527602760276027], [108.9553705370537, 0.8526852685268527], [108.95544554455445, 0.8526852685268527], [108.95544554455445, 0.8527602760276027]], [[108.8885388538854, 0.7574257425742574], [108.88846384638464, 0.7573507350735074], [108.8885388538854, 0.7573507350735074], [108.8885388538854, 0.7574257425742574]], [[108.98717371737173, 0.9258925892589259], [108.98709870987098, 0.9258175817581759], [108.98717371737173, 0.9258175817581759], [108.98717371737173, 0.9258925892589259]], [[108.87646264626463, 0.7816531653165316], [108.87638763876387, 0.7815781578157815], [108.87646264626463, 0.7815781578157815], [108.87646264626463, 0.7816531653165316]], [[108.93009300930093, 0.873012301230123], [108.93001800180018, 0.8729372937293729], [108.93009300930093, 0.8729372937293729], [108.93009300930093, 0.873012301230123]], [[108.98567356735673, 0.9276927692769277], [108.98559855985599, 0.9276177617761776], [108.98567356735673, 0.9276177617761776], [108.98567356735673, 0.9276927692769277]], [[108.95469546954695, 0.8992649264926492], [108.95462046204621, 0.8991899189918992], [108.95469546954695, 0.8991899189918992], [108.95469546954695, 0.8992649264926492]], [[108.93099309930993, 0.8500600060006], [108.93091809180918, 0.84998499849985], [108.93099309930993, 0.84998499849985], [108.93099309930993, 0.8500600060006]], [[108.99204920492049, 0.8905640564056405], [108.99197419741974, 0.8904890489048904], [108.99204920492049, 0.8904890489048904], [108.99204920492049, 0.8905640564056405]], [[108.94989498949894, 0.8982148214821482], [108.94981998199819, 0.8981398139813981], [108.94989498949894, 0.8981398139813981], [108.94989498949894, 0.8982148214821482]], [[108.8554605460546, 0.8007050705070506], [108.85538553855385, 0.8006300630063006], [108.8554605460546, 0.8006300630063006], [108.8554605460546, 0.8007050705070506]], [[108.97217221722171, 0.9418691869186918], [108.97209720972097, 0.9417941794179417], [108.97217221722171, 0.9417941794179417], [108.97217221722171, 0.9418691869186918]], [[108.87713771377138, 0.7876537653765376], [108.87706270627062, 0.7875787578757876], [108.87713771377138, 0.7875787578757876], [108.87713771377138, 0.7876537653765376]], [[108.98004800480048, 0.8978397839783978], [108.97997299729973, 0.8977647764776477], [108.98004800480048, 0.8977647764776477], [108.98004800480048, 0.8978397839783978]], [[108.95184518451845, 0.8971647164716472], [108.95177017701769, 0.8970897089708971], [108.95184518451845, 0.8970897089708971], [108.95184518451845, 0.8971647164716472]], [[108.93909390939093, 0.8393339333933393], [108.93901890189018, 0.8392589258925892], [108.93909390939093, 0.8392589258925892], [108.93909390939093, 0.8393339333933393]], [[108.8937893789379, 0.7724272427242724], [108.89371437143714, 0.7723522352235224], [108.8937893789379, 0.7723522352235224], [108.8937893789379, 0.7724272427242724]], [[108.98897389738974, 0.9117161716171617], [108.98889888988899, 0.9116411641164116], [108.98897389738974, 0.9116411641164116], [108.98897389738974, 0.9117161716171617]], [[108.94344434443444, 0.8356585658565856], [108.94336933693369, 0.8355835583558355], [108.94344434443444, 0.8355835583558355], [108.94344434443444, 0.8356585658565856]], [[108.9510201020102, 0.8346084608460846], [108.95094509450945, 0.8345334533453346], [108.9510201020102, 0.8345334533453346], [108.9510201020102, 0.8346084608460846]], [[108.8497599759976, 0.7926042604260426], [108.84968496849685, 0.7925292529252925], [108.8497599759976, 0.7925292529252925], [108.8497599759976, 0.7926042604260426]], [[108.93856885688568, 0.8196069606960696], [108.93849384938494, 0.8195319531953196], [108.93856885688568, 0.8195319531953196], [108.93856885688568, 0.8196069606960696]], [[108.88066306630662, 0.831008100810081], [108.88058805880588, 0.830933093309331], [108.88066306630662, 0.830933093309331], [108.88066306630662, 0.831008100810081]], [[108.98544854485448, 0.9560456045604561], [108.98537353735374, 0.955970597059706], [108.98544854485448, 0.955970597059706], [108.98544854485448, 0.9560456045604561]], [[108.89746474647464, 0.7746024602460246], [108.8973897389739, 0.7745274527452746], [108.89746474647464, 0.7745274527452746], [108.89746474647464, 0.7746024602460246]], [[108.94659465946594, 0.8926642664266426], [108.94651965196519, 0.8925892589258926], [108.94659465946594, 0.8925892589258926], [108.94659465946594, 0.8926642664266426]], [[108.87286228622862, 0.7829282928292829], [108.87278727872787, 0.7828532853285328], [108.87286228622862, 0.7828532853285328], [108.87286228622862, 0.7829282928292829]], [[108.95949594959495, 0.8834383438343835], [108.95942094209421, 0.8833633363336334], [108.95949594959495, 0.8833633363336334], [108.95949594959495, 0.8834383438343835]], [[108.99557455745574, 0.944944494449445], [108.99549954995499, 0.9448694869486949], [108.99557455745574, 0.9448694869486949], [108.99557455745574, 0.944944494449445]], [[108.94434443444344, 0.8525352535253525], [108.9442694269427, 0.8524602460246025], [108.94434443444344, 0.8524602460246025], [108.94434443444344, 0.8525352535253525]], [[108.95199519951994, 0.8947644764476448], [108.9519201920192, 0.8946894689468947], [108.95199519951994, 0.8946894689468947], [108.95199519951994, 0.8947644764476448]], [[108.8440594059406, 0.8176567656765676], [108.84398439843984, 0.8175817581758176], [108.8440594059406, 0.8175817581758176], [108.8440594059406, 0.8176567656765676]], [[108.87668766876688, 0.8418091809180918], [108.87661266126612, 0.8417341734173417], [108.87668766876688, 0.8417341734173417], [108.87668766876688, 0.8418091809180918]], [[108.87766276627663, 0.7779777977797779], [108.87758775877587, 0.7779027902790279], [108.87766276627663, 0.7779027902790279], [108.87766276627663, 0.7779777977797779]], [[108.87953795379538, 0.8338583858385838], [108.87946294629462, 0.8337833783378338], [108.87953795379538, 0.8337833783378338], [108.87953795379538, 0.8338583858385838]], [[108.99099909990998, 0.9470447044704471], [108.99092409240923, 0.946969696969697], [108.99099909990998, 0.946969696969697], [108.99099909990998, 0.9470447044704471]], [[108.98582358235824, 0.90001500150015], [108.98574857485748, 0.8999399939994], [108.98582358235824, 0.8999399939994], [108.98582358235824, 0.90001500150015]], [[108.9523702370237, 0.8946894689468947], [108.95229522952295, 0.8946144614461446], [108.9523702370237, 0.8946144614461446], [108.9523702370237, 0.8946894689468947]], [[108.98402340234023, 0.9962496249624962], [108.98394839483947, 0.9961746174617462], [108.98402340234023, 0.9961746174617462], [108.98402340234023, 0.9962496249624962]], [[108.99294929492949, 0.9588208820882088], [108.99287428742873, 0.9587458745874587], [108.99294929492949, 0.9587458745874587], [108.99294929492949, 0.9588208820882088]], [[108.87781278127812, 0.8439093909390939], [108.87773777377737, 0.843984398439844], [108.87773852385237, 0.8439093909390939], [108.87781278127812, 0.8439093909390939]], [[108.97757200720072, 0.9368436843684368], [108.97749774977497, 0.936918691869187], [108.97749774977497, 0.9368436843684368], [108.97757200720072, 0.9368436843684368]], [[108.98192244224423, 0.9036153615361536], [108.98184818481847, 0.9036903690369037], [108.98184818481847, 0.9036153615361536], [108.98192244224423, 0.9036153615361536]], [[108.99249924992499, 0.8912391239123912], [108.99242424242424, 0.8913141314131413], [108.99242424242424, 0.8912391239123912], [108.99249924992499, 0.8912391239123912]], [[108.9519194419442, 0.8947644764476448], [108.95184518451845, 0.8948394839483949], [108.95184518451845, 0.8947644764476448], [108.9519194419442, 0.8947644764476448]], [[108.97599684968498, 0.9464446444644464], [108.97592259225922, 0.9465196519651965], [108.97592259225922, 0.9464446444644464], [108.97599684968498, 0.9464446444644464]], [[108.89003825382538, 0.7589258925892589], [108.88996399639964, 0.759000900090009], [108.88996399639964, 0.7589258925892589], [108.89003825382538, 0.7589258925892589]], [[108.91936693669366, 0.7570507050705071], [108.91929192919292, 0.7571257125712572], [108.91929192919292, 0.7570507050705071], [108.91936693669366, 0.7570507050705071]], [[108.96872112211221, 0.9182418241824182], [108.96864686468646, 0.9183168316831684], [108.96864686468646, 0.9182418241824182], [108.96872112211221, 0.9182418241824182]], [[108.93886888688868, 0.8748124812481248], [108.93879387938793, 0.8748874887488749], [108.93879387938793, 0.8748124812481248], [108.93886888688868, 0.8748124812481248]], [[108.88898814881489, 0.7701770177017702], [108.88891389138914, 0.7702520252025202], [108.88891389138914, 0.7701770177017702], [108.88898814881489, 0.7701770177017702]], [[108.98027302730273, 0.8920642064206421], [108.98019801980197, 0.8921392139213922], [108.98019801980197, 0.8920642064206421], [108.98027302730273, 0.8920642064206421]], [[108.89491374137414, 0.7734023402340233], [108.89483948394839, 0.7734773477347734], [108.89483948394839, 0.7734023402340233], [108.89491374137414, 0.7734023402340233]]], [[[108.93999399939993, 0.7588508850885088], [108.94164416441645, 0.7584008400840083], [108.94164416441645, 0.7568256825682568], [108.94269426942694, 0.7572007200720072], [108.94381938193818, 0.7568256825682568], [108.94486948694869, 0.7572757275727573], [108.94539453945394, 0.7568256825682568], [108.94599459945994, 0.7569006900690068], [108.94644464446445, 0.7572007200720072], [108.9459195919592, 0.7578757875787578], [108.94629462946294, 0.758100810081008], [108.94674467446744, 0.7578007800780078], [108.94899489948995, 0.758100810081008], [108.9492199219922, 0.7572757275727573], [108.9514701470147, 0.7578757875787578], [108.9513201320132, 0.7571257125712572], [108.9526702670267, 0.7563006300630063], [108.95079507950794, 0.7554755475547554], [108.95019501950195, 0.7548004800480048], [108.95109510951094, 0.7552505250525052], [108.9513201320132, 0.754950495049505], [108.95259525952595, 0.755025502550255], [108.9526702670267, 0.7546504650465047], [108.95169516951695, 0.7538253825382538], [108.95109510951094, 0.753975397539754], [108.9508700870087, 0.7531503150315031], [108.95004500450045, 0.7529252925292529], [108.95004500450045, 0.7522502250225023], [108.94959495949594, 0.751950195019502], [108.94809480948095, 0.7520252025202521], [108.9471197119712, 0.7515001500150015], [108.94569456945695, 0.7515751575157515], [108.9447194719472, 0.7512001200120012], [108.94486948694869, 0.7506750675067506], [108.9459195919592, 0.7508250825082508], [108.9459195919592, 0.75], [108.93144314431443, 0.75], [108.93151815181518, 0.7522502250225023], [108.93519351935193, 0.7524002400240024], [108.93571857185718, 0.7542754275427542], [108.93751875187519, 0.7545754575457546], [108.93744374437443, 0.7563006300630063], [108.93886888688868, 0.7563756375637564], [108.93834383438343, 0.7566006600660066], [108.93864386438644, 0.7569006900690068], [108.93826882688269, 0.7582508250825082], [108.93999399939993, 0.7588508850885088]], [[108.93864386438644, 0.7535253525352535], [108.93879387938793, 0.7532253225322532], [108.93886888688868, 0.7535253525352535], [108.93864386438644, 0.7535253525352535]], [[108.95139513951395, 0.7542754275427542], [108.9516201620162, 0.754050405040504], [108.9516201620162, 0.7542754275427542], [108.95139513951395, 0.7542754275427542]], [[108.9478697869787, 0.7557755775577557], [108.9480198019802, 0.7556255625562556], [108.9480198019802, 0.7558505850585058], [108.9478697869787, 0.7557755775577557]]], [[[108.95177017701769, 0.8044554455445545], [108.95259525952595, 0.8034803480348035], [108.95199519951994, 0.8024302430243024], [108.9511701170117, 0.8023552355235524], [108.9510201020102, 0.8027302730273027], [108.95169516951695, 0.804080408040804], [108.95139513951395, 0.8043804380438043], [108.95177017701769, 0.8044554455445545]]], [[[108.9534203420342, 0.8120312031203121], [108.95424542454245, 0.8114311431143114], [108.9549204920492, 0.8118061806180618], [108.9549204920492, 0.8113561356135613], [108.95544554455445, 0.8118811881188118], [108.95589558955895, 0.8118061806180618], [108.95604560456046, 0.8103060306030603], [108.9553705370537, 0.8104560456045604], [108.9549204920492, 0.8097809780978098], [108.9538703870387, 0.8095559555955596], [108.9531203120312, 0.8103810381038103], [108.9534203420342, 0.8120312031203121]]], [[[108.94884488448845, 0.82995799579958], [108.94779477947795, 0.8291329132913291], [108.94824482448244, 0.8282328232823282], [108.9478690369037, 0.8286078607860786], [108.94749474947494, 0.8283078307830782], [108.94779477947795, 0.8261326132613261], [108.94884488448845, 0.8274827482748275], [108.9495199519952, 0.8273327332733273], [108.94936993699369, 0.825982598259826], [108.9501200120012, 0.8260576057605761], [108.95034503450344, 0.8256075607560756], [108.95064506450645, 0.8257575757575757], [108.95057005700569, 0.8271827182718272], [108.95229522952295, 0.8276327632763276], [108.9529702970297, 0.8271827182718272], [108.9526702670267, 0.8268826882688269], [108.9531203120312, 0.8257575757575757], [108.95214521452145, 0.8249324932493249], [108.95094509450945, 0.8247824782478248], [108.9504200420042, 0.824032403240324], [108.9507200720072, 0.8234323432343233], [108.9516201620162, 0.8235823582358236], [108.95177017701769, 0.8231323132313231], [108.9504200420042, 0.8217821782178217], [108.94839483948394, 0.821032103210321], [108.9480198019802, 0.8215571557155715], [108.94861986198619, 0.8229072907290729], [108.94794479447944, 0.8231323132313231], [108.94779477947795, 0.8236573657365737], [108.94824482448244, 0.8245574557455746], [108.94764476447645, 0.825007500750075], [108.94734473447345, 0.8249324932493249], [108.9471197119712, 0.8236573657365737], [108.94644464446445, 0.8237323732373237], [108.94614461446145, 0.8245574557455746], [108.94486948694869, 0.8253075307530753], [108.94464446444644, 0.8241824182418241], [108.94374437443744, 0.8241824182418241], [108.94246924692469, 0.8234323432343233], [108.94201920192019, 0.8242574257425742], [108.9423192319232, 0.825007500750075], [108.94269426942694, 0.8246324632463247], [108.94321932193219, 0.8255325532553255], [108.9447194719472, 0.8256075607560756], [108.9459195919592, 0.8266576657665766], [108.94494449444944, 0.8275577557755776], [108.94554455445544, 0.8276327632763276], [108.94576957695769, 0.8289078907890789], [108.94674467446744, 0.83003300330033], [108.94884488448845, 0.82995799579958]], [[108.94884488448845, 0.8221572157215722], [108.94861986198619, 0.8215571557155715], [108.94899489948995, 0.8214821482148215], [108.94884488448845, 0.8221572157215722]], [[108.94981998199819, 0.8244824482448245], [108.94959495949594, 0.8239573957395739], [108.9499699969997, 0.8241074107410741], [108.94981998199819, 0.8244824482448245]], [[108.9496699669967, 0.8226072607260726], [108.94959495949594, 0.8222322232223223], [108.9499699969997, 0.8226822682268227], [108.9496699669967, 0.8226072607260726]], [[108.94816981698169, 0.8256075607560756], [108.9484698469847, 0.8253075307530753], [108.9483198319832, 0.8256825682568256], [108.94816981698169, 0.8256075607560756]], [[108.94929492949295, 0.8220822082208221], [108.94944494449445, 0.8223072307230723], [108.94929492949295, 0.8223072307230723], [108.94929492949295, 0.8220822082208221]], [[108.9501200120012, 0.8232073207320731], [108.95019501950195, 0.8228322832283228], [108.95019501950195, 0.8232073207320731], [108.9501200120012, 0.8232073207320731]], [[108.94771977197719, 0.825982598259826], [108.9478697869787, 0.8258325832583258], [108.9478697869787, 0.8260576057605761], [108.94771977197719, 0.825982598259826]], [[108.9483198319832, 0.8215571557155715], [108.94824482448244, 0.8217071707170717], [108.94824482448244, 0.8215571557155715], [108.9483198319832, 0.8215571557155715]], [[108.94524452445245, 0.8254575457545754], [108.9451702670267, 0.8253825382538253], [108.94524452445245, 0.8253825382538253], [108.94524452445245, 0.8254575457545754]], [[108.9451695169517, 0.8253075307530753], [108.94509450945094, 0.8253825382538253], [108.94509525952594, 0.8253075307530753], [108.9451695169517, 0.8253075307530753]]], [[[108.91944194419442, 0.8663366336633663], [108.92041704170417, 0.8655115511551155], [108.92019201920192, 0.8629612961296129], [108.91974197419742, 0.861986198619862], [108.91899189918992, 0.8617611761176117], [108.91899189918992, 0.8587608760876088], [108.91801680168017, 0.858010801080108], [108.91779177917792, 0.8564356435643564], [108.91809180918092, 0.8556105610561056], [108.91764176417641, 0.8552355235523552], [108.91771677167716, 0.8543354335433543], [108.91726672667266, 0.8538103810381038], [108.91734173417342, 0.8554605460546054], [108.91689168916892, 0.8561356135613561], [108.91711671167117, 0.8575607560756076], [108.91666666666666, 0.8583858385838583], [108.91554155415541, 0.8577857785778578], [108.91501650165016, 0.8587608760876088], [108.91689168916892, 0.858985898589859], [108.91666666666666, 0.8626612661266126], [108.91711671167117, 0.8627362736273627], [108.91734173417342, 0.8620612061206121], [108.91809180918092, 0.8621362136213622], [108.91779177917792, 0.8635613561356136], [108.91891689168916, 0.8649114911491149], [108.91846684668467, 0.8652115211521152], [108.91944194419442, 0.8663366336633663]]], [[[108.91689168916892, 0.8649114911491149], [108.91719171917191, 0.8644614461446145], [108.91674167416741, 0.8635613561356136], [108.91584158415841, 0.8632613261326132], [108.91516651665167, 0.8620612061206121], [108.91464146414641, 0.8626612661266126], [108.91509150915091, 0.8637863786378638], [108.91554155415541, 0.8636363636363636], [108.91599159915991, 0.8645364536453646], [108.91689168916892, 0.8649114911491149]]], [[[108.92236723672367, 0.8688118811881188], [108.92244224422441, 0.8688868886888689], [108.92244224422441, 0.8688118811881188], [108.92236723672367, 0.8688118811881188]]], [[[109.0, 0.876912691269127], [108.99984998499849, 0.8765376537653765], [108.99992499249925, 0.876912691269127], [109.0, 0.876912691269127]]], [[[108.9616711671167, 0.9122412241224123], [108.96174617461746, 0.9121662166216622], [108.9616711671167, 0.9121662166216622], [108.9616711671167, 0.9122412241224123]]]]}}]}