{"type": "FeatureCollection", "features": [{"type": "Feature", "properties": {"level_m": 1.0, "nama": "Genangan 1.0 m"}, "geometry": {"type": "MultiPolygon", "coordinates": [[[[108.88223822382238, 0.7706270627062706], [108.88201320132013, 0.7703270327032703], [108.88216321632163, 0.7698019801980198], [108.88208820882087, 0.7695019501950195], [108.88178817881789, 0.7707020702070206], [108.88223822382238, 0.7706270627062706]]], [[[108.88148814881488, 0.7729522952295229], [108.88156315631564, 0.7725772577257726], [108.88118811881188, 0.7717521752175217], [108.88096309630963, 0.773027302730273], [108.88148814881488, 0.7729522952295229]]], [[[108.88111311131112, 0.7774527452745275], [108.88073807380738, 0.7764776477647765], [108.88058805880588, 0.7764776477647765], [108.88051305130513, 0.7774527452745275], [108.88111311131112, 0.7774527452745275]]], [[[108.87788778877888, 0.7797029702970297], [108.87901290129012, 0.7779777977797779], [108.87901290129012, 0.7773027302730273], [108.87818781878188, 0.7782028202820281], [108.87788778877888, 0.7797029702970297]]], [[[108.88103810381038, 0.7822532253225323], [108.88126312631263, 0.7812031203120312], [108.88081308130813, 0.7810531053105311], [108.88051305130513, 0.7818781878187818], [108.88103810381038, 0.7822532253225323]], [[108.88111311131112, 0.7816531653165316], [108.88096309630963, 0.7815031503150315], [108.88111311131112, 0.7815031503150315], [108.88111311131112, 0.7816531653165316]]], [[[108.87436243624362, 0.7827782778277828], [108.87503750375038, 0.7817281728172817], [108.87571257125713, 0.7810531053105311], [108.87398739873987, 0.7818781878187818], [108.87368736873687, 0.7828532853285328], [108.87436243624362, 0.7827782778277828]]], [[[108.87481248124813, 0.7845034503450345], [108.87608760876087, 0.7835283528352835], [108.87608760876087, 0.7829282928292829], [108.87488748874887, 0.7837533753375338], [108.87481248124813, 0.7845034503450345]]], [[[108.87346234623462, 0.7848784878487849], [108.87436243624362, 0.7846534653465347], [108.87406240624063, 0.7842034203420342], [108.87443744374437, 0.7837533753375338], [108.87361236123613, 0.784053405340534], [108.87323732373237, 0.7836783678367837], [108.87293729372936, 0.7842034203420342], [108.87353735373537, 0.7844284428442845], [108.87346234623462, 0.7848784878487849]]], [[[108.87976297629763, 0.7887788778877888], [108.88066306630662, 0.7882538253825382], [108.88103810381038, 0.786978697869787], [108.88148814881488, 0.7866786678667866], [108.88201320132013, 0.786978697869787], [108.88171317131713, 0.7863786378637864], [108.88216321632163, 0.7858535853585358], [108.88148814881488, 0.7852535253525352], [108.88051305130513, 0.7852535253525352], [108.87991299129912, 0.7845784578457846], [108.87998799879988, 0.784053405340534], [108.88058805880588, 0.7841284128412841], [108.88141314131413, 0.784953495349535], [108.88163816381638, 0.7839033903390339], [108.88088808880887, 0.7833783378337833], [108.88006300630063, 0.7834533453345334], [108.87908790879088, 0.7826282628262826], [108.87946294629462, 0.7836033603360336], [108.87863786378638, 0.7838283828382838], [108.87863786378638, 0.7841284128412841], [108.87946294629462, 0.7841284128412841], [108.87931293129313, 0.7854785478547854], [108.87871287128712, 0.7854035403540354], [108.87848784878487, 0.7859285928592858], [108.87758775877587, 0.7858535853585358], [108.87668766876688, 0.784953495349535], [108.87608760876087, 0.7853285328532853], [108.87578757875788, 0.7863786378637864], [108.87646264626463, 0.7861536153615362], [108.87691269126913, 0.7866036603660366], [108.87676267626763, 0.7871287128712872], [108.87788778877888, 0.7873537353735374], [108.87773777377737, 0.7876537653765376], [108.87826282628262, 0.788103810381038], [108.87946294629462, 0.7881788178817881], [108.87976297629763, 0.7887788778877888]], [[108.88126312631263, 0.7860786078607861], [108.88148814881488, 0.7859285928592858], [108.88148814881488, 0.7861536153615362], [108.88126312631263, 0.7860786078607861]], [[108.88088808880887, 0.7855535553555355], [108.88111311131112, 0.7856285628562856], [108.88096309630963, 0.7857035703570356], [108.88088808880887, 0.7855535553555355]]], [[[108.86956195619561, 0.7895289528952896], [108.87038703870387, 0.7892289228922892], [108.87031203120311, 0.7884788478847885], [108.87113711371137, 0.7885538553855386], [108.87203720372037, 0.7875037503750375], [108.87158715871587, 0.7870537053705371], [108.87076207620761, 0.7876530153015301], [108.87173717371736, 0.7865286528652865], [108.87226222622262, 0.7867536753675367], [108.87218721872188, 0.7873537353735374], [108.87301230123012, 0.7873537353735374], [108.87331233123312, 0.7865286528652865], [108.87256225622562, 0.7866036603660366], [108.87293729372936, 0.7859285928592858], [108.87196219621961, 0.7855535553555355], [108.87106210621062, 0.7862286228622862], [108.87121212121212, 0.7857785778577857], [108.87076207620761, 0.7853285328532853], [108.87061206120612, 0.7863036303630363], [108.87091209120912, 0.7865286528652865], [108.86978697869787, 0.7878037803780378], [108.87008700870086, 0.7884788478847885], [108.86933693369336, 0.789078907890789], [108.86956195619561, 0.7895289528952896]], [[108.87016201620162, 0.788103810381038], [108.87046204620462, 0.7876537653765376], [108.87076207620761, 0.7876545154515452], [108.87016201620162, 0.788103810381038]]], [[[108.87323732373237, 0.7896789678967897], [108.87376237623762, 0.7889288928892889], [108.87443744374437, 0.789003900390039], [108.87473747374737, 0.7881788178817881], [108.87631263126312, 0.7887038703870387], [108.87691269126913, 0.7879537953795379], [108.87676267626763, 0.7874287428742874], [108.87571257125713, 0.7873537353735374], [108.87586258625862, 0.7868286828682868], [108.87533753375337, 0.7864536453645364], [108.87391239123912, 0.7874287428742874], [108.87346234623462, 0.7873537353735374], [108.87376237623762, 0.7885538553855386], [108.87278727872787, 0.7883288328832883], [108.87263726372638, 0.7887038703870387], [108.87323732373237, 0.7887038703870387], [108.87323732373237, 0.7896789678967897]], [[108.87496249624962, 0.7876537653765376], [108.87533753375337, 0.7874287428742874], [108.87518751875187, 0.7877287728772877], [108.87496249624962, 0.7876537653765376]]], [[[108.87383738373838, 0.7911041104110411], [108.87466246624662, 0.7905040504050405], [108.87353735373537, 0.7898289828982898], [108.87338733873388, 0.7904290429042904], [108.87383738373838, 0.7911041104110411]]], [[[108.88171317131713, 0.7920792079207921], [108.88043804380438, 0.7895289528952896], [108.87968796879687, 0.7893789378937893], [108.87961296129613, 0.7888538853885388], [108.87826282628262, 0.7893039303930393], [108.87781278127812, 0.7899039903990399], [108.87803780378037, 0.7906540654065406], [108.87863786378638, 0.78997899789979], [108.87946294629462, 0.7905040504050405], [108.88021302130213, 0.7917791779177917], [108.88148814881488, 0.7923042304230423], [108.88171317131713, 0.7920792079207921]], [[108.88028802880288, 0.7906540654065406], [108.88006300630063, 0.7907290729072907], [108.88013801380137, 0.7905790579057905], [108.88028802880288, 0.7906540654065406]], [[108.88021302130213, 0.7899039903990399], [108.88013801380137, 0.7898289828982898], [108.88021302130213, 0.7898289828982898], [108.88021302130213, 0.7899039903990399]], [[108.88103810381038, 0.7918541854185418], [108.88096309630963, 0.7917791779177917], [108.88103810381038, 0.7917791779177917], [108.88103810381038, 0.7918541854185418]]], [[[108.87241224122413, 0.7926042604260426], [108.87338733873388, 0.7923042304230423], [108.87376237623762, 0.7915541554155415], [108.87316231623161, 0.7908040804080407], [108.87308730873087, 0.7915541554155415], [108.87263726372638, 0.7917791779177917], [108.87196219621961, 0.7911791179117912], [108.87241224122413, 0.7926042604260426]]], [[[108.87016201620162, 0.7926042604260426], [108.87106210621062, 0.792004200420042], [108.87121212121212, 0.7911791179117912], [108.87061206120612, 0.7917791779177917], [108.86918691869187, 0.7914041404140414], [108.86941194119412, 0.7920792079207921], [108.87016201620162, 0.7926042604260426]]], [[[108.86926192619262, 0.7929792979297929], [108.86911191119111, 0.7926792679267927], [108.86896189618962, 0.7929792979297929], [108.86926192619262, 0.7929792979297929]]], [[[108.85613561356135, 0.7934293429342933], [108.85613561356135, 0.7924542454245425], [108.8557605760576, 0.7921542154215422], [108.8554605460546, 0.7933543354335433], [108.85613561356135, 0.7934293429342933]]], [[[108.86453645364536, 0.7938043804380438], [108.86573657365736, 0.7932793279327932], [108.8647614761476, 0.7932043204320431], [108.86543654365437, 0.7923792379237924], [108.86423642364237, 0.7931293129312931], [108.86453645364536, 0.7938043804380438]]], [[[108.85088508850885, 0.7936543654365437], [108.85163516351635, 0.7931293129312931], [108.8503600360036, 0.7925292529252925], [108.85088508850885, 0.7936543654365437]]], [[[108.8607110711071, 0.7935793579357936], [108.86123612361236, 0.7931293129312931], [108.86093609360935, 0.7929792979297929], [108.8607110711071, 0.7935793579357936]]], [[[108.86798679867987, 0.7965796579657966], [108.86881188118812, 0.7962046204620462], [108.86911191119111, 0.7952295229522952], [108.87001200120012, 0.7951545154515451], [108.86963696369637, 0.7943294329432943], [108.87046204620462, 0.7941794179417941], [108.87008700870086, 0.7939543954395439], [108.87001200120012, 0.7931293129312931], [108.86963696369637, 0.7932793279327932], [108.86956195619561, 0.7943294329432943], [108.86903690369037, 0.795004500450045], [108.86813681368136, 0.7941044104410441], [108.86866186618661, 0.7941794179417941], [108.86851185118512, 0.7929792979297929], [108.86813681368136, 0.7929042904290429], [108.86783678367837, 0.7936543654365437], [108.86746174617461, 0.793054305430543], [108.86686168616862, 0.7933543354335433], [108.86656165616562, 0.7943294329432943], [108.86708670867087, 0.7944794479447945], [108.86723672367236, 0.7954545454545454], [108.86791179117911, 0.7956795679567956], [108.86723672367236, 0.7964296429642964], [108.86798679867987, 0.7965796579657966]], [[108.86731173117312, 0.7938793879387939], [108.86768676867686, 0.7939543954395439], [108.86768676867686, 0.7941044104410441], [108.86746174617461, 0.7941794179417941], [108.86731173117312, 0.7938793879387939]]], [[[108.87803780378037, 0.7956045604560456], [108.87788778877888, 0.7941794179417941], [108.87743774377438, 0.7938793879387939], [108.87676267626763, 0.794029402940294], [108.87616261626162, 0.7947794779477948], [108.87646264626463, 0.7950795079507951], [108.87706270627062, 0.7946294629462947], [108.87773777377737, 0.7956795679567956], [108.87803780378037, 0.7956045604560456]]], [[[108.86176117611761, 0.7955295529552955], [108.8623612361236, 0.795004500450045], [108.86183618361837, 0.7943294329432943], [108.86176117611761, 0.7955295529552955]]], [[[108.86536153615361, 0.7968796879687968], [108.86506150615061, 0.7962796279627963], [108.86566156615662, 0.7967296729672967], [108.86611161116112, 0.795979597959796], [108.86536153615361, 0.7951545154515451], [108.86551155115511, 0.7946294629462947], [108.86506150615061, 0.7947044704470447], [108.86513651365136, 0.7959045904590458], [108.86491149114912, 0.7952295229522952], [108.86416141614161, 0.7953045304530453], [108.86393639363936, 0.7948544854485449], [108.86288628862886, 0.7947044704470447], [108.8631113111311, 0.7951545154515451], [108.86251125112511, 0.795979597959796], [108.86326132613262, 0.7967296729672967], [108.86536153615361, 0.7968796879687968]]], [[[108.8529102910291, 0.804005400540054], [108.85313531353135, 0.8025052505250525], [108.8523102310231, 0.8025052505250525], [108.85208520852085, 0.8018301830183018], [108.8524602460246, 0.8014551455145514], [108.85358535853585, 0.8016051605160516], [108.8550105010501, 0.801005100510051], [108.85493549354935, 0.8005550555055505], [108.8557605760576, 0.8002550255025502], [108.85598559855985, 0.7997299729972998], [108.85568556855685, 0.7986048604860486], [108.85628562856286, 0.7985298529852985], [108.85628562856286, 0.798979897989799], [108.85733573357335, 0.7996549654965497], [108.85778577857785, 0.8009300930093008], [108.8583108310831, 0.8009300930093008], [108.8583108310831, 0.7994299429942995], [108.85733573357335, 0.7981548154815481], [108.85726072607261, 0.796954695469547], [108.85868586858686, 0.7957545754575457], [108.8599609960996, 0.7957545754575457], [108.8607110711071, 0.7952295229522952], [108.8607110711071, 0.7947044704470447], [108.85936093609361, 0.7945544554455446], [108.8599609960996, 0.793054305430543], [108.85763576357635, 0.7929042904290429], [108.8569606960696, 0.7920792079207921], [108.85681068106811, 0.7939543954395439], [108.85613561356135, 0.7938793879387939], [108.8554605460546, 0.7947794779477948], [108.85568556855685, 0.7951545154515451], [108.85486048604861, 0.7959045904590458], [108.8545604560456, 0.7971797179717972], [108.8550105010501, 0.798079807980798], [108.85388538853886, 0.7982298229822982], [108.8541104110411, 0.7988298829882988], [108.8538103810381, 0.7992049204920492], [108.8515601560156, 0.8002550255025502], [108.85148514851485, 0.8009300930093008], [108.85058505850584, 0.801005100510051], [108.85073507350735, 0.8013801380138014], [108.85133513351334, 0.8013051305130513], [108.85043504350435, 0.8018301830183018], [108.85088508850885, 0.8026552655265526], [108.85193519351935, 0.8028802880288028], [108.85223522352236, 0.8039303930393039], [108.8529102910291, 0.804005400540054]], [[108.8557605760576, 0.7982298229822982], [108.85606060606061, 0.7978547854785478], [108.85628562856286, 0.798079807980798], [108.8557605760576, 0.7982298229822982]], [[108.85628562856286, 0.7944044404440445], [108.8566606660666, 0.7946294629462947], [108.85628562856286, 0.7947044704470447], [108.85628562856286, 0.7944044404440445]], [[108.8514101410141, 0.8020552055205521], [108.85163516351635, 0.8016801680168016], [108.85163516351635, 0.8021302130213022], [108.8514101410141, 0.8020552055205521]], [[108.8571107110711, 0.7951545154515451], [108.85726072607261, 0.7953795379537953], [108.8571107110711, 0.7954545454545454], [108.8571107110711, 0.7951545154515451]], [[108.85103510351036, 0.8021302130213022], [108.85088508850885, 0.801980198019802], [108.85103510351036, 0.801980198019802], [108.85103510351036, 0.8021302130213022]], [[108.85328532853285, 0.79995499549955], [108.85313531353135, 0.7998049804980498], [108.85328532853285, 0.7998049804980498], [108.85328532853285, 0.79995499549955]], [[108.8523102310231, 0.8007050705070506], [108.8524602460246, 0.8006300630063006], [108.8524602460246, 0.8007050705070506], [108.8523102310231, 0.8007050705070506]], [[108.8557605760576, 0.7950795079507951], [108.85568556855685, 0.795004500450045], [108.8557605760576, 0.795004500450045], [108.8557605760576, 0.7950795079507951]]], [[[108.86161116111612, 0.799054905490549], [108.86243624362436, 0.7987548754875488], [108.86153615361536, 0.7986048604860486], [108.86161116111612, 0.799054905490549]]], [[[108.86048604860486, 0.8004800480048004], [108.86078607860786, 0.7998799879987999], [108.86033603360336, 0.7995799579957996], [108.86018601860185, 0.7986798679867987], [108.85958595859586, 0.7986798679867987], [108.85988598859886, 0.798979897989799], [108.85981098109811, 0.8004050405040504], [108.86048604860486, 0.8004800480048004]]], [[[108.86641164116412, 0.803030303030303], [108.86813681368136, 0.8020552055205521], [108.86858685868587, 0.8012301230123012], [108.86836183618361, 0.8004800480048004], [108.86903690369037, 0.8007050705070506], [108.86941194119412, 0.8002550255025502], [108.86843684368436, 0.7996549654965497], [108.86806180618062, 0.8006300630063006], [108.86746174617461, 0.8006300630063006], [108.86701170117011, 0.7995799579957996], [108.86618661866187, 0.7993549354935493], [108.86596159615961, 0.7983798379837983], [108.86551155115511, 0.7982298229822982], [108.86551155115511, 0.7996549654965497], [108.86461146114611, 0.8001800180018002], [108.86446144614462, 0.801005100510051], [108.86521152115212, 0.8007800780078007], [108.86588658865887, 0.8011551155115512], [108.86566156615662, 0.8015301530153015], [108.86648664866486, 0.8023552355235524], [108.86641164116412, 0.803030303030303]]], [[[108.86131113111311, 0.801905190519052], [108.86266126612661, 0.801905190519052], [108.86266126612661, 0.8013801380138014], [108.86371137113711, 0.8015301530153015], [108.86438643864386, 0.8003300330033003], [108.86371137113711, 0.8001050105010501], [108.86281128112812, 0.801005100510051], [108.86198619861986, 0.8009300930093008], [108.86168616861686, 0.8016801680168016], [108.86108610861086, 0.801005100510051], [108.86131113111311, 0.801905190519052]]], [[[108.86011101110111, 0.8015301530153015], [108.8599609960996, 0.8011551155115512], [108.8590609060906, 0.8010801080108011], [108.85966096609661, 0.8016801680168016], [108.86011101110111, 0.8015301530153015]]], [[[108.85808580858085, 0.8020552055205521], [108.85823582358236, 0.8011551155115512], [108.85778577857785, 0.8011551155115512], [108.85808580858085, 0.8020552055205521]]], [[[108.85846084608461, 0.8041554155415541], [108.85846084608461, 0.8028052805280528], [108.8583108310831, 0.8027302730273027], [108.85778577857785, 0.804005400540054], [108.85846084608461, 0.8041554155415541]]], [[[108.8499099909991, 0.8051305130513051], [108.8500600060006, 0.8041554155415541], [108.8508100810081, 0.8031803180318031], [108.84983498349835, 0.8034803480348035], [108.8497599759976, 0.8046054605460546], [108.84938493849384, 0.8046054605460546], [108.84938493849384, 0.8041554155415541], [108.8490099009901, 0.8043054305430543], [108.84923492349235, 0.804980498049805], [108.8499099909991, 0.8051305130513051]]], [[[108.85898589858985, 0.8042304230423042], [108.86011101110111, 0.8044554455445545], [108.86011101110111, 0.8038553855385538], [108.85898589858985, 0.8042304230423042]]], [[[108.85898589858985, 0.8088058805880588], [108.85981098109811, 0.8081308130813081], [108.86063606360636, 0.8083558355835583], [108.86003600360036, 0.8078307830783078], [108.86123612361236, 0.8066306630663066], [108.8614611461146, 0.8057305730573057], [108.86183618361837, 0.8058805880588058], [108.86161116111612, 0.8062556255625563], [108.86266126612661, 0.8062556255625563], [108.86296129612961, 0.8070807080708071], [108.86273627362736, 0.8079807980798079], [108.86333633363336, 0.8081308130813081], [108.86371137113711, 0.8071557155715572], [108.86438643864386, 0.8073807380738074], [108.86423642364237, 0.8068556855685568], [108.8631113111311, 0.8061056105610561], [108.86326132613262, 0.8049054905490549], [108.86266126612661, 0.8043804380438043], [108.86266126612661, 0.8038553855385538], [108.86228622862286, 0.8039303930393039], [108.86266126612661, 0.8037053705370537], [108.86243624362436, 0.8025802580258026], [108.86048604860486, 0.8027302730273027], [108.86041104110411, 0.8034053405340533], [108.86093609360935, 0.8035553555355536], [108.86093609360935, 0.8041554155415541], [108.86003600360036, 0.8047554755475548], [108.86048604860486, 0.8055055505550555], [108.86033603360336, 0.8062556255625563], [108.85943594359436, 0.8067056705670567], [108.85936093609361, 0.8073807380738074], [108.85868586858686, 0.8079807980798079], [108.85898589858985, 0.8088058805880588]]], [[[108.86198619861986, 0.8097059705970597], [108.86176117611761, 0.8082808280828082], [108.86243624362436, 0.8078307830783078], [108.86183618361837, 0.8075307530753075], [108.86138613861385, 0.8087308730873087], [108.86198619861986, 0.8097059705970597]]], [[[108.86483648364836, 0.8133063306330632], [108.86573657365736, 0.8123312331233123], [108.86573657365736, 0.8117311731173117], [108.8647614761476, 0.8118061806180618], [108.86348634863486, 0.8125562556255626], [108.86303630363037, 0.8124812481248125], [108.86296129612961, 0.8118811881188118], [108.86461146114611, 0.8115811581158116], [108.86438643864386, 0.8111311131113111], [108.86491149114912, 0.8105310531053105], [108.86326132613262, 0.8113561356135613], [108.86288628862886, 0.8113561356135613], [108.86251125112511, 0.8106060606060606], [108.86228622862286, 0.8121062106210621], [108.86266126612661, 0.8121812181218122], [108.86281128112812, 0.8133813381338133], [108.86333633363336, 0.8134563456345635], [108.86341134113411, 0.8128562856285628], [108.86416141614161, 0.8124062406240624], [108.86453645364536, 0.8126312631263126], [108.86431143114311, 0.8133813381338133], [108.86483648364836, 0.8133063306330632]]], [[[108.86558655865586, 0.8163066306630663], [108.86798679867987, 0.8158565856585658], [108.86821182118211, 0.8154815481548154], [108.86626162616261, 0.8157815781578157], [108.86558655865586, 0.8163066306630663]]], [[[108.84518451845184, 0.8177317731773177], [108.84510951095109, 0.8171317131713172], [108.84465946594659, 0.8170567056705671], [108.84480948094809, 0.8179567956795679], [108.84518451845184, 0.8177317731773177]]], [[[108.86626162616261, 0.8304830483048304], [108.86633663366337, 0.8301080108010801], [108.86603660366036, 0.8301830183018302], [108.86626162616261, 0.8304830483048304]]], [[[108.88066306630662, 0.8343084308430843], [108.88133813381337, 0.8343834383438344], [108.88163816381638, 0.834008400840084], [108.88156315631564, 0.8331833183318331], [108.88051305130513, 0.8334833483348335], [108.88066306630662, 0.8343084308430843]]], [[[108.87796279627963, 0.8378337833783378], [108.87916291629163, 0.8371587158715872], [108.87908790879088, 0.8367836783678367], [108.87811281128113, 0.8367086708670867], [108.87773777377737, 0.8374587458745875], [108.87796279627963, 0.8378337833783378]]], [[[108.87968796879687, 0.8391839183918391], [108.87961296129613, 0.8392589258925892], [108.87968796879687, 0.8392589258925892], [108.87968796879687, 0.8391839183918391]]], [[[108.87841284128413, 0.8421092109210921], [108.87878787878788, 0.8415091509150915], [108.87848784878487, 0.8416591659165916], [108.87788778877888, 0.8411341134113411], [108.87841284128413, 0.8421092109210921]]], [[[108.87983798379838, 0.8448844884488449], [108.88051305130513, 0.8445094509450946], [108.88073807380738, 0.8427842784278428], [108.87998799879988, 0.8427842784278428], [108.87983798379838, 0.844059405940594], [108.87931293129313, 0.844059405940594], [108.87901290129012, 0.8436093609360936], [108.87908790879088, 0.8443594359435944], [108.87968796879687, 0.8443594359435944], [108.87983798379838, 0.8448844884488449]]], [[[108.75, 1.0], [108.97937293729373, 1.0], [108.97989798979897, 0.9998499849984999], [108.97952295229523, 0.9994749474947495], [108.97967296729672, 0.9990999099909991], [108.98117311731173, 0.9993249324932493], [108.98139813981398, 1.0], [108.98544854485448, 1.0], [108.98507350735073, 0.9989498949894989], [108.98462346234624, 0.9989498949894989], [108.98417341734174, 0.9997749774977498], [108.98319831983198, 0.9998499849984999], [108.98282328232823, 0.9988748874887489], [108.98364836483648, 0.9981998199819982], [108.98432343234323, 0.9984248424842485], [108.98439843984399, 0.9977497749774977], [108.98514851485147, 0.9974497449744975], [108.98462346234624, 0.9964746474647465], [108.98177317731773, 0.9974497449744975], [108.98154815481547, 0.9964746474647465], [108.97997299729973, 0.9966996699669967], [108.97847284728472, 0.9951245124512451], [108.97862286228623, 0.993099309930993], [108.97922292229222, 0.9925742574257426], [108.97862286228623, 0.9921242124212422], [108.97854785478548, 0.989048904890489], [108.97884788478848, 0.9885988598859886], [108.97854785478548, 0.9881488148814882], [108.97952295229523, 0.9886738673867387], [108.98094809480948, 0.9872487248724873], [108.98132313231322, 0.9873987398739874], [108.98162316231623, 0.9861236123612361], [108.98214821482148, 0.985973597359736], [108.98162316231623, 0.9854485448544854], [108.98109810981097, 0.9862736273627363], [108.97982298229823, 0.985973597359736], [108.97959795979598, 0.9855235523552355], [108.98004800480048, 0.9852985298529853], [108.98004800480048, 0.9846984698469847], [108.97959795979598, 0.9846984698469847], [108.97952295229523, 0.9842484248424842], [108.97877287728772, 0.9845484548454846], [108.97832283228323, 0.9842484248424842], [108.97847284728472, 0.9833483348334834], [108.97869786978697, 0.9837983798379838], [108.97982298229823, 0.9833483348334834], [108.97944794479447, 0.9825982598259826], [108.97907290729073, 0.9828232823282328], [108.97929792979298, 0.9822982298229823], [108.97877287728772, 0.9811731173117312], [108.97937293729373, 0.9808730873087309], [108.97937293729373, 0.9818481848184818], [108.97989798979897, 0.981923192319232], [108.98019801980197, 0.9810981098109811], [108.97982298229823, 0.980948094809481], [108.98049804980498, 0.9804230423042304], [108.98064806480647, 0.9797479747974798], [108.97929792979298, 0.9793729372937293], [108.97907290729073, 0.9783978397839784], [108.97952295229523, 0.9781728172817282], [108.97944794479447, 0.9778727872787278], [108.97914791479147, 0.9782478247824783], [108.97832283228323, 0.9782478247824783], [108.97772277227722, 0.9757725772577258], [108.97794779477947, 0.9747224722472247], [108.97922292229222, 0.9744974497449745], [108.97937293729373, 0.9737473747374737], [108.97899789978997, 0.9731473147314731], [108.97929792979298, 0.9732973297329733], [108.97929792979298, 0.9729222922292229], [108.97982298229823, 0.9727722772277227], [108.97959795979598, 0.9715721572157215], [108.97997299729973, 0.9714221422142214], [108.98012301230122, 0.9705970597059705], [108.97937293729373, 0.9696219621962197], [108.98012301230122, 0.9692469246924692], [108.98064806480647, 0.9708220822082209], [108.98087308730872, 0.9702970297029703], [108.98057305730573, 0.96999699969997], [108.98094809480948, 0.9696969696969697], [108.98147314731473, 0.9703720372037203], [108.98252325232522, 0.9693969396939695], [108.98289828982898, 0.9696969696969697], [108.98379837983798, 0.9693969396939695], [108.98439843984399, 0.9699219921992199], [108.98447344734473, 0.9692469246924692], [108.98402340234023, 0.9684218421842185], [108.98477347734773, 0.9681218121812181], [108.98424842484248, 0.9678967896789679], [108.98447344734473, 0.9675967596759676], [108.98364836483648, 0.9679717971797179], [108.98282328232823, 0.9675967596759676], [108.98274827482747, 0.9681218121812181], [108.98124812481248, 0.9678217821782178], [108.98139813981398, 0.9683468346834684], [108.98087308730872, 0.9683468346834684], [108.98087308730872, 0.9677467746774677], [108.98057305730573, 0.9677467746774677], [108.98042304230422, 0.9681968196819682], [108.97952295229523, 0.9684968496849685], [108.97989798979897, 0.9658715871587159], [108.98064806480647, 0.9657215721572158], [108.98079807980798, 0.9651965196519652], [108.98034803480347, 0.9643714371437144], [108.98012301230122, 0.9651965196519652], [108.97967296729672, 0.9647464746474648], [108.97989798979897, 0.963996399639964], [108.97952295229523, 0.9639213921392139], [108.98042304230422, 0.9635463546354636], [108.97892289228922, 0.963021302130213], [108.97982298229823, 0.9624212421242124], [108.97907290729073, 0.9616711671167116], [108.97989798979897, 0.9617461746174617], [108.98027302730273, 0.9613711371137114], [108.98072307230723, 0.9618211821182118], [108.98109810981097, 0.9614461446144614], [108.98079807980798, 0.9634713471347135], [108.98117311731173, 0.9636213621362136], [108.98154815481547, 0.963096309630963], [108.98214821482148, 0.9633963396339634], [108.98259825982598, 0.9625712571257126], [108.98289828982898, 0.9632463246324633], [108.98252325232522, 0.9632463246324633], [108.98237323732373, 0.963996399639964], [108.98409840984098, 0.9636963696369637], [108.98417341734174, 0.9626462646264626], [108.98327332733272, 0.9627212721272127], [108.98319831983198, 0.9615961596159616], [108.98229822982297, 0.961896189618962], [108.98214821482148, 0.960996099609961], [108.98154815481547, 0.9613711371137114], [108.98162316231623, 0.9605460546054605], [108.98132313231322, 0.9600960096009601], [108.98042304230422, 0.96002100210021], [108.98042304230422, 0.9594959495949595], [108.97944794479447, 0.9597209720972097], [108.97989798979897, 0.9588208820882088], [108.97922292229222, 0.9585958595859586], [108.97922292229222, 0.957995799579958], [108.97802280228022, 0.9582208220822083], [108.97749774977497, 0.9587458745874587], [108.97689768976898, 0.9583708370837084], [108.97659765976597, 0.9596459645964597], [108.97622262226223, 0.9598709870987099], [108.97599759975998, 0.9593459345934593], [108.97584758475847, 0.9595709570957096], [108.97667266726673, 0.9611461146114612], [108.97674767476747, 0.9621212121212122], [108.97637263726372, 0.9621962196219622], [108.97689768976898, 0.9624212421242124], [108.97742274227423, 0.964071407140714], [108.97629762976297, 0.9643714371437144], [108.97577257725773, 0.9620462046204621], [108.97652265226522, 0.9616711671167116], [108.97592259225922, 0.9615211521152115], [108.97479747974798, 0.9575457545754575], [108.97494749474947, 0.9568706870687068], [108.97547254725472, 0.9570207020702071], [108.97554755475547, 0.9560456045604561], [108.97914791479147, 0.9553705370537053], [108.97944794479447, 0.9541704170417041], [108.97862286228623, 0.9542454245424542], [108.97847284728472, 0.953045304530453], [108.97929792979298, 0.9539453945394539], [108.98079807980798, 0.953045304530453], [108.98124812481248, 0.9531953195319531], [108.98124812481248, 0.9539453945394539], [108.98184818481847, 0.9537953795379538], [108.98169816981698, 0.9520702070207021], [108.98102310231023, 0.9514701470147015], [108.98139813981398, 0.9506450645064506], [108.98087308730872, 0.9506450645064506], [108.98057305730573, 0.9496699669966997], [108.98064806480647, 0.951020102010201], [108.98012301230122, 0.9512451245124512], [108.98034803480347, 0.9502700270027002], [108.98004800480048, 0.9495949594959496], [108.97802280228022, 0.9497449744974498], [108.97869786978697, 0.9487698769876988], [108.97779777977797, 0.9492199219921992], [108.97719771977198, 0.9504950495049505], [108.97674767476747, 0.9504950495049505], [108.97682268226822, 0.9501200120012001], [108.97719771977198, 0.9503450345034503], [108.97719771977198, 0.9498199819981998], [108.97682268226822, 0.9498199819981998], [108.97592259225922, 0.9504200420042004], [108.97412241224121, 0.9506450645064506], [108.97472247224722, 0.95004500450045], [108.97367236723672, 0.9495199519951996], [108.97322232223222, 0.9475697569756976], [108.97374737473747, 0.9477947794779478], [108.97464746474647, 0.9471947194719472], [108.97464746474647, 0.9462196219621962], [108.97404740474047, 0.945919591959196], [108.97352235223522, 0.9462946294629463], [108.97314731473146, 0.945919591959196], [108.97352235223522, 0.945994599459946], [108.97367236723672, 0.9456195619561956], [108.97299729972997, 0.9453195319531953], [108.97284728472847, 0.9453945394539454], [108.97247224722472, 0.9453195319531953], [108.97389738973897, 0.944944494449445], [108.97367236723672, 0.9455445544554455], [108.97412241224121, 0.9456195619561956], [108.97442244224422, 0.9448694869486949], [108.97599759975998, 0.9441944194419442], [108.97599759975998, 0.9438943894389439], [108.97517251725172, 0.943969396939694], [108.97412241224121, 0.9446444644464447], [108.97299729972997, 0.9447194719471947], [108.97352235223522, 0.943969396939694], [108.97314731473146, 0.9436693669366937], [108.97329732973297, 0.943069306930693], [108.97419741974197, 0.9438943894389439], [108.97352235223522, 0.9411191119111911], [108.97562256225622, 0.9396189618961897], [108.97517251725172, 0.9387938793879388], [108.97382238223823, 0.939018901890189], [108.97352235223522, 0.9396939693969397], [108.97314731473146, 0.9393939393939394], [108.97239723972397, 0.9397689768976898], [108.97217221722171, 0.9414941494149415], [108.97269726972696, 0.941944194419442], [108.97157215721572, 0.9423192319231923], [108.97149714971496, 0.9426942694269427], [108.97179717971797, 0.943969396939694], [108.97254725472547, 0.9448694869486949], [108.97134713471347, 0.9444944494449445], [108.97149714971496, 0.9437443744374437], [108.97097209720971, 0.9435943594359436], [108.97044704470447, 0.9422442244224423], [108.97067206720672, 0.9418691869186918], [108.97104710471046, 0.9423942394239424], [108.97052205220521, 0.9390939093909391], [108.97157215721572, 0.9378937893789379], [108.97112211221122, 0.938043804380438], [108.97067206720672, 0.9366936693669367], [108.97344734473447, 0.9361686168616862], [108.97427242724272, 0.9363186318631863], [108.97457245724571, 0.9368436843684368], [108.97659765976597, 0.9358685868586859], [108.97674767476747, 0.9353435343534353], [108.97659765976597, 0.9356435643564356], [108.97547254725472, 0.9355685568556855], [108.97674767476747, 0.9342934293429342], [108.97614761476147, 0.9337683768376838], [108.97659765976597, 0.9334683468346835], [108.97749774977497, 0.9335433543354336], [108.97727272727272, 0.9342934293429342], [108.97787278727873, 0.934968496849685], [108.97802280228022, 0.9365436543654365], [108.97757275727572, 0.9377437743774377], [108.97652265226522, 0.9381188118811881], [108.97697269726973, 0.9394689468946895], [108.97757275727572, 0.9393189318931893], [108.97794779477947, 0.9398439843984399], [108.97734773477347, 0.9403690369036903], [108.97787278727873, 0.9417941794179417], [108.97727272727272, 0.9424692469246925], [108.97779777977797, 0.9423192319231923], [108.97772277227722, 0.9427692769276927], [108.97817281728173, 0.9431443144314431], [108.97719771977198, 0.9435193519351935], [108.97704770477047, 0.9420942094209421], [108.97742274227423, 0.9414191419141914], [108.97674767476747, 0.9412691269126913], [108.97637263726372, 0.9417191719171917], [108.97682268226822, 0.9420192019201921], [108.97689768976898, 0.9438943894389439], [108.97854785478548, 0.9438943894389439], [108.97847284728472, 0.9426942694269427], [108.97937293729373, 0.9427692769276927], [108.97967296729672, 0.9420192019201921], [108.98042304230422, 0.9426192619261926], [108.98004800480048, 0.9408940894089409], [108.97952295229523, 0.9408940894089409], [108.97907290729073, 0.9404440444044404], [108.98012301230122, 0.9405190519051905], [108.98019801980197, 0.9400690069006901], [108.97952295229523, 0.9396189618961897], [108.97997299729973, 0.9388688868886889], [108.97982298229823, 0.9385688568856886], [108.97937293729373, 0.9387938793879388], [108.97974797479748, 0.9383438343834384], [108.97959795979598, 0.9377437743774377], [108.97922292229222, 0.9375187518751875], [108.97944794479447, 0.9379687968796879], [108.97929792979298, 0.9381188118811881], [108.97884788478848, 0.9376687668766877], [108.97922292229222, 0.9366936693669367], [108.97884788478848, 0.9367686768676867], [108.97877287728772, 0.9361686168616862], [108.97802280228022, 0.9363186318631863], [108.97802280228022, 0.9357185718571857], [108.97877287728772, 0.934968496849685], [108.97802280228022, 0.934068406840684], [108.97847284728472, 0.9333933393339334], [108.97929792979298, 0.9339183918391839], [108.97922292229222, 0.9334683468346835], [108.97959795979598, 0.9336183618361836], [108.97967296729672, 0.9331683168316831], [108.98019801980197, 0.933018301830183], [108.98064806480647, 0.9336933693369337], [108.98027302730273, 0.9345184518451846], [108.98072307230723, 0.934968496849685], [108.98117311731173, 0.9348184818481848], [108.98169816981698, 0.9323432343234324], [108.98124812481248, 0.9318181818181818], [108.98162316231623, 0.9315931593159316], [108.98087308730872, 0.9310681068106811], [108.98274827482747, 0.9314431443144314], [108.98297329732974, 0.9312181218121812], [108.98229822982297, 0.9310681068106811], [108.98199819981998, 0.9305430543054305], [108.98169816981698, 0.9308430843084309], [108.98162316231623, 0.9303930393039304], [108.98124812481248, 0.9307680768076808], [108.98117311731173, 0.9298679867986799], [108.98064806480647, 0.9296429642964297], [108.98072307230723, 0.9285178517851785], [108.98027302730273, 0.9282178217821782], [108.97982298229823, 0.9288928892889289], [108.97929792979298, 0.9285928592859286], [108.97772277227722, 0.9288928892889289], [108.97764776477648, 0.928067806780678], [108.97712271227122, 0.9277677767776777], [108.97764776477648, 0.9268676867686769], [108.97839783978398, 0.9271677167716772], [108.97892289228922, 0.9267926792679267], [108.97869786978697, 0.9258925892589259], [108.97922292229222, 0.9251425142514251], [108.97884788478848, 0.9252925292529253], [108.97832283228323, 0.9248424842484249], [108.97877287728772, 0.9241674167416741], [108.97869786978697, 0.9231173117311731], [108.97727272727272, 0.9223672367236724], [108.97682268226822, 0.9226672667266727], [108.97659765976597, 0.9215421542154215], [108.97629762976297, 0.9212421242124212], [108.97584758475847, 0.9214671467146714], [108.97584758475847, 0.9210921092109211], [108.97652265226522, 0.9204170417041704], [108.97779777977797, 0.9207170717071707], [108.97832283228323, 0.9204170417041704], [108.97712271227122, 0.9201920192019202], [108.97562256225622, 0.9204170417041704], [108.97502250225023, 0.9198169816981698], [108.97562256225622, 0.9194419441944195], [108.97569756975697, 0.91996699669967], [108.97682268226822, 0.9196669666966697], [108.97787278727873, 0.9202670267026702], [108.97772277227722, 0.9192919291929192], [108.97809780978098, 0.9188418841884188], [108.97772277227722, 0.9183168316831684], [108.97689768976898, 0.9185418541854186], [108.97667266726673, 0.918016801680168], [108.97584758475847, 0.9176417641764176], [108.97517251725172, 0.9182418241824182], [108.97464746474647, 0.918016801680168], [108.97419741974197, 0.9191419141914191], [108.97457245724571, 0.92004200420042], [108.97367236723672, 0.9195919591959196], [108.97217221722171, 0.9197419741974198], [108.97134713471347, 0.9192919291929192], [108.96932193219321, 0.9194419441944195], [108.96917191719172, 0.919066906690669], [108.96812181218121, 0.9189168916891689], [108.96677167716771, 0.9195919591959196], [108.96632163216321, 0.9193669366936693], [108.96564656465647, 0.9202670267026702], [108.96444644464447, 0.9204170417041704], [108.96414641464146, 0.9201920192019202], [108.96429642964296, 0.9192919291929192], [108.96527152715271, 0.9183168316831684], [108.96429642964296, 0.9179417941794179], [108.96414641464146, 0.9170417041704171], [108.96444644464447, 0.9167416741674167], [108.96347134713471, 0.916891689168917], [108.96182118211821, 0.9147914791479148], [108.96152115211521, 0.9155415541554155], [108.96204620462046, 0.9156915691569156], [108.96242124212421, 0.9165916591659166], [108.96182118211821, 0.9168166816681668], [108.96114611461145, 0.9183168316831684], [108.96144614461446, 0.9182418241824182], [108.96204620462046, 0.92004200420042], [108.96152115211521, 0.9205670567056705], [108.96099609960996, 0.9204170417041704], [108.96099609960996, 0.9195919591959196], [108.9601710171017, 0.9186168616861686], [108.9600210021002, 0.9170417041704171], [108.95942094209421, 0.9168166816681668], [108.95942094209421, 0.9165166516651665], [108.95979597959796, 0.9166666666666666], [108.95994599459945, 0.9165166516651665], [108.95912091209121, 0.9162166216621662], [108.95859585958596, 0.9142664266426642], [108.95792079207921, 0.9137413741374137], [108.9580708070807, 0.9131413141314131], [108.95867086708671, 0.9132163216321632], [108.95867086708671, 0.9126912691269127], [108.95912091209121, 0.9128412841284128], [108.95912091209121, 0.9123162316231623], [108.95822082208221, 0.9120912091209121], [108.95709570957095, 0.9102160216021602], [108.9571707170717, 0.9115661566156615], [108.95784578457845, 0.9128412841284128], [108.95739573957395, 0.9126912691269127], [108.95514551455145, 0.9087158715871587], [108.95499549954995, 0.9075907590759076], [108.9541704170417, 0.906915691569157], [108.95469546954695, 0.9065406540654065], [108.9561206120612, 0.9096159615961597], [108.9567206720672, 0.9096909690969097], [108.95529552955296, 0.9066156615661566], [108.95634563456345, 0.9063156315631563], [108.95664566456645, 0.9054155415541554], [108.95574557455745, 0.906015601560156], [108.95462046204621, 0.9056405640564056], [108.95154515451544, 0.9007650765076507], [108.9511701170117, 0.9005400540054005], [108.95124512451245, 0.9018901890189019], [108.9531203120312, 0.9041404140414041], [108.9540204020402, 0.906015601560156], [108.95454545454545, 0.905940594059406], [108.9544704470447, 0.9060906090609061], [108.9535703570357, 0.906015601560156], [108.95244524452445, 0.9037653765376538], [108.94981998199819, 0.9001650165016502], [108.95057005700569, 0.8997149714971497], [108.95034503450344, 0.8986648664866487], [108.95154515451544, 0.8993399339933993], [108.95139513951395, 0.8982898289828982], [108.95184518451845, 0.8976897689768977], [108.9522202220222, 0.897989798979898], [108.9523702370237, 0.8971647164716472], [108.95289528952895, 0.8970147014701471], [108.9529702970297, 0.8981398139813981], [108.9532703270327, 0.8976147614761476], [108.9534203420342, 0.898064806480648], [108.95394539453945, 0.898064806480648], [108.95529552955296, 0.8958895889588959], [108.95604560456046, 0.8956645664566456], [108.9568706870687, 0.8945394539453946], [108.9576207620762, 0.8942394239423942], [108.9573207320732, 0.894014401440144], [108.95582058205821, 0.8948394839483949], [108.95514551455145, 0.8939393939393939], [108.95604560456046, 0.8934143414341434], [108.9565706570657, 0.8937143714371437], [108.95694569456946, 0.8920642064206421], [108.95934593459346, 0.8904140414041404], [108.9595709570957, 0.8894389438943895], [108.95792079207921, 0.8879387938793879], [108.95544554455445, 0.8845634563456346], [108.95304530453045, 0.8820882088208821], [108.95274527452744, 0.8822382238223823], [108.9525202520252, 0.8814131413141314], [108.9510201020102, 0.8802130213021302], [108.9499699969997, 0.8787128712871287], [108.94869486948694, 0.8779627962796279], [108.94764476447645, 0.8764626462646264], [108.94689468946895, 0.8762376237623762], [108.94606960696069, 0.874962496249625], [108.94569456945695, 0.8751125112511251], [108.9454695469547, 0.8754875487548754], [108.94584458445844, 0.875937593759376], [108.94509450945094, 0.8778127812781278], [108.94449444944495, 0.8778127812781278], [108.94404440444045, 0.8788628862886289], [108.94336933693369, 0.8792379237923792], [108.94404440444045, 0.8796879687968797], [108.94396939693969, 0.8807380738073807], [108.94486948694869, 0.8814881488148815], [108.94396939693969, 0.8826882688268827], [108.94396939693969, 0.8838883888388839], [108.94494449444944, 0.885013501350135], [108.94509450945094, 0.8862886288628863], [108.94576957695769, 0.8863636363636364], [108.9459195919592, 0.888013801380138], [108.9463696369637, 0.8877137713771377], [108.94674467446744, 0.8879387938793879], [108.94704470447044, 0.8895889588958896], [108.94659465946594, 0.88996399639964], [108.94726972697269, 0.8898889888988899], [108.94839483948394, 0.8907890789078907], [108.94899489948995, 0.8895889588958896], [108.94824482448244, 0.8898889888988899], [108.94764476447645, 0.8892139213921392], [108.94794479447944, 0.8887638763876388], [108.94741974197419, 0.8871887188718872], [108.9496699669967, 0.8860636063606361], [108.9508700870087, 0.8871887188718872], [108.9508700870087, 0.8876387638763876], [108.95034503450344, 0.8878637863786378], [108.95034503450344, 0.8886888688868887], [108.9510201020102, 0.8901890189018902], [108.9487698769877, 0.8912391239123912], [108.94899489948995, 0.8931893189318931], [108.94974497449745, 0.8939393939393939], [108.9507200720072, 0.8931143114311431], [108.95019501950195, 0.8931143114311431], [108.95004500450045, 0.891989198919892], [108.9508700870087, 0.8925892589258926], [108.95064506450645, 0.8910891089108911], [108.9511701170117, 0.8907140714071407], [108.95154515451544, 0.8911641164116412], [108.9511701170117, 0.891989198919892], [108.95199519951994, 0.891914191419142], [108.95259525952595, 0.8928142814281428], [108.95334533453345, 0.8929642964296429], [108.95304530453045, 0.8943144314431443], [108.95334533453345, 0.8944644464446445], [108.9534203420342, 0.8937143714371437], [108.9540204020402, 0.8935643564356436], [108.9552205220522, 0.8955145514551455], [108.9549204920492, 0.895964596459646], [108.95424542454245, 0.8955895589558955], [108.9540204020402, 0.8960396039603961], [108.95439543954394, 0.8966396639663966], [108.95394539453945, 0.8970147014701471], [108.95259525952595, 0.8963396339633963], [108.9516201620162, 0.8977647764776477], [108.94959495949594, 0.8985148514851485], [108.9475697569757, 0.8950645064506451], [108.9466696669667, 0.8952895289528953], [108.94614461446145, 0.8947644764476448], [108.94651965196519, 0.8939393939393939], [108.94584458445844, 0.8943144314431443], [108.9451695169517, 0.8934893489348935], [108.94554455445544, 0.8927392739273927], [108.94539453945394, 0.891914191419142], [108.94434443444344, 0.8925142514251425], [108.94156915691569, 0.8886888688868887], [108.93774377437744, 0.8850885088508851], [108.93609360936094, 0.8828382838283828], [108.93624362436243, 0.8808130813081309], [108.93729372937294, 0.8802880288028803], [108.93729372937294, 0.8782628262826282], [108.93654365436544, 0.8788628862886289], [108.93639363936393, 0.8805880588058805], [108.93579357935793, 0.8812631263126313], [108.93354335433543, 0.8796879687968797], [108.93346834683469, 0.8802130213021302], [108.93414341434143, 0.8806630663066306], [108.93421842184217, 0.880963096309631], [108.93369336933694, 0.8807380738073807], [108.92844284428442, 0.8756375637563756], [108.92889288928893, 0.8748874887488749], [108.93009300930093, 0.8764626462646264], [108.92994299429942, 0.8754125412541254], [108.92559255925592, 0.8718121812181218], [108.92626762676268, 0.8710621062106211], [108.92611761176117, 0.8703120312031203], [108.92529252925293, 0.8701620162016201], [108.92544254425442, 0.8714371437143714], [108.92506750675068, 0.8715871587158716], [108.92596759675968, 0.8726372637263726], [108.92581758175817, 0.8727872787278728], [108.92461746174617, 0.8715871587158716], [108.92454245424543, 0.8705370537053705], [108.92394239423942, 0.8708370837083708], [108.92176717671767, 0.8702370237023702], [108.92214221422142, 0.8698619861986199], [108.92146714671466, 0.8691119111911191], [108.92124212421241, 0.8694119411941195], [108.91989198919892, 0.8691869186918691], [108.91816681668166, 0.8668616861686169], [108.91659165916592, 0.8656615661566156], [108.91554155415541, 0.8655115511551155], [108.91561656165617, 0.8646114611461146], [108.91516651665167, 0.8644614461446145], [108.91531653165316, 0.864986498649865], [108.91441644164416, 0.8646114611461146], [108.91419141914191, 0.8640864086408641], [108.91479147914791, 0.8643864386438644], [108.91494149414942, 0.8640864086408641], [108.91336633663366, 0.8631113111311131], [108.91389138913891, 0.8637113711371137], [108.9135913591359, 0.8639363936393639], [108.91306630663065, 0.8628112811281128], [108.91254125412541, 0.8628862886288629], [108.9128412841284, 0.8632613261326132], [108.91126612661266, 0.8625862586258626], [108.90961596159616, 0.8628862886288629], [108.90864086408641, 0.8635613561356136], [108.9083408340834, 0.8647614761476148], [108.90676567656766, 0.8653615361536153], [108.90421542154215, 0.864986498649865], [108.90346534653465, 0.8654365436543654], [108.90376537653765, 0.865961596159616], [108.90331533153315, 0.8661116111611161], [108.90091509150915, 0.8661866186618662], [108.8991899189919, 0.8653615361536153], [108.89926492649265, 0.8656615661566156], [108.89791479147914, 0.8664116411641164], [108.89678967896789, 0.8692619261926192], [108.8958895889589, 0.8695619561956196], [108.89513951395139, 0.8693369336933694], [108.89416441644164, 0.8706870687068706], [108.89318931893189, 0.8706870687068706], [108.89288928892888, 0.8686618661866187], [108.89206420642064, 0.8676867686768677], [108.89236423642365, 0.8662616261626163], [108.89078907890789, 0.8655865586558655], [108.89086408640864, 0.8628112811281128], [108.89123912391238, 0.8627362736273627], [108.89146414641463, 0.8613861386138614], [108.89206420642064, 0.861011101110111], [108.89146414641463, 0.8595859585958596], [108.89168916891688, 0.858010801080108], [108.88703870387039, 0.8532853285328532], [108.88651365136514, 0.8531353135313531], [108.88613861386138, 0.8521602160216022], [108.87533753375337, 0.8418841884188419], [108.87511251125112, 0.8413591359135913], [108.87586258625862, 0.8412091209120912], [108.87631263126312, 0.8402340234023402], [108.87706270627062, 0.8401590159015901], [108.87751275127512, 0.8395589558955896], [108.87631263126312, 0.8397089708970897], [108.87616261626162, 0.8394089408940895], [108.87563756375637, 0.8397089708970897], [108.87601260126013, 0.8391089108910891], [108.87533753375337, 0.8386588658865887], [108.87473747374737, 0.8395589558955896], [108.87413741374137, 0.8399339933993399], [108.87368736873687, 0.8395589558955896], [108.87338733873388, 0.8399339933993399], [108.87106210621062, 0.8377595259525953], [108.87248724872487, 0.8379837983798379], [108.87248724872487, 0.8387338733873387], [108.87338733873388, 0.8384338433843385], [108.87353735373537, 0.8379087908790879], [108.87286228622862, 0.8379087908790879], [108.87143714371437, 0.8367836783678367], [108.87106210621062, 0.8370837083708371], [108.87046204620462, 0.8368586858685868], [108.86903690369037, 0.8355835583558355], [108.86843684368436, 0.8356585658565856], [108.86843684368436, 0.8361086108610861], [108.86798679867987, 0.836033603360336], [108.86626162616261, 0.8373087308730873], [108.86626162616261, 0.838058805880588], [108.86581158115811, 0.8381338133813381], [108.86611161116112, 0.8370837083708371], [108.86581158115811, 0.834983498349835], [108.86671167116711, 0.8337833783378338], [108.86678667866786, 0.8329582958295829], [108.86768676867686, 0.8321332133213322], [108.86746174617461, 0.8314581458145814], [108.86783678367837, 0.8312331233123312], [108.86723672367236, 0.8308580858085808], [108.86693669366936, 0.8323582358235824], [108.86573657365736, 0.8332583258325832], [108.86558655865586, 0.834083408340834], [108.86506150615061, 0.8342334233423342], [108.86588658865887, 0.8358835883588358], [108.86558655865586, 0.8361086108610861], [108.86543654365437, 0.8355835583558355], [108.86108610861086, 0.8325832583258326], [108.8517101710171, 0.8247074707470747], [108.8502100210021, 0.8244074407440745], [108.84923492349235, 0.8250825082508251], [108.8485598559856, 0.8249324932493249], [108.84818481848184, 0.8241074107410741], [108.84848484848484, 0.8231323132313231], [108.84795979597959, 0.8217071707170717], [108.84675967596759, 0.820957095709571], [108.84293429342934, 0.816981698169817], [108.84158415841584, 0.8168316831683168], [108.84068406840684, 0.8153315331533153], [108.84158415841584, 0.8131563156315631], [108.84158415841584, 0.8122562256225623], [108.84263426342635, 0.8117311731173117], [108.84360936093609, 0.8100810081008101], [108.84323432343234, 0.8075307530753075], [108.84368436843684, 0.806930693069307], [108.84563456345634, 0.8061806180618062], [108.8473597359736, 0.8036303630363036], [108.8469096909691, 0.8026552655265526], [108.84728472847284, 0.799054905490549], [108.84638463846385, 0.7977047704770477], [108.84623462346235, 0.7946294629462947], [108.84795979597959, 0.7926042604260426], [108.8494599459946, 0.7925292529252925], [108.8503600360036, 0.7916291629162916], [108.8505100510051, 0.7922292229222923], [108.85103510351036, 0.7921542154215422], [108.8509600960096, 0.7909540954095409], [108.85148514851485, 0.7902790279027903], [108.8511101110111, 0.7901290129012901], [108.8523102310231, 0.788103810381038], [108.85163516351635, 0.7873537353735374], [108.85163516351635, 0.786003600360036], [108.85238523852385, 0.7859285928592858], [108.85298529852984, 0.7872037203720372], [108.8550105010501, 0.7875787578757876], [108.85606060606061, 0.7884038403840383], [108.85681068106811, 0.7884788478847885], [108.8575607560756, 0.7898289828982898], [108.85973597359735, 0.7908040804080407], [108.8607110711071, 0.7921542154215422], [108.86611161116112, 0.7887788778877888], [108.86656165616562, 0.789078907890789], [108.86528652865286, 0.7898289828982898], [108.86483648364836, 0.7907290729072907], [108.86566156615662, 0.7904290429042904], [108.86566231623162, 0.7897539753975398], [108.86671167116711, 0.7901290129012901], [108.86716171617161, 0.7898289828982898], [108.86731173117312, 0.7905790579057905], [108.86821182118211, 0.7912541254125413], [108.86903690369037, 0.7898289828982898], [108.86828682868287, 0.7898289828982898], [108.86761176117612, 0.7889288928892889], [108.86858685868587, 0.7877287728772877], [108.86783678367837, 0.7878787878787878], [108.86701170117011, 0.7888538853885388], [108.86648664866486, 0.7886288628862886], [108.86663666366637, 0.788103810381038], [108.86858685868587, 0.7868286828682868], [108.86896189618962, 0.7868286828682868], [108.86888688868886, 0.7875037503750375], [108.86933693369336, 0.7876537653765376], [108.86993699369937, 0.7865286528652865], [108.86918691869187, 0.7868286828682868], [108.86888688868886, 0.7864536453645364], [108.87128712871286, 0.7844284428442845], [108.87383738373838, 0.7812031203120312], [108.87586258625862, 0.7799279927992799], [108.87601260126013, 0.7791029102910291], [108.87736273627362, 0.778052805280528], [108.87796279627963, 0.7763276327632763], [108.87863786378638, 0.7757275727572757], [108.87841284128413, 0.7754275427542754], [108.87923792379237, 0.7747524752475248], [108.87901290129012, 0.7742274227422742], [108.87931293129313, 0.7733273327332733], [108.88043804380438, 0.7725772577257726], [108.88006300630063, 0.7722022202220222], [108.88043804380438, 0.7710771077107711], [108.88103810381038, 0.7707770777077707], [108.88058805880588, 0.7705520552055205], [108.88133813381337, 0.7698769876987699], [108.88201320132013, 0.7665016501650165], [108.88276327632764, 0.7662016201620162], [108.88246324632463, 0.7653015301530153], [108.88351335133513, 0.765001500150015], [108.88373837383737, 0.7643264326432643], [108.88381338133813, 0.7634263426342633], [108.88328832883288, 0.7634263426342633], [108.88306330633063, 0.7626762676267627], [108.88381338133813, 0.75997599759976], [108.88411341134113, 0.7599009900990099], [108.88388838883888, 0.7593759375937593], [108.88471347134713, 0.753975397539754], [108.88546354635463, 0.7534503450345034], [108.88493849384938, 0.7531503150315031], [108.88508850885088, 0.75], [108.79372937293729, 0.75], [108.79387938793879, 0.7511251125112511], [108.79222922292229, 0.7524002400240024], [108.7907290729073, 0.753075307530753], [108.7883288328833, 0.7533003300330032], [108.78810381038103, 0.7529252925292529], [108.78840384038403, 0.7525502550255025], [108.78727872787279, 0.7506000600060005], [108.78592859285928, 0.75], [108.76672667266726, 0.75], [108.76537653765376, 0.7522502250225023], [108.76492649264927, 0.7538253825382538], [108.76582658265826, 0.7531503150315031], [108.76605160516051, 0.7538253825382538], [108.76545154515452, 0.7553255325532553], [108.76605160516051, 0.7561506150615062], [108.76552655265526, 0.756975697569757], [108.76620162016202, 0.7574257425742574], [108.76627662766276, 0.758100810081008], [108.76695169516951, 0.7581758175817581], [108.76702670267026, 0.759075907590759], [108.76605160516051, 0.7603510351035103], [108.76575157515751, 0.7620762076207621], [108.76470147014702, 0.7636513651365137], [108.76290129012901, 0.7645514551455146], [108.75877587758775, 0.7617761776177617], [108.75802580258026, 0.7609510951095109], [108.75772577257726, 0.7597509750975098], [108.75787578757875, 0.7581758175817581], [108.76042604260427, 0.7548004800480048], [108.76042604260427, 0.7532253225322532], [108.759300930093, 0.7509000900090008], [108.7597509750975, 0.7502250225022502], [108.760501050105, 0.75], [108.75, 0.75], [108.75, 1.0]], [[108.91651665166516, 0.8664866486648665], [108.91644164416441, 0.8658865886588658], [108.91674167416741, 0.8664116411641164], [108.91651665166516, 0.8664866486648665]], [[108.92784278427843, 0.8751125112511251], [108.92776852685267, 0.874962496249625], [108.92784278427843, 0.874962496249625], [108.92784278427843, 0.8751125112511251]], [[108.78802880288029, 0.8397839783978398], [108.78577857785778, 0.8393339333933393], [108.78337833783378, 0.8397839783978398], [108.77955295529553, 0.8397089708970897], [108.77910291029103, 0.8396339633963397], [108.77865286528653, 0.8386588658865887], [108.77647764776478, 0.8379837983798379], [108.77625262526253, 0.8366336633663366], [108.77490249024902, 0.8348334833483348], [108.77535253525353, 0.8312331233123312], [108.77512751275127, 0.82995799579958], [108.77580258025803, 0.828082808280828], [108.77520252025202, 0.8238073807380738], [108.77565256525652, 0.8224572457245725], [108.77692769276928, 0.8223072307230723], [108.77812781278128, 0.8215571557155715], [108.77925292529252, 0.8220822082208221], [108.77985298529853, 0.8214071407140714], [108.78150315031503, 0.8212571257125713], [108.78240324032403, 0.821932193219322], [108.78397839783979, 0.822007200720072], [108.78562856285629, 0.8229072907290729], [108.78675367536754, 0.8256075607560756], [108.78960396039604, 0.8289078907890789], [108.79140414041404, 0.8325832583258326], [108.79222922292229, 0.8329582958295829], [108.79170417041703, 0.833108310831083], [108.79252925292529, 0.8335583558355836], [108.79350435043504, 0.836033603360336], [108.7931293129313, 0.8374587458745875], [108.79147914791479, 0.8393339333933393], [108.78915391539154, 0.8402340234023402], [108.78817881788179, 0.8402340234023402], [108.78802880288029, 0.8397839783978398]], [[108.96939693969397, 0.9364686468646864], [108.96804680468047, 0.9342934293429342], [108.96789678967896, 0.9352685268526852], [108.96519651965197, 0.9287428742874287], [108.96347134713471, 0.9257425742574257], [108.96392139213921, 0.9253675367536753], [108.96369636963696, 0.9248424842484249], [108.96362136213621, 0.9252925292529253], [108.96339633963396, 0.9251425142514251], [108.9633213321332, 0.9245424542454246], [108.96369636963696, 0.9247674767476748], [108.96414641464146, 0.9241674167416741], [108.9645214521452, 0.9247674767476748], [108.96467146714672, 0.9239423942394239], [108.96399639963997, 0.9238673867386739], [108.96392139213921, 0.9234923492349235], [108.96459645964596, 0.9226672667266727], [108.96474647464746, 0.9231173117311731], [108.96587158715872, 0.9234923492349235], [108.96609660966097, 0.9246174617461747], [108.96564656465647, 0.9252925292529253], [108.96602160216021, 0.9252175217521752], [108.96602160216021, 0.9261926192619262], [108.96647164716471, 0.9263426342634263], [108.96587158715872, 0.9275427542754275], [108.96549654965496, 0.9273927392739274], [108.96534653465346, 0.9275427542754275], [108.96662166216622, 0.9301680168016802], [108.96662166216622, 0.9306180618061806], [108.9661716171617, 0.9304680468046804], [108.9661716171617, 0.9306180618061806], [108.96654665466546, 0.9312181218121812], [108.96767176717671, 0.9311431143114312], [108.96722172217221, 0.9313681368136814], [108.96744674467446, 0.9327182718271827], [108.96699669966996, 0.931968196819682], [108.96707170717072, 0.9329432943294329], [108.96782178217822, 0.9342184218421842], [108.96797179717971, 0.9339183918391839], [108.96947194719472, 0.9353435343534353], [108.96977197719771, 0.9338433843384338], [108.96909690969096, 0.9338433843384338], [108.96902190219022, 0.9332433243324332], [108.96947194719472, 0.9331683168316831], [108.96909690969096, 0.9327182718271827], [108.96857185718571, 0.9334683468346835], [108.96849684968497, 0.9328682868286828], [108.96887188718871, 0.9325682568256826], [108.96819681968196, 0.9318181818181818], [108.96872187218722, 0.9316681668166816], [108.96977197719771, 0.9321932193219322], [108.96992199219922, 0.9327182718271827], [108.97052205220521, 0.9327182718271827], [108.97089708970897, 0.9326432643264326], [108.97044704470447, 0.9321182118211822], [108.97059705970597, 0.9317431743174317], [108.97089708970897, 0.931968196819682], [108.97097209720971, 0.9313681368136814], [108.96909690969096, 0.930993099309931], [108.96909690969096, 0.9306180618061806], [108.96834683468346, 0.9306930693069306], [108.96887188718871, 0.9302430243024302], [108.96947194719472, 0.9306180618061806], [108.97037203720372, 0.9303930393039304], [108.96984698469846, 0.92994299429943], [108.97007200720071, 0.9295679567956796], [108.96939693969397, 0.9284428442844285], [108.96932193219321, 0.9288928892889289], [108.96849684968497, 0.9285178517851785], [108.96849684968497, 0.9288178817881788], [108.96744674467446, 0.9291179117911791], [108.96797179717971, 0.9301680168016802], [108.96729672967297, 0.9308430843084309], [108.96632163216321, 0.9275427542754275], [108.96722172217221, 0.9276927692769277], [108.96714671467146, 0.9270927092709271], [108.96752175217522, 0.9273927392739274], [108.96947194719472, 0.9271677167716772], [108.96947194719472, 0.9266426642664266], [108.96872187218722, 0.9262676267626763], [108.96879687968797, 0.9256675667566756], [108.96812181218121, 0.9252925292529253], [108.96812181218121, 0.9246924692469247], [108.96924692469247, 0.9245424542454246], [108.96894689468947, 0.9215421542154215], [108.96992199219922, 0.9216171617161716], [108.97022202220222, 0.9198919891989199], [108.97089708970897, 0.9196669666966697], [108.97044704470447, 0.9213921392139214], [108.97209720972097, 0.9216921692169217], [108.97157215721572, 0.9223672367236724], [108.97209720972097, 0.9221422142214222], [108.97217221722171, 0.9227422742274227], [108.97269726972696, 0.9231173117311731], [108.97217221722171, 0.9231923192319231], [108.97202220222022, 0.9228172817281728], [108.97164791479148, 0.9231173117311731], [108.97127212721271, 0.9224422442244224], [108.97067206720672, 0.9228922892289229], [108.97134713471347, 0.9228922892289229], [108.97194719471946, 0.9236423642364237], [108.97337233723371, 0.9237173717371737], [108.97322232223222, 0.9245424542454246], [108.97397239723972, 0.9246924692469247], [108.97382238223823, 0.924992499249925], [108.97427242724272, 0.9252925292529253], [108.97472247224722, 0.924992499249925], [108.97449744974497, 0.9257425742574257], [108.97569756975697, 0.9254425442544254], [108.97547254725472, 0.9265676567656765], [108.97509750975097, 0.9265676567656765], [108.97524752475248, 0.9262676267626763], [108.97352235223522, 0.9256675667566756], [108.97284728472847, 0.9258175817581759], [108.97134713471347, 0.9250675067506751], [108.97149714971496, 0.9277677767776777], [108.97374737473747, 0.9282928292829283], [108.97314731473146, 0.9287428742874287], [108.97397239723972, 0.9288178817881788], [108.97427242724272, 0.9293429342934293], [108.97389738973897, 0.9297929792979298], [108.97449744974497, 0.9318181818181818], [108.97472247224722, 0.9316681668166816], [108.97494749474947, 0.9321932193219322], [108.97562256225622, 0.9317431743174317], [108.97569756975697, 0.9324932493249325], [108.97704770477047, 0.9324932493249325], [108.97802280228022, 0.9331683168316831], [108.97652265226522, 0.9333933393339334], [108.97607260726072, 0.9325682568256826], [108.97539753975397, 0.9326432643264326], [108.97509750975097, 0.9332433243324332], [108.97442244224422, 0.933093309330933], [108.97397239723972, 0.9336933693369337], [108.97427242724272, 0.9357935793579358], [108.97187218721872, 0.9357185718571857], [108.97172217221721, 0.935043504350435], [108.97029702970296, 0.9344434443444345], [108.97029702970296, 0.9348934893489349], [108.97082208220822, 0.934968496849685], [108.97052205220521, 0.9357935793579358], [108.97022202220222, 0.9353435343534353], [108.96947194719472, 0.9356435643564356], [108.96969696969697, 0.9362436243624362], [108.96939693969397, 0.9364686468646864]], [[108.96662166216622, 0.9241674167416741], [108.96632163216321, 0.9225922592259226], [108.9673717371737, 0.9222922292229223], [108.96722172217221, 0.921992199219922], [108.9673717371737, 0.9216921692169217], [108.96819681968196, 0.9239423942394239], [108.96767176717671, 0.9243924392439244], [108.96662166216622, 0.9241674167416741]], [[108.97682268226822, 0.9315931593159316], [108.97554755475547, 0.9312181218121812], [108.97524752475248, 0.9315181518151815], [108.97479747974798, 0.9303930393039304], [108.97487248724872, 0.9294179417941795], [108.97554755475547, 0.9285928592859286], [108.97592259225922, 0.9287428742874287], [108.97569756975697, 0.9297929792979298], [108.97607260726072, 0.9312931293129313], [108.97652265226522, 0.930993099309931], [108.97682268226822, 0.9315931593159316]], [[108.97794779477947, 0.9542454245424542], [108.97712271227122, 0.9537953795379538], [108.97742274227423, 0.9524452445244525], [108.97719771977198, 0.9508700870087009], [108.97764776477648, 0.9507950795079508], [108.97839783978398, 0.951020102010201], [108.97847284728472, 0.9513951395139514], [108.97772277227722, 0.9523702370237024], [108.97817281728173, 0.9538703870387039], [108.97794779477947, 0.9542454245424542]], [[108.97794779477947, 0.9738223822382238], [108.97734773477347, 0.9718721872187218], [108.97742274227423, 0.9699219921992199], [108.97809780978098, 0.9706720672067207], [108.97757275727572, 0.9712721272127213], [108.97884788478848, 0.9720222022202221], [108.97854785478548, 0.9724722472247225], [108.97809780978098, 0.9723972397239724], [108.97862286228623, 0.973072307230723], [108.97794779477947, 0.9738223822382238]], [[108.96204620462046, 0.9225172517251725], [108.9613711371137, 0.920942094209421], [108.96234623462345, 0.9211671167116712], [108.96279627962795, 0.9207920792079208], [108.96339633963396, 0.9213921392139214], [108.96317131713171, 0.9222172217221722], [108.96272127212721, 0.9222922292229223], [108.96272127212721, 0.9216921692169217], [108.96234623462345, 0.9216921692169217], [108.9625712571257, 0.9228172817281728], [108.96204620462046, 0.9225172517251725]], [[108.98124812481248, 0.9984998499849985], [108.97884788478848, 0.9981248124812481], [108.97899789978997, 0.9976747674767477], [108.97952295229523, 0.9977497749774977], [108.97899789978997, 0.9971497149714972], [108.97914791479147, 0.9968496849684968], [108.98049804980498, 0.9974497449744975], [108.98057305730573, 0.9983498349834984], [108.98124812481248, 0.9984998499849985]], [[108.97854785478548, 0.9876237623762376], [108.97839783978398, 0.9850735073507351], [108.97877287728772, 0.984998499849985], [108.97877287728772, 0.9861986198619862], [108.97914791479147, 0.9861236123612361], [108.97884788478848, 0.9862736273627363], [108.97892289228922, 0.9875487548754875], [108.97854785478548, 0.9876237623762376]], [[108.87436243624362, 0.8409090909090908], [108.87398739873987, 0.8402340234023402], [108.87526252625263, 0.8396339633963397], [108.87533753375337, 0.8410591059105911], [108.87436243624362, 0.8409090909090908]], [[108.92724272427242, 0.8744374437443745], [108.92454245424543, 0.8725622562256226], [108.92431743174318, 0.871962196219622], [108.92724272427242, 0.8744374437443745]], [[108.94891989198919, 0.8987398739873987], [108.94726972697269, 0.8965646564656465], [108.94689468946895, 0.8957395739573957], [108.94959495949594, 0.898964896489649], [108.94891989198919, 0.8987398739873987]], [[108.79747974797479, 0.7567506750675067], [108.79710471047105, 0.7570507050705071], [108.79665466546655, 0.7568256825682568], [108.79740474047405, 0.756000600060006], [108.79785478547855, 0.7572757275727573], [108.79747974797479, 0.7567506750675067]], [[108.97704770477047, 0.9675967596759676], [108.97652265226522, 0.9667716771677167], [108.97652265226522, 0.9656465646564656], [108.97689768976898, 0.9664716471647165], [108.97734773477347, 0.9662466246624662], [108.97704770477047, 0.9675967596759676]], [[108.97172217221721, 0.921017101710171], [108.97209720972097, 0.9201170117011701], [108.97307230723072, 0.9204920492049204], [108.97284728472847, 0.920942094209421], [108.97232223222322, 0.9206420642064206], [108.97172217221721, 0.921017101710171]], [[108.96909690969096, 0.9211671167116712], [108.96917191719172, 0.9201170117011701], [108.96947194719472, 0.9203420342034203], [108.96947194719472, 0.9198169816981698], [108.96962196219621, 0.9195919591959196], [108.97014701470147, 0.9195919591959196], [108.96984698469846, 0.9201170117011701], [108.96954695469546, 0.91996699669967], [108.96977197719771, 0.9205670567056705], [108.96947194719472, 0.9211671167116712], [108.96909690969096, 0.9211671167116712]], [[108.97704770477047, 0.925967596759676], [108.97697269726973, 0.9249174917491749], [108.97614761476147, 0.9246174617461747], [108.97697269726973, 0.9245424542454246], [108.97764776477648, 0.9254425442544254], [108.97742274227423, 0.9260426042604261], [108.97704770477047, 0.925967596759676]], [[108.96624662466246, 0.920942094209421], [108.96624662466246, 0.9201920192019202], [108.96692169216921, 0.9202670267026702], [108.96722172217221, 0.9207920792079208], [108.96624662466246, 0.920942094209421]], [[108.97937293729373, 0.9312181218121812], [108.97802280228022, 0.9304680468046804], [108.97794779477947, 0.93001800180018], [108.97944794479447, 0.9305430543054305], [108.97937293729373, 0.9312181218121812]], [[108.97292229222921, 0.9502700270027002], [108.97262226222622, 0.9488448844884488], [108.97292229222921, 0.9487698769876988], [108.97329732973297, 0.9501950195019502], [108.97292229222921, 0.9502700270027002]], [[108.87106210621062, 0.8377580258025802], [108.87008700870086, 0.8372337233723373], [108.86948694869487, 0.8365586558655865], [108.87053705370536, 0.836933693369337], [108.87106210621062, 0.8377580258025802]], [[108.98229822982297, 0.9693969396939695], [108.98199819981998, 0.9685718571857186], [108.98267326732673, 0.9687218721872187], [108.98229822982297, 0.9693969396939695]], [[108.97352235223522, 0.9240924092409241], [108.97389738973897, 0.9231173117311731], [108.97419741974197, 0.9239423942394239], [108.97352235223522, 0.9240924092409241]], [[108.97757275727572, 0.9695469546954696], [108.97712271227122, 0.968046804680468], [108.97682268226822, 0.9676717671767177], [108.97734773477347, 0.9679717971797179], [108.97757275727572, 0.9695469546954696]], [[108.97667266726673, 0.9534953495349535], [108.97607260726072, 0.9526702670267027], [108.97682268226822, 0.9524452445244525], [108.97667266726673, 0.9534953495349535]], [[108.97479747974798, 0.9565706570657065], [108.97479747974798, 0.9556705670567056], [108.97524752475248, 0.9564206420642064], [108.97479747974798, 0.9565706570657065]], [[108.97959795979598, 0.9300930093009301], [108.97944794479447, 0.9293429342934293], [108.97997299729973, 0.9294929492949295], [108.98012301230122, 0.9291179117911791], [108.98012301230122, 0.9297929792979298], [108.97959795979598, 0.9300930093009301]], [[108.97974797479748, 0.960921092109211], [108.98004800480048, 0.9603960396039604], [108.98049804980498, 0.9610711071107111], [108.98004800480048, 0.9612211221122112], [108.97974797479748, 0.960921092109211]], [[108.96684668466847, 0.9261176117611761], [108.96684668466847, 0.9256675667566756], [108.96774677467747, 0.9256675667566756], [108.9673717371737, 0.9263426342634263], [108.96684668466847, 0.9261176117611761]], [[108.97374737473747, 0.9208670867086709], [108.97404740474047, 0.9201920192019202], [108.97434743474346, 0.9202670267026702], [108.97419741974197, 0.9207920792079208], [108.97374737473747, 0.9208670867086709]], [[108.93504350435043, 0.881938193819382], [108.93444344434442, 0.8813381338133813], [108.93436843684368, 0.8811131113111311], [108.93549354935493, 0.8818631863186318], [108.93504350435043, 0.881938193819382]], [[108.96804680468047, 0.9218421842184218], [108.96842184218421, 0.9218421842184218], [108.96827182718272, 0.9213921392139214], [108.96864686468646, 0.9216171617161716], [108.96834683468346, 0.9222922292229223], [108.96804680468047, 0.9218421842184218]], [[108.97119711971197, 0.9204920492049204], [108.97172217221721, 0.91996699669967], [108.97157215721572, 0.9205670567056705], [108.97119711971197, 0.9204920492049204]], [[108.97809780978098, 0.9690969096909691], [108.97839783978398, 0.9685718571857186], [108.97862286228623, 0.9689468946894689], [108.97809780978098, 0.9690969096909691]], [[108.94651965196519, 0.8864386438643864], [108.94599459945994, 0.8859135913591359], [108.94674467446744, 0.8860636063606361], [108.94651965196519, 0.8864386438643864]], [[108.97367236723672, 0.9276927692769277], [108.97449744974497, 0.9273177317731773], [108.97449744974497, 0.9275427542754275], [108.97367236723672, 0.9276927692769277]], [[108.97854785478548, 0.9548454845484549], [108.97914791479147, 0.9544704470447045], [108.97922292229222, 0.9547704770477048], [108.97854785478548, 0.9548454845484549]], [[108.86873687368737, 0.8364836483648365], [108.86866186618661, 0.8361086108610861], [108.86933693369336, 0.8364086408640864], [108.86933693369336, 0.8365586558655865], [108.86873687368737, 0.8364836483648365]], [[108.97374737473747, 0.953045304530453], [108.97397239723972, 0.95244599459946], [108.97397239723972, 0.9531203120312031], [108.97374737473747, 0.953045304530453]], [[108.97337233723371, 0.9512451245124512], [108.97352235223522, 0.9507200720072008], [108.97374737473747, 0.9510951095109511], [108.97337233723371, 0.9512451245124512]], [[108.96399639963997, 0.9214671467146714], [108.96437143714371, 0.9208670867086709], [108.96467146714672, 0.9208670867086709], [108.96399639963997, 0.9214671467146714]], [[108.96279627962795, 0.9191419141914191], [108.96324632463246, 0.9191419141914191], [108.96324632463246, 0.9193669366936693], [108.96272127212721, 0.9195169516951696], [108.96279627962795, 0.9191419141914191]], [[108.88298829882989, 0.7644764476447645], [108.88298829882989, 0.7638763876387639], [108.88328832883288, 0.764026402640264], [108.88298829882989, 0.7644764476447645]], [[108.97847284728472, 0.9406690669066906], [108.97854785478548, 0.9401440144014401], [108.97877287728772, 0.9407440744074408], [108.97847284728472, 0.9406690669066906]], [[108.96834683468346, 0.9298679867986799], [108.96849684968497, 0.9294179417941795], [108.96879687968797, 0.9294929492949295], [108.96834683468346, 0.9298679867986799]], [[108.97757275727572, 0.9321182118211822], [108.97802280228022, 0.9317431743174317], [108.97779777977797, 0.9322682268226823], [108.97757275727572, 0.9321182118211822]], [[108.97832283228323, 0.9596459645964597], [108.97869786978697, 0.9598709870987099], [108.97854785478548, 0.9601710171017102], [108.97832283228323, 0.9600960096009601], [108.97832283228323, 0.9596459645964597]], [[108.97697269726973, 0.965046504650465], [108.97734773477347, 0.9651215121512151], [108.97697269726973, 0.9653465346534653], [108.97697269726973, 0.965046504650465]], [[108.97487248724872, 0.9554455445544554], [108.97434743474346, 0.9551455145514551], [108.97434743474346, 0.9546954695469547], [108.97487248724872, 0.9554455445544554]], [[108.97832283228323, 0.9327182718271827], [108.97884788478848, 0.9328682868286828], [108.97832283228323, 0.933018301830183], [108.97832283228323, 0.9327182718271827]], [[108.97809780978098, 0.9636213621362136], [108.97832283228323, 0.9633213321332134], [108.97832283228323, 0.9637713771377138], [108.97809780978098, 0.9636213621362136]], [[108.98244824482448, 0.9997749774977498], [108.98229822982297, 0.9993249324932493], [108.98274827482747, 0.9996249624962497], [108.98244824482448, 0.9997749774977498]], [[108.97884788478848, 0.9741224122412241], [108.97809780978098, 0.9737473747374737], [108.97884788478848, 0.9738973897389739], [108.97884788478848, 0.9741224122412241]], [[108.96752175217522, 0.9331683168316831], [108.96782178217822, 0.9326432643264326], [108.96774677467747, 0.9332433243324332], [108.96752175217522, 0.9331683168316831]], [[108.97877287728772, 0.9622712271227123], [108.97907290729073, 0.961971197119712], [108.97899789978997, 0.9623462346234624], [108.97877287728772, 0.9622712271227123]], [[108.97862286228623, 0.9714971497149715], [108.97907290729073, 0.9711221122112211], [108.97884788478848, 0.9715721572157215], [108.97862286228623, 0.9714971497149715]], [[108.97914791479147, 0.9597959795979598], [108.97884788478848, 0.9588958895889589], [108.97907290729073, 0.958970897089709], [108.97914791479147, 0.9597959795979598]], [[108.97217221722171, 0.942994299429943], [108.97209720972097, 0.9424692469246925], [108.97239723972397, 0.9432193219321933], [108.97217221722171, 0.942994299429943]], [[108.96947194719472, 0.9389438943894389], [108.96947194719472, 0.9383438343834384], [108.96977197719771, 0.9389438943894389], [108.96947194719472, 0.9389438943894389]], [[108.96399639963997, 0.9183918391839184], [108.96437143714371, 0.9183918391839184], [108.96399639963997, 0.9186918691869187], [108.96399639963997, 0.9183918391839184]], [[108.9478697869787, 0.8810381038103811], [108.94824482448244, 0.8808130813081309], [108.94816981698169, 0.8811131113111311], [108.9478697869787, 0.8810381038103811]], [[108.94561956195619, 0.8852385238523852], [108.94599459945994, 0.8852385238523852], [108.94606960696069, 0.8855385538553855], [108.94584458445844, 0.8856135613561356], [108.94561956195619, 0.8852385238523852]], [[108.96849684968497, 0.9195169516951696], [108.96894689468947, 0.9196669666966697], [108.96857185718571, 0.9197419741974198], [108.96849684968497, 0.9195169516951696]], [[108.97854785478548, 0.9641464146414641], [108.97907290729073, 0.9639213921392139], [108.97907290729073, 0.964071407140714], [108.97854785478548, 0.9641464146414641]], [[108.97749774977497, 0.9642964296429642], [108.97794779477947, 0.9642964296429642], [108.97742274227423, 0.9644464446444645], [108.97749774977497, 0.9642964296429642]], [[108.96977197719771, 0.9394689468946895], [108.96999699969997, 0.9396189618961897], [108.96992199219922, 0.9399189918991899], [108.96969696969697, 0.9398439843984399], [108.96977197719771, 0.9394689468946895]], [[108.97367236723672, 0.9268676867686769], [108.97397239723972, 0.9266426642664266], [108.97404740474047, 0.9268676867686769], [108.97367236723672, 0.9268676867686769]], [[108.94614461446145, 0.8772877287728773], [108.94644464446445, 0.8775877587758776], [108.94614461446145, 0.8775877587758776], [108.94614461446145, 0.8772877287728773]], [[108.97757275727572, 0.9648214821482148], [108.97794779477947, 0.9646714671467147], [108.97787278727873, 0.964971497149715], [108.97757275727572, 0.9648214821482148]], [[108.95582058205821, 0.8913141314131413], [108.95619561956195, 0.8914641464146414], [108.95589558955895, 0.8916141614161416], [108.95582058205821, 0.8913141314131413]], [[108.94824482448244, 0.8793879387938793], [108.94854485448545, 0.8792379237923792], [108.94854485448545, 0.8796129612961296], [108.94824482448244, 0.8793879387938793]], [[108.9480198019802, 0.8800630063006301], [108.9483198319832, 0.8798379837983799], [108.9483198319832, 0.8801380138013801], [108.9480198019802, 0.8800630063006301]], [[108.97892289228922, 0.9417941794179417], [108.97907290729073, 0.9413441344134413], [108.97914791479147, 0.9417941794179417], [108.97892289228922, 0.9417941794179417]], [[108.97892289228922, 0.96999699969997], [108.97914791479147, 0.9702970297029703], [108.97877287728772, 0.9702970297029703], [108.97892289228922, 0.96999699969997]], [[108.97479747974798, 0.9192919291929192], [108.97517251725172, 0.919066906690669], [108.97517251725172, 0.9192919291929192], [108.97479747974798, 0.9192919291929192]], [[108.9519201920192, 0.8850885088508851], [108.9522202220222, 0.8848634863486349], [108.9522202220222, 0.8851635163516351], [108.9519201920192, 0.8850885088508851]], [[108.9540204020402, 0.8877887788778878], [108.9543204320432, 0.8875637563756376], [108.95424542454245, 0.8878637863786378], [108.9540204020402, 0.8877887788778878]], [[108.97997299729973, 0.9302430243024302], [108.98027302730273, 0.9304680468046804], [108.97997299729973, 0.9305430543054305], [108.97997299729973, 0.9302430243024302]], [[108.97247224722472, 0.9441194119411941], [108.97254725472547, 0.9436693669366937], [108.97269726972696, 0.9443444344434443], [108.97247224722472, 0.9441194119411941]], [[108.97974797479748, 0.9305430543054305], [108.98004800480048, 0.9307680768076808], [108.97982298229823, 0.930918091809181], [108.97974797479748, 0.9305430543054305]], [[108.97644764476448, 0.9540954095409541], [108.97667266726673, 0.9542454245424542], [108.97644764476448, 0.9545454545454546], [108.97644764476448, 0.9540954095409541]], [[108.9463696369637, 0.8849384938493849], [108.9466696669667, 0.8851635163516351], [108.9463696369637, 0.8852385238523852], [108.9463696369637, 0.8849384938493849]], [[108.97772277227722, 0.9544704470447045], [108.97802280228022, 0.9546204620462047], [108.97779777977797, 0.9547704770477048], [108.97772277227722, 0.9544704470447045]], [[108.97464746474647, 0.9188418841884188], [108.97494749474947, 0.9186918691869187], [108.97494749474947, 0.9189168916891689], [108.97464746474647, 0.9188418841884188]], [[108.96362136213621, 0.9177917791779178], [108.96384638463846, 0.918091809180918], [108.96354635463545, 0.918091809180918], [108.96362136213621, 0.9177917791779178]], [[108.96654665466546, 0.9251425142514251], [108.96692169216921, 0.9252925292529253], [108.96654665466546, 0.9252925292529253], [108.96654665466546, 0.9251425142514251]], [[108.97502250225023, 0.9214671467146714], [108.97524752475248, 0.9216921692169217], [108.97502250225023, 0.9217671767176717], [108.97502250225023, 0.9214671467146714]], [[108.97659765976597, 0.927992799279928], [108.97689768976898, 0.9282178217821782], [108.97667266726673, 0.9282178217821782], [108.97659765976597, 0.927992799279928]], [[108.97847284728472, 0.9294929492949295], [108.97892289228922, 0.9296429642964297], [108.97847284728472, 0.9295679567956796], [108.97847284728472, 0.9294929492949295]], [[108.96999699969997, 0.9321932193219322], [108.97022202220222, 0.9320432043204321], [108.97022202220222, 0.9322682268226823], [108.96999699969997, 0.9321932193219322]], [[108.9501200120012, 0.8823132313231323], [108.9502700270027, 0.8826132613261326], [108.95004500450045, 0.8826132613261326], [108.9501200120012, 0.8823132313231323]], [[108.92761776177618, 0.8746624662466247], [108.92739273927393, 0.8748874887488749], [108.92739273927393, 0.8746624662466247], [108.92761776177618, 0.8746624662466247]], [[108.94524452445245, 0.882988298829883], [108.94539453945394, 0.8832133213321331], [108.9451695169517, 0.8831383138313831], [108.94524452445245, 0.882988298829883]], [[108.84458445844584, 0.8061806180618062], [108.8449594959496, 0.8063306330633063], [108.84458445844584, 0.8062556255625563], [108.84458445844584, 0.8061806180618062]], [[108.97884788478848, 0.9706720672067207], [108.97907290729073, 0.9708970897089709], [108.97884788478848, 0.9708220822082209], [108.97884788478848, 0.9706720672067207]], [[108.97247224722472, 0.9478697869786978], [108.97269726972696, 0.948094809480948], [108.97254725472547, 0.948094809480948], [108.97247224722472, 0.9478697869786978]], [[108.97922292229222, 0.9681968196819682], [108.97899789978997, 0.9684218421842185], [108.97899789978997, 0.9681968196819682], [108.97922292229222, 0.9681968196819682]], [[108.96707170717072, 0.9210921092109211], [108.96722172217221, 0.9214671467146714], [108.96714671467146, 0.9214671467146714], [108.96707170717072, 0.9210921092109211]], [[108.97892289228922, 0.9732973297329733], [108.97869786978697, 0.9735223522352235], [108.97869786978697, 0.9732973297329733], [108.97892289228922, 0.9732973297329733]], [[108.97239723972397, 0.9471947194719472], [108.97262226222622, 0.9473447344734474], [108.97247224722472, 0.9474947494749475], [108.97239723972397, 0.9471947194719472]], [[108.98087308730872, 0.9314431443144314], [108.98072307230723, 0.9316681668166816], [108.98072307230723, 0.9314431443144314], [108.98087308730872, 0.9314431443144314]], [[108.97292229222921, 0.9454695469546954], [108.97314731473146, 0.9456945694569456], [108.97299729972997, 0.9457695769576958], [108.97292229222921, 0.9454695469546954]], [[108.96722172217221, 0.9264926492649265], [108.96729672967297, 0.926942694269427], [108.96722172217221, 0.926942694269427], [108.96722172217221, 0.9264926492649265]], [[108.97337233723371, 0.923042304230423], [108.97359735973598, 0.9229672967296729], [108.97344734473447, 0.9231923192319231], [108.97337233723371, 0.923042304230423]], [[108.96639663966397, 0.9248424842484249], [108.96654665466546, 0.9250675067506751], [108.96632163216321, 0.924992499249925], [108.96639663966397, 0.9248424842484249]], [[108.96842184218421, 0.92994299429943], [108.96857185718571, 0.9301680168016802], [108.96842184218421, 0.9300930093009301], [108.96842184218421, 0.92994299429943]], [[108.9555205520552, 0.8910891089108911], [108.9556705670567, 0.8913141314131413], [108.95544554455445, 0.8913141314131413], [108.9555205520552, 0.8910891089108911]], [[108.96909690969096, 0.9375937593759376], [108.96924692469247, 0.9378187818781878], [108.96909690969096, 0.9378937893789379], [108.96909690969096, 0.9375937593759376]], [[108.96729672967297, 0.9198169816981698], [108.96707170717072, 0.92004200420042], [108.96707170717072, 0.9198169816981698], [108.96729672967297, 0.9198169816981698]], [[108.92154215421542, 0.8695619561956196], [108.92176717671767, 0.8697869786978698], [108.92154215421542, 0.8697119711971197], [108.92154215421542, 0.8695619561956196]], [[108.8404590459046, 0.801980198019802], [108.84060906090609, 0.8022052205220522], [108.84038403840384, 0.8022052205220522], [108.8404590459046, 0.801980198019802]], [[108.87548754875488, 0.8393339333933393], [108.87533753375337, 0.8395589558955896], [108.87526252625263, 0.8393339333933393], [108.87548754875488, 0.8393339333933393]], [[108.9549204920492, 0.8871137113711371], [108.9550705070507, 0.8873387338733874], [108.95484548454846, 0.8872637263726373], [108.9549204920492, 0.8871137113711371]], [[108.97847284728472, 0.9787728772877288], [108.97832283228323, 0.978997899789979], [108.97832283228323, 0.9787728772877288], [108.97847284728472, 0.9787728772877288]], [[108.97802280228022, 0.9592709270927092], [108.97817281728173, 0.9594959495949595], [108.97802280228022, 0.9594209420942095], [108.97802280228022, 0.9592709270927092]], [[108.9466696669667, 0.8763126312631263], [108.94644464446445, 0.8764626462646264], [108.94644464446445, 0.8763126312631263], [108.9466696669667, 0.8763126312631263]], [[108.9561206120612, 0.8907890789078907], [108.95589558955895, 0.890939093909391], [108.95589558955895, 0.8907890789078907], [108.9561206120612, 0.8907890789078907]], [[108.9499699969997, 0.8915391539153915], [108.94981998199819, 0.8917641764176417], [108.94981998199819, 0.8915391539153915], [108.9499699969997, 0.8915391539153915]], [[108.97884788478848, 0.9696969696969697], [108.97862286228623, 0.9698469846984699], [108.97862286228623, 0.9696969696969697], [108.97884788478848, 0.9696969696969697]], [[108.97539753975397, 0.9267176717671767], [108.97517251725172, 0.9268676867686769], [108.97517251725172, 0.9267176717671767], [108.97539753975397, 0.9267176717671767]], [[108.97472247224722, 0.9207170717071707], [108.97487248724872, 0.920942094209421], [108.97464746474647, 0.9208670867086709], [108.97472247224722, 0.9207170717071707]], [[108.96992199219922, 0.9401440144014401], [108.97007200720071, 0.9404440444044404], [108.96999699969997, 0.9404440444044404], [108.96992199219922, 0.9401440144014401]], [[108.96969696969697, 0.9375937593759376], [108.96977197719771, 0.9378187818781878], [108.96962196219621, 0.9377437743774377], [108.96969696969697, 0.9375937593759376]], [[108.96954695469546, 0.936918691869187], [108.96939693969397, 0.9371437143714372], [108.96932193219321, 0.936918691869187], [108.96954695469546, 0.936918691869187]], [[108.97862286228623, 0.98004800480048], [108.97877287728772, 0.9802730273027302], [108.97862286228623, 0.9804230423042304], [108.97862286228623, 0.98004800480048]], [[108.97862286228623, 0.9828232823282328], [108.97847284728472, 0.983048304830483], [108.97847284728472, 0.9828232823282328], [108.97862286228623, 0.9828232823282328]], [[108.97787278727873, 0.9674467446744675], [108.97779777977797, 0.9676717671767177], [108.97772277227722, 0.9674467446744675], [108.97787278727873, 0.9674467446744675]], [[108.97929792979298, 0.9964746474647465], [108.97914791479147, 0.9966996699669967], [108.97914791479147, 0.9964746474647465], [108.97929792979298, 0.9964746474647465]], [[108.97262226222622, 0.9456945694569456], [108.97247224722472, 0.9458445844584459], [108.97247224722472, 0.9456945694569456], [108.97262226222622, 0.9456945694569456]], [[108.97584758475847, 0.933993399339934], [108.97562256225622, 0.9341434143414341], [108.97562256225622, 0.933993399339934], [108.97584758475847, 0.933993399339934]], [[108.9014401440144, 0.8670867086708671], [108.90136513651365, 0.8673117311731173], [108.90129012901289, 0.8670867086708671], [108.9014401440144, 0.8670867086708671]], [[108.97584758475847, 0.9506450645064506], [108.97562256225622, 0.9507950795079508], [108.97562256225622, 0.9506450645064506], [108.97584758475847, 0.9506450645064506]], [[108.96984698469846, 0.9391689168916891], [108.96969696969697, 0.939018901890189], [108.96984698469846, 0.939018901890189], [108.96984698469846, 0.9391689168916891]], [[108.97989798979897, 0.9529702970297029], [108.97974797479748, 0.9531953195319531], [108.97974797479748, 0.9529702970297029], [108.97989798979897, 0.9529702970297029]], [[108.97817281728173, 0.964071407140714], [108.97832283228323, 0.9642214221422142], [108.97817281728173, 0.9642214221422142], [108.97817281728173, 0.964071407140714]], [[108.97907290729073, 0.9832733273327333], [108.97914791479147, 0.9834983498349835], [108.97899789978997, 0.9834233423342335], [108.97907290729073, 0.9832733273327333]], [[108.97059705970597, 0.9416441644164416], [108.97052205220521, 0.9417941794179417], [108.97044704470447, 0.9415691569156915], [108.97059705970597, 0.9416441644164416]], [[108.9478697869787, 0.8774377437743774], [108.94771977197719, 0.8775877587758776], [108.94771977197719, 0.8775127512751275], [108.9478697869787, 0.8774377437743774]], [[108.97539753975397, 0.9507950795079508], [108.97517251725172, 0.9507200720072008], [108.97539753975397, 0.9506450645064506], [108.97539753975397, 0.9507950795079508]], [[108.97862286228623, 0.936918691869187], [108.97854785478548, 0.9371437143714372], [108.97847284728472, 0.936993699369937], [108.97862286228623, 0.936918691869187]], [[108.97554755475547, 0.9188418841884188], [108.97539753975397, 0.9186918691869187], [108.97554755475547, 0.9186918691869187], [108.97554755475547, 0.9188418841884188]], [[108.96954695469546, 0.9312931293129313], [108.96947194719472, 0.9315931593159316], [108.96947194719472, 0.9312931293129313], [108.96954695469546, 0.9312931293129313]], [[108.86776177617762, 0.7903540354035403], [108.86761176117612, 0.7905040504050405], [108.86761176117612, 0.7902790279027903], [108.86776177617762, 0.7903540354035403]], [[108.96609660966097, 0.9214671467146714], [108.96594659465946, 0.9216171617161716], [108.96594659465946, 0.9213921392139214], [108.96609660966097, 0.9214671467146714]], [[108.9519201920192, 0.8912391239123912], [108.95184518451845, 0.8913891389138914], [108.95177017701769, 0.8912391239123912], [108.9519201920192, 0.8912391239123912]], [[108.97449744974497, 0.9543204320432043], [108.97434743474346, 0.9541704170417041], [108.97449744974497, 0.9541704170417041], [108.97449744974497, 0.9543204320432043]], [[108.97794779477947, 0.9245424542454246], [108.97779777977797, 0.9243924392439244], [108.97794779477947, 0.9243924392439244], [108.97794779477947, 0.9245424542454246]], [[108.97539753975397, 0.9228922892289229], [108.97524752475248, 0.9227422742274227], [108.97539753975397, 0.9227422742274227], [108.97539753975397, 0.9228922892289229]], [[108.97029702970296, 0.940969096909691], [108.97022202220222, 0.9411941194119412], [108.97014701470147, 0.940969096909691], [108.97029702970296, 0.940969096909691]], [[108.97254725472547, 0.946969696969697], [108.97239723972397, 0.9468196819681968], [108.97254725472547, 0.9468196819681968], [108.97254725472547, 0.946969696969697]], [[108.97314731473146, 0.9415691569156915], [108.97299729972997, 0.9414191419141914], [108.97314731473146, 0.9414191419141914], [108.97314731473146, 0.9415691569156915]], [[108.97337233723371, 0.9201920192019202], [108.97322232223222, 0.9203420342034203], [108.97314731473146, 0.9201920192019202], [108.97337233723371, 0.9201920192019202]], [[108.96887188718871, 0.9343684368436844], [108.96879687968797, 0.9341434143414341], [108.96887188718871, 0.9341434143414341], [108.96887188718871, 0.9343684368436844]], [[108.97517251725172, 0.9247674767476748], [108.97509750975097, 0.9246174617461747], [108.97517251725172, 0.9246174617461747], [108.97517251725172, 0.9247674767476748]], [[108.97314731473146, 0.9425442544254425], [108.97299729972997, 0.9423942394239424], [108.97307230723072, 0.9423942394239424], [108.97314731473146, 0.9425442544254425]], [[108.97472247224722, 0.9306930693069306], [108.97457245724571, 0.9306180618061806], [108.97472247224722, 0.9305430543054305], [108.97472247224722, 0.9306930693069306]], [[108.97494749474947, 0.9539453945394539], [108.97479747974798, 0.9537953795379538], [108.97494749474947, 0.9537953795379538], [108.97494749474947, 0.9539453945394539]], [[108.96609660966097, 0.921992199219922], [108.96594659465946, 0.9218421842184218], [108.96609660966097, 0.921917191719172], [108.96609660966097, 0.921992199219922]], [[108.97839783978398, 0.9298679867986799], [108.97824782478247, 0.9297179717971797], [108.97839783978398, 0.9297929792979298], [108.97839783978398, 0.9298679867986799]], [[108.98049804980498, 0.9527452745274527], [108.98034803480347, 0.9526702670267027], [108.98049804980498, 0.9525952595259526], [108.98049804980498, 0.9527452745274527]], [[108.98417341734174, 0.9689468946894689], [108.98402340234023, 0.9688718871887189], [108.98417341734174, 0.9688718871887189], [108.98417341734174, 0.9689468946894689]], [[108.97479747974798, 0.9270927092709271], [108.97464746474647, 0.9270177017701771], [108.97479747974798, 0.926942694269427], [108.97479747974798, 0.9270927092709271]], [[108.96564656465647, 0.9225172517251725], [108.96557155715571, 0.9225922592259226], [108.96549654965496, 0.9225172517251725], [108.96564656465647, 0.9225172517251725]], [[108.96984698469846, 0.936993699369937], [108.96969696969697, 0.9368436843684368], [108.96984698469846, 0.9368436843684368], [108.96984698469846, 0.936993699369937]], [[108.88021227122712, 0.7726522652265226], [108.87998799879988, 0.7725772577257726], [108.88021302130213, 0.7725772577257726], [108.88021227122712, 0.7726522652265226]], [[108.95154515451544, 0.8901140114011401], [108.95169516951695, 0.89003900390039], [108.95169516951695, 0.8901140114011401], [108.95154515451544, 0.8901140114011401]], [[108.97442244224422, 0.9348184818481848], [108.97449744974497, 0.9346684668466847], [108.97449744974497, 0.9348184818481848], [108.97442244224422, 0.9348184818481848]], [[108.97449744974497, 0.9186168616861686], [108.97457245724571, 0.9184668466846685], [108.97457245724571, 0.9186168616861686], [108.97449744974497, 0.9186168616861686]], [[108.96797179717971, 0.9326432643264326], [108.96804680468047, 0.9324932493249325], [108.96804680468047, 0.9326432643264326], [108.96797179717971, 0.9326432643264326]], [[108.96879687968797, 0.9312181218121812], [108.96887188718871, 0.9310681068106811], [108.96887188718871, 0.9312181218121812], [108.96879687968797, 0.9312181218121812]], [[108.94501950195018, 0.8853135313531353], [108.9451695169517, 0.8852385238523852], [108.9451695169517, 0.8853135313531353], [108.94501950195018, 0.8853135313531353]], [[108.94794479447944, 0.8861386138613861], [108.94809480948095, 0.8860636063606361], [108.94809480948095, 0.8861386138613861], [108.94794479447944, 0.8861386138613861]], [[108.97929792979298, 0.9414191419141914], [108.97937293729373, 0.9412691269126913], [108.97937293729373, 0.9414191419141914], [108.97929792979298, 0.9414191419141914]], [[108.97652265226522, 0.9537203720372037], [108.97667266726673, 0.9536453645364537], [108.97667266726673, 0.9537203720372037], [108.97652265226522, 0.9537203720372037]], [[108.97539753975397, 0.921017101710171], [108.97532253225322, 0.920942094209421], [108.97539753975397, 0.920942094209421], [108.97539753975397, 0.921017101710171]], [[108.96827182718272, 0.9291179117911791], [108.96819681968196, 0.929042904290429], [108.96827182718272, 0.929042904290429], [108.96827182718272, 0.9291179117911791]], [[108.97892289228922, 0.9879237923792379], [108.97884788478848, 0.9878487848784878], [108.97892289228922, 0.9878487848784878], [108.97892289228922, 0.9879237923792379]], [[108.97944794479447, 0.9416441644164416], [108.97937293729373, 0.9415691569156915], [108.97944794479447, 0.9415691569156915], [108.97944794479447, 0.9416441644164416]], [[108.96962196219621, 0.9366186618661866], [108.96954695469546, 0.9365436543654365], [108.96962196219621, 0.9365436543654365], [108.96962196219621, 0.9366186618661866]], [[108.97314731473146, 0.9405940594059405], [108.97307230723072, 0.9405190519051905], [108.97314731473146, 0.9405190519051905], [108.97314731473146, 0.9405940594059405]], [[108.97877287728772, 0.9807980798079808], [108.97869786978697, 0.9807230723072308], [108.97877287728772, 0.9807230723072308], [108.97877287728772, 0.9807980798079808]], [[108.97802280228022, 0.9698469846984699], [108.97794779477947, 0.9697719771977198], [108.97802280228022, 0.9697719771977198], [108.97802280228022, 0.9698469846984699]], [[108.97419741974197, 0.9395439543954396], [108.97412241224121, 0.9394689468946895], [108.97419741974197, 0.9394689468946895], [108.97419741974197, 0.9395439543954396]], [[108.96842184218421, 0.9239423942394239], [108.96834683468346, 0.9238673867386739], [108.96842184218421, 0.9238673867386739], [108.96842184218421, 0.9239423942394239]], [[108.87661266126612, 0.84000900090009], [108.87653765376537, 0.8399339933993399], [108.87661266126612, 0.8399339933993399], [108.87661266126612, 0.84000900090009]], [[108.77962796279628, 0.8215571557155715], [108.77955295529553, 0.8214821482148215], [108.77962796279628, 0.8214821482148215], [108.77962796279628, 0.8215571557155715]], [[108.98027302730273, 0.9655715571557155], [108.98019801980197, 0.9654965496549655], [108.98027302730273, 0.9654965496549655], [108.98027302730273, 0.9655715571557155]], [[108.97952295229523, 0.9614461446144614], [108.97944794479447, 0.9613711371137114], [108.97952295229523, 0.9613711371137114], [108.97952295229523, 0.9614461446144614]], [[108.97404740474047, 0.9524452445244525], [108.97397239723972, 0.9523702370237024], [108.97404740474047, 0.9523702370237024], [108.97404740474047, 0.9524452445244525]], [[108.97269726972696, 0.9485448544854486], [108.97262226222622, 0.9484698469846985], [108.97269726972696, 0.9484698469846985], [108.97269726972696, 0.9485448544854486]], [[108.95409540954095, 0.8892889288928892], [108.9540204020402, 0.8892139213921392], [108.95409540954095, 0.8892139213921392], [108.95409540954095, 0.8892889288928892]], [[108.97659765976597, 0.9651965196519652], [108.97652265226522, 0.9651215121512151], [108.97659765976597, 0.9651215121512151], [108.97659765976597, 0.9651965196519652]], [[108.9556705670567, 0.8948394839483949], [108.95559555955595, 0.8949144914491449], [108.95559555955595, 0.8948394839483949], [108.9556705670567, 0.8948394839483949]], [[108.9556713171317, 0.8949144914491449], [108.95574557455745, 0.894989498949895], [108.9556705670567, 0.894989498949895], [108.9556713171317, 0.8949144914491449]], [[108.92769276927693, 0.874962496249625], [108.92776777677767, 0.8748874887488749], [108.92776702670267, 0.874962496249625], [108.92769276927693, 0.874962496249625]]], [[[108.89596459645965, 0.7500750075007501], [108.8966396639664, 0.75], [108.89596459645965, 0.75], [108.89596459645965, 0.7500750075007501]]], [[[108.89971497149715, 0.7502250225022502], [108.89836483648365, 0.75], [108.89836483648365, 0.7500750075007501], [108.89971497149715, 0.7502250225022502]]], [[[108.89731473147314, 0.7502250225022502], [108.8969396939694, 0.75], [108.8969396939694, 0.7500750075007501], [108.89731473147314, 0.7502250225022502]]], [[[108.89843984398439, 0.7507500750075007], [108.8982898289829, 0.7503000300030003], [108.89791479147914, 0.7503000300030003], [108.89798979897989, 0.7509000900090008], [108.89843984398439, 0.7507500750075007]]], [[[108.89198919891989, 0.7525502550255025], [108.89273927392739, 0.7504500450045004], [108.89371437143714, 0.7505250525052505], [108.89401440144015, 0.75], [108.89191419141913, 0.75], [108.89161416141614, 0.7513501350135013], [108.89206420642064, 0.7515001500150015], [108.89176417641764, 0.7520252025202521], [108.89198919891989, 0.7525502550255025]]], [[[108.88778877887789, 0.753075307530753], [108.88883888388838, 0.753075307530753], [108.88831383138313, 0.7527752775277528], [108.88876387638764, 0.7520252025202521], [108.88876387638764, 0.75], [108.88793879387939, 0.7503000300030003], [108.88816381638163, 0.7515751575157515], [108.88778877887789, 0.7521752175217522], [108.88703870387039, 0.7524002400240024], [108.88763876387638, 0.7535253525352535], [108.88778877887789, 0.753075307530753]]], [[[108.89986498649864, 0.751950195019502], [108.89956495649565, 0.7518001800180018], [108.89971497149715, 0.7521002100210021], [108.89986498649864, 0.751950195019502]]], [[[108.89513951395139, 0.7548004800480048], [108.89438943894389, 0.7547254725472547], [108.89476447644765, 0.7528502850285028], [108.89521452145215, 0.7525502550255025], [108.8954395439544, 0.7533003300330032], [108.89491449144914, 0.754050405040504], [108.89551455145514, 0.7542754275427542], [108.8958895889589, 0.7527752775277528], [108.89521452145215, 0.7524002400240024], [108.89506450645064, 0.7514251425142514], [108.89438943894389, 0.7511251125112511], [108.8942394239424, 0.7534503450345034], [108.89363936393639, 0.7544254425442544], [108.89506450645064, 0.7551755175517552], [108.89513951395139, 0.7548004800480048]]], [[[108.89761476147615, 0.7536753675367537], [108.89776477647764, 0.753075307530753], [108.8975397539754, 0.7529252925292529], [108.89716471647165, 0.7538253825382538], [108.89761476147615, 0.7536753675367537]]], [[[108.88861386138613, 0.756000600060006], [108.88876387638764, 0.7551005100510051], [108.8885388538854, 0.7551005100510051], [108.88861386138613, 0.756000600060006]]], [[[108.89273927392739, 0.7575757575757576], [108.89311431143113, 0.7566756675667566], [108.89296429642964, 0.7560756075607561], [108.89243924392439, 0.756000600060006], [108.89296429642964, 0.7552505250525052], [108.8925892589259, 0.754050405040504], [108.88981398139813, 0.7533753375337533], [108.89018901890189, 0.7542754275427542], [108.89131413141314, 0.753975397539754], [108.89243924392439, 0.7545004500450045], [108.89266426642664, 0.7553255325532553], [108.89228922892289, 0.7552505250525052], [108.89191419141913, 0.7561506150615062], [108.89191419141913, 0.7555505550555055], [108.89161416141614, 0.7559255925592558], [108.89041404140414, 0.7555505550555055], [108.89018901890189, 0.7562256225622562], [108.8913891389139, 0.7567506750675067], [108.89198919891989, 0.7566756675667566], [108.89236423642365, 0.7561506150615062], [108.89228922892289, 0.7577257725772577], [108.89273927392739, 0.7575757575757576]]], [[[108.88538853885389, 0.7563756375637564], [108.88546354635463, 0.7559255925592558], [108.88516351635164, 0.756000600060006], [108.88538853885389, 0.7563756375637564]]], [[[108.8981398139814, 0.7566006600660066], [108.89798979897989, 0.7559255925592558], [108.8978397839784, 0.7565256525652565], [108.8981398139814, 0.7566006600660066]]], [[[108.88703870387039, 0.7582508250825082], [108.88711371137113, 0.7545004500450045], [108.88681368136814, 0.7545004500450045], [108.88688868886888, 0.7582508250825082], [108.88658865886589, 0.7584008400840083], [108.88703870387039, 0.7582508250825082]]], [[[108.89551455145514, 0.7570507050705071], [108.89566456645665, 0.7560756075607561], [108.8958895889589, 0.7558505850585058], [108.89461446144614, 0.7563006300630063], [108.89513951395139, 0.7572757275727573], [108.89551455145514, 0.7570507050705071]]], [[[108.88921392139214, 0.7572007200720072], [108.88921392139214, 0.7564506450645064], [108.88756375637564, 0.7566756675667566], [108.88778877887789, 0.7571257125712572], [108.88921392139214, 0.7572007200720072]]], [[[108.88928892889288, 0.759000900090009], [108.88928892889288, 0.7586258625862586], [108.88861386138613, 0.7586258625862586], [108.88876387638764, 0.759075907590759], [108.88928892889288, 0.759000900090009]]], [[[108.89161416141614, 0.7605010501050105], [108.89078907890789, 0.7596759675967597], [108.89071407140713, 0.7601260126012601], [108.88898889888989, 0.7598259825982598], [108.88861386138613, 0.7602760276027603], [108.88891389138914, 0.7607260726072607], [108.89033903390339, 0.7604260426042604], [108.89146414641463, 0.7608010801080107], [108.89161416141614, 0.7605010501050105]]], [[[108.89311431143113, 0.7632013201320131], [108.89273927392739, 0.7625262526252625], [108.8930393039304, 0.762001200120012], [108.89281428142814, 0.7614011401140114], [108.89146414641463, 0.7611761176117612], [108.89123912391238, 0.7615511551155115], [108.89206420642064, 0.7620762076207621], [108.89206420642064, 0.7629762976297629], [108.89311431143113, 0.7632013201320131]]], [[[108.89686468646865, 0.7632763276327632], [108.89686468646865, 0.7623762376237624], [108.89656465646564, 0.7623762376237624], [108.8963396339634, 0.7632763276327632], [108.89686468646865, 0.7632763276327632]]], [[[108.88891389138914, 0.7644014401440143], [108.88838883888388, 0.7635013501350135], [108.88771377137714, 0.7635013501350135], [108.88786378637863, 0.7643264326432643], [108.88891389138914, 0.7644014401440143]]], [[[108.8991899189919, 0.7641764176417641], [108.89911491149114, 0.7637263726372637], [108.8987398739874, 0.7637263726372637], [108.8991899189919, 0.7641764176417641]]], [[[108.89746474647464, 0.7646264626462647], [108.8981398139814, 0.764026402640264], [108.89798979897989, 0.7635013501350135], [108.89746474647464, 0.7646264626462647]]], [[[108.89161416141614, 0.7647764776477648], [108.89108910891089, 0.7635013501350135], [108.89056405640564, 0.7633513351335133], [108.89033903390339, 0.764026402640264], [108.8913891389139, 0.7651515151515151], [108.89161416141614, 0.7647764776477648]]], [[[108.88943894389439, 0.7657515751575157], [108.88846384638464, 0.7652265226522652], [108.88696369636963, 0.7655265526552655], [108.88696369636963, 0.7658265826582658], [108.88718871887188, 0.7655265526552655], [108.88898889888989, 0.7656765676567656], [108.88913891389139, 0.7660516051605161], [108.88943894389439, 0.7657515751575157]]], [[[108.89776477647764, 0.7674017401740174], [108.89761476147615, 0.7668766876687668], [108.89806480648065, 0.7668016801680168], [108.8981398139814, 0.7662766276627663], [108.89761476147615, 0.7658265826582658], [108.89731473147314, 0.7675517551755175], [108.89776477647764, 0.7674017401740174]]], [[[108.89176417641764, 0.7677767776777678], [108.89018901890189, 0.7671767176717672], [108.89056405640564, 0.7660516051605161], [108.89041404140414, 0.7653765376537653], [108.88936393639364, 0.766951695169517], [108.88981398139813, 0.766951695169517], [108.89003900390038, 0.7676267626762676], [108.89101410141014, 0.7676267626762676], [108.8909390939094, 0.7679267926792679], [108.89161416141614, 0.7682268226822682], [108.89176417641764, 0.7677767776777678]]], [[[108.89821482148214, 0.7679267926792679], [108.89896489648964, 0.7667266726672667], [108.89896489648964, 0.7662766276627663], [108.89806480648065, 0.7672517251725173], [108.89821482148214, 0.7679267926792679]]], [[[108.88703870387039, 0.7676267626762676], [108.88673867386738, 0.766951695169517], [108.88628862886289, 0.7671767176717672], [108.88651365136514, 0.7677017701770177], [108.88703870387039, 0.7676267626762676]]], [[[108.89581458145814, 0.7674767476747675], [108.89551455145514, 0.7671017101710171], [108.89491449144914, 0.7672517251725173], [108.89521452145215, 0.7676267626762676], [108.89581458145814, 0.7674767476747675]]], [[[108.89513951395139, 0.768976897689769], [108.89483948394839, 0.7686018601860186], [108.89446444644464, 0.7686768676867687], [108.8945394539454, 0.768976897689769], [108.89513951395139, 0.768976897689769]]], [[[108.88696369636963, 0.771977197719772], [108.88793879387939, 0.7713021302130213], [108.88801380138014, 0.7704770477047704], [108.88861386138613, 0.7704770477047704], [108.88876387638764, 0.7698769876987699], [108.88943894389439, 0.7703270327032703], [108.88928892889288, 0.7713021302130213], [108.89108910891089, 0.7713771377137714], [108.89228922892289, 0.7708520852085208], [108.8933393339334, 0.7715271527152715], [108.89288928892888, 0.7705520552055205], [108.8933393339334, 0.7701770177017702], [108.89318931893189, 0.768976897689769], [108.89401440144015, 0.7687518751875188], [108.89416441644164, 0.7678517851785178], [108.89348934893489, 0.7677017701770177], [108.89251425142514, 0.7687518751875188], [108.89153915391539, 0.7686018601860186], [108.89123912391238, 0.7689018901890189], [108.88996399639964, 0.7681518151815181], [108.89033903390339, 0.768976897689769], [108.88966396639664, 0.7698769876987699], [108.8885388538854, 0.7692769276927692], [108.88771377137714, 0.7701020102010201], [108.88658865886589, 0.7701770177017702], [108.88711371137113, 0.7708520852085208], [108.88666366636663, 0.7716771677167716], [108.88696369636963, 0.771977197719772]], [[108.89003900390038, 0.7708520852085208], [108.89041404140414, 0.771002100210021], [108.89011401140114, 0.7711521152115212], [108.89003900390038, 0.7708520852085208]], [[108.89086408640864, 0.7693519351935193], [108.89123912391238, 0.769051905190519], [108.89108910891089, 0.7694269426942695], [108.89086408640864, 0.7693519351935193]], [[108.88988898889889, 0.7701770177017702], [108.88981398139813, 0.7701020102010201], [108.88988898889889, 0.7701020102010201], [108.88988898889889, 0.7701770177017702]]], [[[108.88516351635164, 0.7714521452145214], [108.88636363636364, 0.7708520852085208], [108.88568856885688, 0.7704770477047704], [108.88576357635763, 0.7693519351935193], [108.88516351635164, 0.7714521452145214]]], [[[108.88531353135313, 0.7722022202220222], [108.88508850885088, 0.7717521752175217], [108.88493849384938, 0.7722022202220222], [108.88531353135313, 0.7722022202220222]]], [[[108.88628862886289, 0.773027302730273], [108.88673867386738, 0.7723522352235224], [108.88636363636364, 0.7722022202220222], [108.88628862886289, 0.773027302730273]]], [[[108.89123912391238, 0.7732523252325232], [108.89086408640864, 0.7727272727272727], [108.89078907890789, 0.773027302730273], [108.89123912391238, 0.7732523252325232]]], [[[108.88358835883588, 0.7733273327332733], [108.88358835883588, 0.7728772877287728], [108.88336333633363, 0.7732523252325232], [108.88358835883588, 0.7733273327332733]]], [[[108.88681368136814, 0.7738523852385238], [108.88651365136514, 0.7735523552355236], [108.88643864386438, 0.7737773777377738], [108.88681368136814, 0.7738523852385238]]], [[[108.88081308130813, 0.7764776477647765], [108.88148814881488, 0.7763276327632763], [108.88156315631564, 0.7753525352535253], [108.88238823882388, 0.7754275427542754], [108.88238823882388, 0.7749024902490249], [108.88298829882989, 0.775052505250525], [108.88261326132613, 0.7754275427542754], [108.88328832883288, 0.7759525952595259], [108.88396339633964, 0.7757275727572757], [108.88433843384338, 0.7762526252625263], [108.88501350135013, 0.7756525652565256], [108.88613861386138, 0.7758025802580257], [108.88621362136213, 0.7755025502550255], [108.88471347134713, 0.7746024602460246], [108.88606360636064, 0.7745274527452746], [108.88613861386138, 0.7742274227422742], [108.88553855385538, 0.7737773777377738], [108.88418841884189, 0.7737023702370237], [108.88358835883588, 0.7746024602460246], [108.88328832883288, 0.7742274227422742], [108.88373837383737, 0.7739273927392739], [108.88268826882688, 0.7737023702370237], [108.88268826882688, 0.7744524452445245], [108.88201320132013, 0.7746024602460246], [108.88238823882388, 0.7734773477347734], [108.88208820882087, 0.7729522952295229], [108.88081308130813, 0.7764776477647765]], [[108.88313831383138, 0.775052505250525], [108.88328832883288, 0.7751275127512751], [108.88313831383138, 0.7751275127512751], [108.88313831383138, 0.775052505250525]]], [[[108.88741374137413, 0.7755775577557755], [108.88726372637264, 0.7751275127512751], [108.88718871887188, 0.7756525652565256], [108.88741374137413, 0.7755775577557755]]], [[[108.88883888388838, 0.7759525952595259], [108.88898889888989, 0.7754275427542754], [108.88831383138313, 0.7752025202520252], [108.88823882388239, 0.776027602760276], [108.88883888388838, 0.7759525952595259]]], [[[108.88418841884189, 0.7775277527752775], [108.88411341134113, 0.7766276627662766], [108.88373837383737, 0.777002700270027], [108.88306330633063, 0.776927692769277], [108.88358835883588, 0.7774527452745275], [108.88418841884189, 0.7775277527752775]]], [[[108.88321332133214, 0.7781278127812781], [108.88291329132913, 0.7778277827782778], [108.88238823882388, 0.7779777977797779], [108.88298829882989, 0.7783528352835283], [108.88321332133214, 0.7781278127812781]]], [[[108.88778877887789, 0.7793279327932793], [108.88718871887188, 0.7786528652865287], [108.88643864386438, 0.7784278427842783], [108.88778877887789, 0.7793279327932793]]], [[[108.88238823882388, 0.8335583558355836], [108.88321332133214, 0.8316081608160816], [108.88313831383138, 0.8308580858085808], [108.88186318631863, 0.8325832583258326], [108.88238823882388, 0.8335583558355836]]], [[[108.88118811881188, 0.84000900090009], [108.88276327632764, 0.8388838883888389], [108.88321332133214, 0.8379837983798379], [108.88313831383138, 0.836933693369337], [108.88448844884488, 0.8376087608760876], [108.88493849384938, 0.8373837383738374], [108.88418841884189, 0.8370837083708371], [108.88433843384338, 0.8361086108610861], [108.88336333633363, 0.8355835583558355], [108.88268826882688, 0.8342334233423342], [108.88231323132312, 0.8352835283528353], [108.88088808880887, 0.8356585658565856], [108.88066306630662, 0.8364086408640864], [108.88193819381938, 0.8361086108610861], [108.88148814881488, 0.8372337233723373], [108.87983798379838, 0.8379837983798379], [108.88013801380137, 0.8391089108910891], [108.87968796879687, 0.8393339333933393], [108.88028802880288, 0.8396339633963397], [108.88073807380738, 0.8392589258925892], [108.88118811881188, 0.84000900090009]], [[108.88276327632764, 0.8358835883588358], [108.88261326132613, 0.8361086108610861], [108.88253825382537, 0.8358835883588358], [108.88276327632764, 0.8358835883588358]], [[108.88276327632764, 0.8373837383738374], [108.88283828382838, 0.8376087608760876], [108.88268826882688, 0.8376087608760876], [108.88276327632764, 0.8373837383738374]], [[108.88223822382238, 0.8376837683768377], [108.88208820882087, 0.8376087608760876], [108.88223822382238, 0.8376087608760876], [108.88223822382238, 0.8376837683768377]]], [[[108.94284428442845, 0.7506000600060005], [108.94269426942694, 0.75], [108.94201920192019, 0.7500750075007501], [108.94209420942094, 0.7506750675067506], [108.94284428442845, 0.7506000600060005]]], [[[108.9006900690069, 0.7509750975097509], [108.9015901590159, 0.7508250825082508], [108.90129012901289, 0.7503750375037503], [108.90181518151815, 0.7501500150015001], [108.9008400840084, 0.75], [108.9006900690069, 0.7503750375037503], [108.9002400240024, 0.7500750075007501], [108.9006900690069, 0.7509750975097509]]], [[[108.91029102910291, 0.7505250525052505], [108.91276627662766, 0.7509750975097509], [108.91299129912991, 0.7503750375037503], [108.91246624662466, 0.7506000600060005], [108.91156615661566, 0.75], [108.91006600660066, 0.7500750075007501], [108.91029102910291, 0.7505250525052505]]], [[[108.90931593159316, 0.7562256225622562], [108.90894089408941, 0.754950495049505], [108.90774152415241, 0.7546504650465047], [108.90736573657365, 0.754050405040504], [108.90646564656466, 0.7551755175517552], [108.90616561656165, 0.7547254725472547], [108.9054905490549, 0.7551005100510051], [108.90556555655566, 0.7555505550555055], [108.90751575157516, 0.7554755475547554], [108.90736573657365, 0.756000600060006], [108.90796579657966, 0.756000600060006], [108.90841584158416, 0.7551755175517552], [108.90901590159015, 0.7561506150615062], [108.90931593159316, 0.7562256225622562]], [[108.90751575157516, 0.7548004800480048], [108.90774077407741, 0.755025502550255], [108.90751575157516, 0.7551005100510051], [108.90751575157516, 0.7548004800480048]], [[108.9074407440744, 0.7551755175517552], [108.9072907290729, 0.7551005100510051], [108.9074407440744, 0.7551005100510051], [108.9074407440744, 0.7551755175517552]]], [[[108.90076507650765, 0.7582508250825082], [108.90121512151215, 0.7575757575757576], [108.90106510651064, 0.7571257125712572], [108.90076507650765, 0.7582508250825082]]], [[[108.9002400240024, 0.758100810081008], [108.9002400240024, 0.7573507350735074], [108.89986498649864, 0.7579507950795079], [108.9002400240024, 0.758100810081008]]], [[[108.9036903690369, 0.7593009300930093], [108.9035403540354, 0.7582508250825082], [108.90316531653166, 0.7582508250825082], [108.90331533153315, 0.7595259525952596], [108.9036903690369, 0.7593009300930093]]], [[[108.90016501650165, 0.7601260126012601], [108.9009900990099, 0.7599009900990099], [108.90076507650765, 0.7588508850885088], [108.90001500150015, 0.7596009600960096], [108.90016501650165, 0.7601260126012601]]], [[[108.90241524152415, 0.7608760876087608], [108.90241524152415, 0.7597509750975098], [108.90129012901289, 0.75997599759976], [108.90136513651365, 0.7606510651065106], [108.90241524152415, 0.7608760876087608]]], [[[108.93886888688868, 0.819006900690069], [108.93886888688868, 0.8168316831683168], [108.93946894689469, 0.816006600660066], [108.94156915691569, 0.8163066306630663], [108.94374437443744, 0.8148064806480648], [108.94434443444344, 0.8139063906390639], [108.94644464446445, 0.8136063606360636], [108.94621962196219, 0.8127062706270627], [108.94689468946895, 0.8129312931293129], [108.9480198019802, 0.8112061206120612], [108.9502700270027, 0.8103810381038103], [108.95079507950794, 0.8095559555955596], [108.95094509450945, 0.8087308730873087], [108.95004500450045, 0.8102310231023102], [108.94809480948095, 0.8107560756075607], [108.9468196819682, 0.8124812481248125], [108.94501950195018, 0.8127062706270627], [108.94464446444644, 0.8133063306330632], [108.9442694269427, 0.8125562556255626], [108.94396939693969, 0.8131563156315631], [108.9435193519352, 0.813081308130813], [108.9435193519352, 0.8137563756375638], [108.94314431443144, 0.8134563456345635], [108.94254425442544, 0.8141314131413141], [108.94224422442244, 0.8133063306330632], [108.94141914191418, 0.8127812781278128], [108.94051905190518, 0.8126312631263126], [108.94104410441044, 0.8134563456345635], [108.93954395439543, 0.8129312931293129], [108.93984398439844, 0.8121812181218122], [108.93924392439244, 0.8115811581158116], [108.93781878187818, 0.8115811581158116], [108.93781878187818, 0.8122562256225623], [108.93826882688269, 0.8123312331233123], [108.93811881188118, 0.813006300630063], [108.93931893189318, 0.8142064206420642], [108.93924392439244, 0.8151057605760575], [108.93826882688269, 0.8147314731473148], [108.93841884188419, 0.8160816081608161], [108.93774377437744, 0.8161566156615662], [108.93811881188118, 0.8175067506750675], [108.93789378937893, 0.8181818181818181], [108.93849384938494, 0.8184068406840683], [108.93864386438644, 0.8178817881788178], [108.93886888688868, 0.819006900690069]], [[108.94179417941794, 0.8148814881488149], [108.94179417941794, 0.8142064206420642], [108.94231848184819, 0.814056405640564], [108.94239423942393, 0.815031503150315], [108.94179417941794, 0.8148814881488149]], [[108.93924392439244, 0.8151815181518152], [108.93969396939694, 0.814956495649565], [108.93954395439543, 0.8156315631563156], [108.93931893189318, 0.8155565556555655], [108.93924392439244, 0.8151815181518152]], [[108.94509450945094, 0.8132313231323132], [108.94531953195319, 0.8128562856285628], [108.9454695469547, 0.813081308130813], [108.94509450945094, 0.8132313231323132]], [[108.93834383438343, 0.8128562856285628], [108.93871887188719, 0.8127812781278128], [108.93871887188719, 0.813006300630063], [108.93834383438343, 0.8128562856285628]], [[108.93834383438343, 0.8175817581758176], [108.93864386438644, 0.8178067806780678], [108.93841884188419, 0.8178067806780678], [108.93834383438343, 0.8175817581758176]], [[108.94501950195018, 0.8133063306330632], [108.94509450945094, 0.8135313531353136], [108.94494449444944, 0.8134563456345635], [108.94501950195018, 0.8133063306330632]], [[108.93909390939093, 0.816006600660066], [108.93894389438944, 0.8160816081608161], [108.93909390939093, 0.8158565856585658], [108.93909390939093, 0.816006600660066]]], [[[108.94741974197419, 0.8142064206420642], [108.9471197119712, 0.8136063606360636], [108.94659465946594, 0.8136063606360636], [108.94704470447044, 0.8144314431443145], [108.94741974197419, 0.8142064206420642]]], [[[108.93916891689169, 0.8198319831983198], [108.93901890189018, 0.8192319231923192], [108.93886888688868, 0.8192319231923192], [108.93879387938793, 0.82005700570057], [108.93916891689169, 0.8198319831983198]]], [[[108.93954395439543, 0.8226072607260726], [108.93939393939394, 0.8211821182118212], [108.93886888688868, 0.8208820882088208], [108.93931893189318, 0.8205820582058205], [108.93894389438944, 0.8202070207020702], [108.93864386438644, 0.820957095709571], [108.93819381938194, 0.8202820282028203], [108.93684368436843, 0.821032103210321], [108.93706870687069, 0.8216321632163216], [108.93826882688269, 0.8214071407140714], [108.93841884188419, 0.8226072607260726], [108.93954395439543, 0.8226072607260726]], [[108.93879387938793, 0.8215571557155715], [108.93894389438944, 0.8214821482148215], [108.93894389438944, 0.8215571557155715], [108.93879387938793, 0.8215571557155715]]], [[[108.94329432943294, 0.8250825082508251], [108.94464446444644, 0.825007500750075], [108.94336933693369, 0.8246324632463247], [108.94329432943294, 0.8250825082508251]]], [[[108.93729372937294, 0.8256075607560756], [108.93819381938194, 0.8253825382538253], [108.93796879687969, 0.8247074707470747], [108.93729372937294, 0.8256075607560756]]], [[[108.93939393939394, 0.8265076507650765], [108.93969396939694, 0.8256825682568256], [108.94036903690369, 0.8251575157515751], [108.93946894689469, 0.8246324632463247], [108.93916891689169, 0.8260576057605761], [108.93939393939394, 0.8265076507650765]]], [[[108.94576957695769, 0.8273327332733273], [108.94726972697269, 0.8270327032703271], [108.94719471947194, 0.8243324332433243], [108.9454695469547, 0.8252325232523252], [108.9454695469547, 0.8256075607560756], [108.94644464446445, 0.8256075607560756], [108.94614461446145, 0.8262826282628263], [108.94651965196519, 0.8267326732673267], [108.94576957695769, 0.8273327332733273]]], [[[108.93984398439844, 0.8287578757875788], [108.93924392439244, 0.8268076807680768], [108.93879387938793, 0.8267326732673267], [108.93909390939093, 0.8271077107710771], [108.93894389438944, 0.828082808280828], [108.93984398439844, 0.8287578757875788]]], [[[108.93414341434143, 0.8316081608160816], [108.93489348934894, 0.8307080708070806], [108.93444344434442, 0.82995799579958], [108.93571857185718, 0.8293579357935793], [108.93526852685268, 0.8285328532853286], [108.93474347434743, 0.8285328532853286], [108.93534353435344, 0.8274827482748275], [108.93511851185119, 0.8268076807680768], [108.93459345934593, 0.8268076807680768], [108.93421842184217, 0.8273327332733273], [108.93429342934293, 0.8281578157815781], [108.93301830183017, 0.8278577857785778], [108.93241824182418, 0.8286078607860786], [108.93249324932493, 0.8295079507950796], [108.93361836183618, 0.82995799579958], [108.93414341434143, 0.8307830783078307], [108.93414341434143, 0.8316081608160816]]], [[[108.93789378937893, 0.8351335133513351], [108.93796879687969, 0.8352085208520852], [108.93796879687969, 0.8351335133513351], [108.93789378937893, 0.8351335133513351]]], [[[108.93804380438044, 0.839033903390339], [108.93901890189018, 0.839033903390339], [108.93871887188719, 0.8384338433843385], [108.93811881188118, 0.8382088208820881], [108.93804380438044, 0.839033903390339]]], [[[108.93736873687368, 0.845934593459346], [108.93631863186319, 0.8445844584458446], [108.93601860186018, 0.8446594659465947], [108.93699369936994, 0.8460846084608461], [108.93736873687368, 0.845934593459346]]], [[[108.93279327932792, 0.8670867086708671], [108.93391839183919, 0.8664866486648665], [108.93654365436544, 0.866936693669367], [108.93676867686769, 0.8664116411641164], [108.93556855685569, 0.8662616261626163], [108.93586858685869, 0.8655865586558655], [108.93729372937294, 0.8650615061506151], [108.93736873687368, 0.8658115811581157], [108.93774377437744, 0.8658115811581157], [108.93804380438044, 0.8651365136513651], [108.93894389438944, 0.8651365136513651], [108.93901890189018, 0.8648364836483649], [108.93961896189619, 0.8652115211521152], [108.93991899189919, 0.8649114911491149], [108.93916891689169, 0.8641614161416141], [108.93916891689169, 0.8634113411341134], [108.94036903690369, 0.8637113711371137], [108.94044404440444, 0.8643864386438644], [108.94111911191119, 0.8649114911491149], [108.94171917191719, 0.8633363336333633], [108.94119411941193, 0.8632613261326132], [108.94111911191119, 0.8626612661266126], [108.94036903690369, 0.8631113111311131], [108.94006900690069, 0.8626612661266126], [108.94021902190218, 0.8616111611161116], [108.93969396939694, 0.8629612961296129], [108.93894389438944, 0.8633363336333633], [108.93886888688868, 0.8642364236423642], [108.93751875187519, 0.8639363936393639], [108.93811881188118, 0.8636363636363636], [108.93804380438044, 0.8629612961296129], [108.93849384938494, 0.8628862886288629], [108.93856885688568, 0.8625862586258626], [108.93894389438944, 0.8623612361236124], [108.93916891689169, 0.8618361836183618], [108.93864386438644, 0.8624362436243624], [108.93826882688269, 0.8616861686168616], [108.93729372937294, 0.8620612061206121], [108.93669366936693, 0.860936093609361], [108.93639363936393, 0.8611611161116112], [108.93699369936994, 0.861986198619862], [108.93654365436544, 0.8628112811281128], [108.93556855685569, 0.8634863486348635], [108.93526852685268, 0.8632613261326132], [108.93534353435344, 0.8626612661266126], [108.93624362436243, 0.8624362436243624], [108.93601860186018, 0.861986198619862], [108.93541854185418, 0.8620612061206121], [108.93579357935793, 0.8617611761176117], [108.93541854185418, 0.8606360636063606], [108.93609360936094, 0.8610861086108611], [108.93661866186618, 0.8602610261026102], [108.93601860186018, 0.8593609360936094], [108.93699369936994, 0.8595859585958596], [108.93744374437443, 0.859060906090609], [108.93834383438343, 0.8592109210921092], [108.93834383438343, 0.8581608160816081], [108.93796879687969, 0.8581608160816081], [108.93796879687969, 0.8577107710771077], [108.93729372937294, 0.8577857785778578], [108.93766876687668, 0.8572607260726073], [108.93946894689469, 0.8568106810681068], [108.93961896189619, 0.8592109210921092], [108.94036903690369, 0.858985898589859], [108.94051905190518, 0.8579357935793579], [108.94104410441044, 0.8575607560756076], [108.94149414941494, 0.8586858685868587], [108.94216921692168, 0.859060906090609], [108.9423192319232, 0.8605610561056105], [108.94314431443144, 0.85996099609961], [108.94276927692769, 0.8587608760876088], [108.94194419441943, 0.858010801080108], [108.94216921692168, 0.8570357035703571], [108.94366936693669, 0.8567356735673567], [108.94456945694569, 0.8581608160816081], [108.9451695169517, 0.8574857485748575], [108.94569456945695, 0.858010801080108], [108.94561956195619, 0.8586858685868587], [108.94599459945994, 0.8586858685868587], [108.94569456945695, 0.8594359435943595], [108.94659465946594, 0.8587608760876088], [108.94629462946294, 0.8567356735673567], [108.9459195919592, 0.8565106510651065], [108.94606960696069, 0.8571107110711071], [108.9454695469547, 0.8571107110711071], [108.94509450945094, 0.8562856285628563], [108.9442694269427, 0.855985598559856], [108.94441944194419, 0.8556105610561056], [108.94284428442845, 0.8558355835583558], [108.94269426942694, 0.8562106210621062], [108.94209420942094, 0.8559105910591059], [108.94194419441943, 0.8553105310531053], [108.94021902190218, 0.8553855385538554], [108.93976897689768, 0.8549354935493549], [108.93901890189018, 0.8552355235523552], [108.93909390939093, 0.8559105910591059], [108.93864386438644, 0.8563606360636064], [108.93721872187218, 0.8557605760576057], [108.93781878187818, 0.8544104410441045], [108.93879387938793, 0.8546354635463547], [108.93856885688568, 0.8531353135313531], [108.93804380438044, 0.8529852985298529], [108.93864386438644, 0.8522352235223523], [108.93849384938494, 0.8511851185118512], [108.93781878187818, 0.8505850585058505], [108.93939393939394, 0.8506600660066006], [108.93909390939093, 0.8493099309930993], [108.93864386438644, 0.8493849384938494], [108.93841884188419, 0.8488598859885989], [108.93849384938494, 0.8476597659765976], [108.93916891689169, 0.8478847884788479], [108.93924392439244, 0.8473597359735974], [108.93999399939993, 0.8472097209720972], [108.94044404440444, 0.8479597959795979], [108.93969396939694, 0.8478097809780978], [108.93969396939694, 0.8487098709870987], [108.94134413441344, 0.8487098709870987], [108.94081908190819, 0.8496849684968497], [108.94021902190218, 0.8496099609960996], [108.94021902190218, 0.8507350735073507], [108.94089408940894, 0.8499099909990999], [108.94126912691269, 0.8503600360036003], [108.94224422442244, 0.84998499849985], [108.94329432943294, 0.8507350735073507], [108.94329432943294, 0.8501350135013501], [108.94419441944194, 0.8493849384938494], [108.94246924692469, 0.8494599459945995], [108.94209420942094, 0.8487848784878488], [108.94329432943294, 0.849009900990099], [108.94381938193818, 0.8487848784878488], [108.94396939693969, 0.8475847584758476], [108.9447194719472, 0.8481098109810981], [108.94494449444944, 0.8475847584758476], [108.94561956195619, 0.8475847584758476], [108.94486948694869, 0.8470597059705971], [108.94314431443144, 0.8470597059705971], [108.94284428442845, 0.8462346234623462], [108.94149414941494, 0.8476597659765976], [108.94089408940894, 0.8475847584758476], [108.94044404440444, 0.846984698469847], [108.94051905190518, 0.8465346534653465], [108.94096909690968, 0.8466096609660966], [108.94104410441044, 0.846009600960096], [108.94179417941794, 0.8461596159615962], [108.9430693069307, 0.8454845484548454], [108.94246924692469, 0.8448844884488449], [108.94201920192019, 0.845034503450345], [108.9418691869187, 0.8457845784578457], [108.94104410441044, 0.8454095409540954], [108.94171917191719, 0.8438343834383438], [108.94216921692168, 0.8437593759375938], [108.94209420942094, 0.8442094209420942], [108.94246924692469, 0.8439093909390939], [108.94336933693369, 0.844059405940594], [108.94396939693969, 0.8445844584458446], [108.94449444944495, 0.8439093909390939], [108.94524452445245, 0.8442094209420942], [108.94584458445844, 0.8416591659165916], [108.94719471947194, 0.8408340834083408], [108.9463696369637, 0.8403090309030903], [108.94659465946594, 0.8382088208820881], [108.94764476447645, 0.8364086408640864], [108.94719471947194, 0.8358085808580857], [108.94629462946294, 0.8365586558655865], [108.94554455445544, 0.836033603360336], [108.9454695469547, 0.8353585358535853], [108.94501950195018, 0.8364836483648365], [108.94569456945695, 0.8364836483648365], [108.94614461446145, 0.8371587158715872], [108.94531953195319, 0.8376837683768377], [108.94449444944495, 0.8373087308730873], [108.94479447944794, 0.835958595859586], [108.9442694269427, 0.8348334833483348], [108.94479447944794, 0.8349084908490849], [108.94479447944794, 0.834083408340834], [108.9463696369637, 0.8336333633363336], [108.94644464446445, 0.8332583258325832], [108.94614461446145, 0.831908190819082], [108.9451695169517, 0.8316081608160816], [108.94524452445245, 0.8310831083108311], [108.94449444944495, 0.8315331533153315], [108.94374437443744, 0.8308580858085808], [108.94299429942994, 0.8310831083108311], [108.94389438943894, 0.8301080108010801], [108.9435193519352, 0.8297329732973298], [108.94224422442244, 0.83003300330033], [108.94194419441943, 0.8307080708070806], [108.94246924692469, 0.8313831383138314], [108.94374437443744, 0.8317581758175817], [108.94419441944194, 0.8324332433243324], [108.94374437443744, 0.8325832583258326], [108.9423192319232, 0.8314581458145814], [108.94201920192019, 0.8326582658265826], [108.94261926192618, 0.8326582658265826], [108.9435193519352, 0.8339333933393339], [108.94396939693969, 0.837008700870087], [108.94209420942094, 0.8376837683768377], [108.94216921692168, 0.8364836483648365], [108.94299429942994, 0.8358835883588358], [108.94299429942994, 0.8354335433543354], [108.94261926192618, 0.8351335133513351], [108.94239423942393, 0.8356585658565856], [108.94126912691269, 0.835958595859586], [108.94081908190819, 0.8347584758475848], [108.94216921692168, 0.8334083408340833], [108.94119411941193, 0.8321332133213322], [108.94044404440444, 0.8323582358235824], [108.94089408940894, 0.8338583858385838], [108.93969396939694, 0.8338583858385838], [108.93939393939394, 0.8334833483348335], [108.93954395439543, 0.8324332433243324], [108.94014401440144, 0.8320582058205821], [108.93931893189318, 0.8315331533153315], [108.93939393939394, 0.8312331233123312], [108.93856885688568, 0.8310831083108311], [108.93909390939093, 0.8303330333033303], [108.93834383438343, 0.82995799579958], [108.93826882688269, 0.8287578757875788], [108.93759375937593, 0.828982898289829], [108.93804380438044, 0.8293579357935793], [108.93796879687969, 0.83003300330033], [108.93714371437143, 0.8307830783078307], [108.93721872187218, 0.8313831383138314], [108.93676867686769, 0.8316081608160816], [108.93774377437744, 0.8314581458145814], [108.93789378937893, 0.8324332433243324], [108.93736873687368, 0.833108310831083], [108.93804380438044, 0.8327332733273327], [108.93856885688568, 0.833033303330333], [108.93826882688269, 0.8348334833483348], [108.93909390939093, 0.8343834383438344], [108.93879387938793, 0.8352835283528353], [108.93819381938194, 0.8351335133513351], [108.93789378937893, 0.8355085508550855], [108.93931893189318, 0.836033603360336], [108.93961896189619, 0.8358085808580857], [108.94074407440743, 0.8364836483648365], [108.94156915691569, 0.8361836183618362], [108.94171917191719, 0.8372337233723373], [108.94089408940894, 0.8385088508850885], [108.94134413441344, 0.8395589558955896], [108.9406690669067, 0.8403090309030903], [108.93931893189318, 0.84000900090009], [108.93939393939394, 0.8394089408940895], [108.93841884188419, 0.8396339633963397], [108.93886888688868, 0.8402340234023402], [108.93849384938494, 0.840984098409841], [108.93774377437744, 0.8413591359135913], [108.93819381938194, 0.8421092109210921], [108.93774377437744, 0.8422592259225923], [108.93811881188118, 0.843009300930093], [108.93706870687069, 0.8438343834383438], [108.93699369936994, 0.8444344434443445], [108.93819381938194, 0.8436093609360936], [108.93879387938793, 0.843984398439844], [108.93766876687668, 0.8445844584458446], [108.93789378937893, 0.8451845184518452], [108.93744374437443, 0.8452595259525952], [108.93744374437443, 0.8456345634563456], [108.93774377437744, 0.8462346234623462], [108.93729372937294, 0.8466846684668466], [108.93646864686468, 0.846909690969097], [108.93624362436243, 0.8473597359735974], [108.93564356435643, 0.8468346834683468], [108.93616861686168, 0.8487848784878488], [108.93526852685268, 0.8489348934893489], [108.93481848184818, 0.84998499849985], [108.93376837683768, 0.8495349534953496], [108.93384338433843, 0.8505850585058505], [108.93474347434743, 0.8506600660066006], [108.93474347434743, 0.8511101110111011], [108.93526852685268, 0.8513351335133513], [108.93406840684068, 0.852010201020102], [108.93279327932792, 0.8505100510051005], [108.93264326432643, 0.8511101110111011], [108.93166816681668, 0.8508100810081007], [108.93084308430842, 0.851935193519352], [108.93039303930392, 0.851935193519352], [108.92994299429942, 0.8511851185118512], [108.92949294929493, 0.8520852085208521], [108.93001800180018, 0.8529852985298529], [108.92956795679568, 0.8533603360336033], [108.92836783678368, 0.8522352235223523], [108.92851785178517, 0.8514101410141014], [108.92754275427542, 0.8513351335133513], [108.92821782178217, 0.8529102910291029], [108.92806780678067, 0.8535853585358536], [108.92889288928893, 0.8538103810381038], [108.92919291929192, 0.8545604560456046], [108.92836783678368, 0.8547104710471047], [108.92776777677767, 0.8538103810381038], [108.92784278427843, 0.8548604860486049], [108.92851785178517, 0.8551605160516051], [108.92799279927992, 0.8553105310531053], [108.92799279927992, 0.8561356135613561], [108.92761776177618, 0.855985598559856], [108.92694269426943, 0.8568856885688569], [108.92881788178818, 0.8561356135613561], [108.92911791179118, 0.8570357035703571], [108.93039303930392, 0.8572607260726073], [108.93039303930392, 0.8582358235823582], [108.92986798679868, 0.858985898589859], [108.92896789678967, 0.8586858685868587], [108.92941794179417, 0.8604860486048604], [108.92851785178517, 0.8598109810981098], [108.92731773177317, 0.8604110411041104], [108.92791779177918, 0.8611611161116112], [108.92799279927992, 0.8607110711071106], [108.92934293429343, 0.8605610561056105], [108.92866786678668, 0.8612361236123612], [108.92911791179118, 0.8627362736273627], [108.92814356435643, 0.8631113111311131], [108.92761776177618, 0.8616861686168616], [108.92709270927092, 0.8625112511251125], [108.92829282928292, 0.8633363336333633], [108.92926792679268, 0.8629612961296129], [108.92956795679568, 0.8620612061206121], [108.92979297929793, 0.8626612661266126], [108.93046804680468, 0.8625112511251125], [108.93076807680768, 0.8615361536153615], [108.92986798679868, 0.860936093609361], [108.93016801680167, 0.861011101110111], [108.93069306930693, 0.86003600360036], [108.93106810681068, 0.86003600360036], [108.93114311431142, 0.8605610561056105], [108.93166816681668, 0.8604110411041104], [108.93181818181817, 0.8613111311131113], [108.93241824182418, 0.8617611761176117], [108.93099309930993, 0.8627362736273627], [108.93091809180918, 0.8635613561356136], [108.93144314431443, 0.8643864386438644], [108.93159315931592, 0.8638613861386139], [108.93114311431142, 0.8633363336333633], [108.93166816681668, 0.8628112811281128], [108.93241824182418, 0.8636363636363636], [108.93279327932792, 0.8634113411341134], [108.93196819681968, 0.8643864386438644], [108.93316831683168, 0.8652865286528653], [108.93294329432943, 0.8660366036603661], [108.93354335433543, 0.8658115811581157], [108.93279327932792, 0.8670867086708671]], [[108.93969396939694, 0.8444344434443445], [108.93984398439844, 0.8424092409240924], [108.94104410441044, 0.8416591659165916], [108.94134413441344, 0.8406090609060906], [108.94216921692168, 0.8402340234023402], [108.94419441944194, 0.8372337233723373], [108.9442694269427, 0.8397839783978398], [108.94374437443744, 0.8400840084008401], [108.94374437443744, 0.8408340834083408], [108.94291929192919, 0.8406090609060906], [108.94111911191119, 0.8417341734173417], [108.94059405940594, 0.8424092409240924], [108.94036903690369, 0.8446594659465947], [108.93969396939694, 0.8444344434443445]], [[108.93526852685268, 0.8566606660666066], [108.93414341434143, 0.8562856285628563], [108.93444344434442, 0.8554605460546054], [108.93541854185418, 0.8552355235523552], [108.93526852685268, 0.8566606660666066]], [[108.93294329432943, 0.8554605460546054], [108.93301830183017, 0.8549354935493549], [108.93264326432643, 0.8543354335433543], [108.93204320432042, 0.8541854185418541], [108.93301830183017, 0.8535103510351035], [108.93369336933694, 0.8535853585358536], [108.93346834683469, 0.8550855085508551], [108.93294329432943, 0.8554605460546054]], [[108.94599459945994, 0.8404590459045904], [108.94479447944794, 0.8401590159015901], [108.94456945694569, 0.8396339633963397], [108.94539453945394, 0.8391839183918391], [108.94629462946294, 0.8397839783978398], [108.94599459945994, 0.8404590459045904]], [[108.93399339933993, 0.8538853885388539], [108.93459345934593, 0.8532103210321031], [108.93369336933694, 0.8533603360336033], [108.93369336933694, 0.8529102910291029], [108.93489348934894, 0.8528352835283528], [108.93489348934894, 0.8541854185418541], [108.93466846684669, 0.8539603960396039], [108.93414341434143, 0.8539603960396039], [108.93399339933993, 0.8542604260426042], [108.93399339933993, 0.8538853885388539]], [[108.93406840684068, 0.8649114911491149], [108.93406840684068, 0.8638613861386139], [108.93459345934593, 0.8635613561356136], [108.93519351935193, 0.8646114611461146], [108.93474347434743, 0.8650615061506151], [108.93406840684068, 0.8649114911491149]], [[108.93751875187519, 0.8475097509750975], [108.93744374437443, 0.846909690969097], [108.93871887188719, 0.846909690969097], [108.93811881188118, 0.8477347734773477], [108.93751875187519, 0.8475097509750975]], [[108.93181818181817, 0.8564356435643564], [108.93159315931592, 0.8558355835583558], [108.93226822682269, 0.8552355235523552], [108.93264326432643, 0.8564356435643564], [108.93181818181817, 0.8564356435643564]], [[108.94059405940594, 0.8417341734173417], [108.93924392439244, 0.8415091509150915], [108.93939393939394, 0.8409090909090908], [108.94074407440743, 0.8408340834083408], [108.94059405940594, 0.8417341734173417]], [[108.93909390939093, 0.8467596759675967], [108.93939393939394, 0.8457845784578457], [108.93999399939993, 0.8456345634563456], [108.93954395439543, 0.8467596759675967], [108.93909390939093, 0.8467596759675967]], [[108.93579357935793, 0.8589108910891089], [108.93616861686168, 0.8582358235823582], [108.93691869186918, 0.8583858385838583], [108.93669366936693, 0.858985898589859], [108.93601860186018, 0.8592109210921092], [108.93579357935793, 0.8589108910891089]], [[108.93369336933694, 0.8578607860786078], [108.93369336933694, 0.8571107110711071], [108.93406840684068, 0.8567356735673567], [108.93436843684368, 0.8574857485748575], [108.93406840684068, 0.8581608160816081], [108.93369336933694, 0.8578607860786078]], [[108.93706870687069, 0.8514101410141014], [108.93729372937294, 0.8507350735073507], [108.93774377437744, 0.8508850885088508], [108.93774377437744, 0.8517101710171017], [108.93706870687069, 0.8514101410141014]], [[108.93541854185418, 0.8532853285328532], [108.93541854185418, 0.8529102910291029], [108.93669366936693, 0.853060306030603], [108.93609360936094, 0.8535103510351035], [108.93541854185418, 0.8532853285328532]], [[108.93436843684368, 0.8628862886288629], [108.93414341434143, 0.861911191119112], [108.93459345934593, 0.8616111611161116], [108.93481848184818, 0.8620612061206121], [108.93436843684368, 0.8628862886288629]], [[108.94171917191719, 0.8397089708970897], [108.94201920192019, 0.8389588958895889], [108.94261926192618, 0.8387338733873387], [108.94216921692168, 0.8395589558955896], [108.94171917191719, 0.8397089708970897]], [[108.93871887188719, 0.8464596459645964], [108.93811881188118, 0.8457845784578457], [108.93819381938194, 0.8454845484548454], [108.93894389438944, 0.846009600960096], [108.93871887188719, 0.8464596459645964]], [[108.93144314431443, 0.8586108610861086], [108.93136813681367, 0.858010801080108], [108.93166816681668, 0.8579357935793579], [108.93196819681968, 0.8587608760876088], [108.93144314431443, 0.8586108610861086]], [[108.93286828682868, 0.8596609660966097], [108.93234323432343, 0.858985898589859], [108.93264326432643, 0.8588358835883588], [108.93286828682868, 0.8596609660966097]], [[108.93691869186918, 0.8546354635463547], [108.93661866186618, 0.8538853885388539], [108.93706870687069, 0.8537353735373537], [108.93691869186918, 0.8546354635463547]], [[108.93159315931592, 0.851935193519352], [108.93196819681968, 0.8515601560156015], [108.93204320432042, 0.8523102310231023], [108.93174317431743, 0.8523102310231023], [108.93159315931592, 0.851935193519352]], [[108.92911791179118, 0.8558355835583558], [108.92851785178517, 0.8552355235523552], [108.92896789678967, 0.8551605160516051], [108.92911791179118, 0.8558355835583558]], [[108.93181818181817, 0.8534353435343535], [108.93234323432343, 0.8532853285328532], [108.93234323432343, 0.8537353735373537], [108.93196819681968, 0.8538103810381038], [108.93181818181817, 0.8534353435343535]], [[108.93571857185718, 0.8539603960396039], [108.93616861686168, 0.8538853885388539], [108.93631863186319, 0.8541854185418541], [108.93586858685869, 0.8543354335433543], [108.93571857185718, 0.8539603960396039]], [[108.93714371437143, 0.8529852985298529], [108.93706870687069, 0.8522352235223523], [108.93744374437443, 0.8529102910291029], [108.93714371437143, 0.8529852985298529]], [[108.93211821182118, 0.8528352835283528], [108.93241824182418, 0.8525352535253525], [108.93264326432643, 0.8529852985298529], [108.93234323432343, 0.8531353135313531], [108.93211821182118, 0.8528352835283528]], [[108.94276927692769, 0.8427092709270927], [108.94321932193219, 0.8425592559255926], [108.94329432943294, 0.8429342934293429], [108.94291929192919, 0.843084308430843], [108.94276927692769, 0.8427092709270927]], [[108.93001800180018, 0.8601860186018602], [108.92979297929793, 0.8595859585958596], [108.93001800180018, 0.8595859585958596], [108.93001800180018, 0.8601860186018602]], [[108.93444344434442, 0.8613111311131113], [108.93474347434743, 0.8608610861086108], [108.93474347434743, 0.8613861386138614], [108.93444344434442, 0.8613111311131113]], [[108.92889288928893, 0.8616861686168616], [108.92919291929192, 0.8613111311131113], [108.92911791179118, 0.8617611761176117], [108.92889288928893, 0.8616861686168616]], [[108.94254425442544, 0.8417341734173417], [108.94291929192919, 0.8412091209120912], [108.94291929192919, 0.8415841584158416], [108.94254425442544, 0.8417341734173417]], [[108.94411941194119, 0.8341584158415841], [108.94456945694569, 0.834008400840084], [108.94456945694569, 0.8341584158415841], [108.94411941194119, 0.8341584158415841]], [[108.93759375937593, 0.8487098709870987], [108.93781878187818, 0.8488598859885989], [108.93774377437744, 0.8491599159915991], [108.93751875187519, 0.8491599159915991], [108.93759375937593, 0.8487098709870987]], [[108.94246924692469, 0.8436843684368437], [108.94284428442845, 0.8434593459345935], [108.94291929192919, 0.8436843684368437], [108.94246924692469, 0.8436843684368437]], [[108.93894389438944, 0.8502100210021002], [108.93916891689169, 0.8499099909990999], [108.93909390939093, 0.8502100210021002], [108.93894389438944, 0.8502100210021002]], [[108.94051905190518, 0.8478097809780978], [108.94081908190819, 0.8477347734773477], [108.94081908190819, 0.8479597959795979], [108.94051905190518, 0.8478097809780978]], [[108.93976897689768, 0.844959495949595], [108.93999399939993, 0.8451845184518452], [108.93984398439844, 0.8452595259525952], [108.93976897689768, 0.844959495949595]], [[108.93714371437143, 0.848034803480348], [108.93736873687368, 0.8482598259825982], [108.93721872187218, 0.8482598259825982], [108.93714371437143, 0.848034803480348]], [[108.93894389438944, 0.8329582958295829], [108.93916891689169, 0.833108310831083], [108.93901890189018, 0.8331833183318331], [108.93894389438944, 0.8329582958295829]], [[108.93556855685569, 0.8500600060006], [108.93586858685869, 0.84998499849985], [108.93586858685869, 0.8501350135013501], [108.93556855685569, 0.8500600060006]], [[108.93459345934593, 0.8595109510951096], [108.93481848184818, 0.8595859585958596], [108.93466846684669, 0.8596609660966097], [108.93459345934593, 0.8595109510951096]], [[108.93864386438644, 0.8564356435643564], [108.93886888688868, 0.8566606660666066], [108.93864386438644, 0.8566606660666066], [108.93864386438644, 0.8564356435643564]], [[108.93894389438944, 0.8454845484548454], [108.93916891689169, 0.8457095709570956], [108.93901890189018, 0.8457095709570956], [108.93894389438944, 0.8454845484548454]], [[108.93789378937893, 0.8500600060006], [108.93804380438044, 0.8502850285028503], [108.93789378937893, 0.8502100210021002], [108.93789378937893, 0.8500600060006]], [[108.93256825682568, 0.8547104710471047], [108.93271827182718, 0.8549354935493549], [108.93256825682568, 0.855010501050105], [108.93256825682568, 0.8547104710471047]], [[108.93414341434143, 0.8552355235523552], [108.93399339933993, 0.8554605460546054], [108.93399339933993, 0.8552355235523552], [108.93414341434143, 0.8552355235523552]], [[108.93909390939093, 0.8423342334233423], [108.93916891689169, 0.8425592559255926], [108.93901890189018, 0.8424842484248425], [108.93909390939093, 0.8423342334233423]], [[108.94081908190819, 0.8448094809480948], [108.94104410441044, 0.8448844884488449], [108.94089408940894, 0.844959495949595], [108.94081908190819, 0.8448094809480948]], [[108.94239423942393, 0.8562106210621062], [108.94224422442244, 0.8563606360636064], [108.94224422442244, 0.8562106210621062], [108.94239423942393, 0.8562106210621062]], [[108.93076807680768, 0.8576357635763576], [108.93069306930693, 0.8577857785778578], [108.93061806180617, 0.8576357635763576], [108.93076807680768, 0.8576357635763576]], [[108.93264326432643, 0.8584608460846085], [108.93256825682568, 0.8586858685868587], [108.93256825682568, 0.8584608460846085], [108.93264326432643, 0.8584608460846085]], [[108.94321932193219, 0.8328082808280828], [108.9430693069307, 0.8328832883288328], [108.9430693069307, 0.8327332733273327], [108.94321932193219, 0.8328082808280828]], [[108.93354335433543, 0.8561356135613561], [108.93339333933393, 0.8562106210621062], [108.93339333933393, 0.8560606060606061], [108.93354335433543, 0.8561356135613561]], [[108.9442694269427, 0.8565106510651065], [108.94411941194119, 0.8566606660666066], [108.94411941194119, 0.8565106510651065], [108.9442694269427, 0.8565106510651065]], [[108.94209420942094, 0.8563606360636064], [108.94201920192019, 0.8562106210621062], [108.94209420942094, 0.8562106210621062], [108.94209420942094, 0.8563606360636064]], [[108.92949294929493, 0.8614611461146114], [108.92941794179417, 0.8613111311131113], [108.92949294929493, 0.8613111311131113], [108.92949294929493, 0.8614611461146114]], [[108.94089408940894, 0.8554605460546054], [108.94104410441044, 0.8553855385538554], [108.94104410441044, 0.8554605460546054], [108.94089408940894, 0.8554605460546054]], [[108.93819381938194, 0.8451845184518452], [108.93811881188118, 0.845034503450345], [108.93819381938194, 0.845034503450345], [108.93819381938194, 0.8451845184518452]], [[108.93639363936393, 0.8556855685568556], [108.93631863186319, 0.8555355535553555], [108.93639363936393, 0.8555355535553555], [108.93639363936393, 0.8556855685568556]], [[108.94434443444344, 0.8565106510651065], [108.94449444944495, 0.8564356435643564], [108.94449444944495, 0.8565106510651065], [108.94434443444344, 0.8565106510651065]], [[108.93399339933993, 0.8607110711071106], [108.93414341434143, 0.8606360636063606], [108.93414341434143, 0.8607110711071106], [108.93399339933993, 0.8607110711071106]], [[108.93174317431743, 0.8601110111011101], [108.93166816681668, 0.8601860186018602], [108.93166816681668, 0.8601110111011101], [108.93174317431743, 0.8601110111011101]], [[108.93429342934293, 0.8652865286528653], [108.93421842184217, 0.8653615361536153], [108.93421842184217, 0.8652865286528653], [108.93429342934293, 0.8652865286528653]], [[108.93504350435043, 0.8545604560456046], [108.93496849684968, 0.8546354635463547], [108.93496849684968, 0.8545604560456046], [108.93504350435043, 0.8545604560456046]], [[108.94269426942694, 0.8467596759675967], [108.94261926192618, 0.8468346834683468], [108.94261926192618, 0.8467596759675967], [108.94269426942694, 0.8467596759675967]], [[108.93991899189919, 0.848034803480348], [108.93984398439844, 0.8481098109810981], [108.93984398439844, 0.848034803480348], [108.93991899189919, 0.848034803480348]], [[108.93744374437443, 0.8520852085208521], [108.93736873687368, 0.8521602160216022], [108.93736873687368, 0.8520852085208521], [108.93744374437443, 0.8520852085208521]], [[108.93301830183017, 0.8632613261326132], [108.93294329432943, 0.8633363336333633], [108.93294329432943, 0.8632613261326132], [108.93301830183017, 0.8632613261326132]], [[108.93774377437744, 0.8583108310831082], [108.93766876687668, 0.8583858385838583], [108.93766876687668, 0.8583108310831082], [108.93774377437744, 0.8583108310831082]], [[108.94314431443144, 0.8564356435643564], [108.9430693069307, 0.8565106510651065], [108.9430693069307, 0.8564356435643564], [108.94314431443144, 0.8564356435643564]], [[108.93729372937294, 0.830933093309331], [108.93721872187218, 0.831008100810081], [108.93721872187218, 0.830933093309331], [108.93729372937294, 0.830933093309331]], [[108.93976897689768, 0.8481098109810981], [108.93984398439844, 0.8481848184818481], [108.93976897689768, 0.8481848184818481], [108.93976897689768, 0.8481098109810981]]], [[[108.94381938193818, 0.8534353435343535], [108.94464446444644, 0.8532103210321031], [108.94479447944794, 0.8526102610261026], [108.94374437443744, 0.8529852985298529], [108.94381938193818, 0.8534353435343535]]], [[[108.93406840684068, 0.8538853885388539], [108.93414341434143, 0.8539603960396039], [108.93414341434143, 0.8538853885388539], [108.93406840684068, 0.8538853885388539]]], [[[108.93954395439543, 0.8592109210921092], [108.93961896189619, 0.8592859285928592], [108.93961896189619, 0.8592109210921092], [108.93954395439543, 0.8592109210921092]]], [[[108.91929192919292, 0.8654365436543654], [108.91981698169816, 0.8646864686468647], [108.91989198919892, 0.8652865286528653], [108.92034203420341, 0.8650615061506151], [108.91989198919892, 0.8637863786378638], [108.92004200420041, 0.863036303630363], [108.91966696669667, 0.8620612061206121], [108.91891689168916, 0.861911191119112], [108.91899189918992, 0.8607110711071106], [108.91854185418542, 0.8598859885988599], [108.91884188418841, 0.8591359135913591], [108.91794179417941, 0.858085808580858], [108.91794179417941, 0.8573357335733574], [108.91749174917491, 0.8573357335733574], [108.91704170417042, 0.8591359135913591], [108.91749174917491, 0.8591359135913591], [108.91726672667266, 0.8596609660966097], [108.91794179417941, 0.8597359735973598], [108.91809180918092, 0.8613111311131113], [108.91779177917792, 0.8616111611161116], [108.91861686168616, 0.8625112511251125], [108.91801680168017, 0.8635613561356136], [108.91899189918992, 0.8645364536453646], [108.91929192919292, 0.8654365436543654]]], [[[108.94366936693669, 0.8644614461446145], [108.94389438943894, 0.8633363336333633], [108.94314431443144, 0.8634113411341134], [108.94321932193219, 0.8643114311431143], [108.94366936693669, 0.8644614461446145]]], [[[108.91681668166817, 0.8640864086408641], [108.91659165916592, 0.8637113711371137], [108.91614161416142, 0.8637863786378638], [108.91651665166516, 0.8643864386438644], [108.91681668166817, 0.8640864086408641]]], [[[108.93114311431142, 0.8660366036603661], [108.93204320432042, 0.8655115511551155], [108.93196819681968, 0.8645364536453646], [108.93091809180918, 0.8646114611461146], [108.93061806180617, 0.8642364236423642], [108.93084308430842, 0.8651365136513651], [108.93054305430543, 0.8655865586558655], [108.93099309930993, 0.8655865586558655], [108.93114311431142, 0.8660366036603661]]], [[[108.94194419441943, 0.8662616261626163], [108.94291929192919, 0.8656615661566156], [108.94284428442845, 0.8654365436543654], [108.94194419441943, 0.8654365436543654], [108.94194419441943, 0.8662616261626163]]], [[[108.92806780678067, 0.87001200120012], [108.92851785178517, 0.8694869486948695], [108.92671767176718, 0.8675367536753675], [108.92626762676268, 0.8694869486948695], [108.92716771677168, 0.8686618661866187], [108.92806780678067, 0.87001200120012]]], [[[108.94246924692469, 0.8704620462046204], [108.94224422442244, 0.8698619861986199], [108.9423192319232, 0.8696369636963697], [108.94224422442244, 0.8693369336933694], [108.94179417941794, 0.8702370237023702], [108.94216921692168, 0.8707620762076207], [108.94246924692469, 0.8704620462046204]]], [[[108.92964296429642, 0.8721872187218722], [108.93016801680167, 0.8709120912091209], [108.93084308430842, 0.8705370537053705], [108.93084308430842, 0.87001200120012], [108.93039303930392, 0.8706120612061206], [108.92941794179417, 0.8706870687068706], [108.92964296429642, 0.8721872187218722]]], [[[108.93789378937893, 0.8717371737173717], [108.93811881188118, 0.8710621062106211], [108.93759375937593, 0.8712121212121212], [108.93789378937893, 0.8717371737173717]]], [[[108.93669366936693, 0.8727122712271227], [108.93624362436243, 0.8712871287128713], [108.93541854185418, 0.8718121812181218], [108.93564356435643, 0.8722622262226223], [108.93609360936094, 0.8721122112211221], [108.93631863186319, 0.8727872787278728], [108.93669366936693, 0.8727122712271227]]], [[[108.93924392439244, 0.8748124812481248], [108.93961896189619, 0.8743624362436244], [108.93984398439844, 0.874062406240624], [108.9406690669067, 0.8742874287428742], [108.94126912691269, 0.8716621662166216], [108.94074407440743, 0.8718121812181218], [108.9406690669067, 0.8725622562256226], [108.93999399939993, 0.8729372937293729], [108.94006900690069, 0.8722622262226223], [108.93961896189619, 0.8727122712271227], [108.93999399939993, 0.8713621362136214], [108.93946894689469, 0.8715121512151215], [108.93901890189018, 0.8722622262226223], [108.93924392439244, 0.8734623462346235], [108.93841884188419, 0.873987398739874], [108.93924392439244, 0.8748124812481248]], [[108.93924392439244, 0.8742874287428742], [108.93984398439844, 0.8733873387338733], [108.94006900690069, 0.8734623462346235], [108.93969321932194, 0.8742124212421242], [108.93924392439244, 0.8742874287428742]], [[108.93886888688868, 0.874062406240624], [108.93901890189018, 0.873987398739874], [108.93901890189018, 0.874062406240624], [108.93886888688868, 0.874062406240624]]], [[[108.93811881188118, 0.874962496249625], [108.93834383438343, 0.8742874287428742], [108.93736873687368, 0.8742874287428742], [108.93766876687668, 0.8751125112511251], [108.93811881188118, 0.874962496249625]]], [[[108.93406840684068, 0.8751875187518752], [108.93406840684068, 0.8746624662466247], [108.93354335433543, 0.8751125112511251], [108.93354335433543, 0.8752625262526252], [108.93406840684068, 0.8751875187518752]]], [[[108.93579357935793, 0.8763126312631263], [108.93691869186918, 0.8753375337533753], [108.93601860186018, 0.8748874887488749], [108.93601860186018, 0.8741374137413741], [108.93511851185119, 0.874062406240624], [108.93496849684968, 0.8752625262526252], [108.93556855685569, 0.8754875487548754], [108.93541854185418, 0.875937593759376], [108.93579357935793, 0.8763126312631263]]], [[[108.93774377437744, 0.8775127512751275], [108.93789378937893, 0.8761626162616262], [108.93751875187519, 0.8755625562556255], [108.93736873687368, 0.8777377737773777], [108.93774377437744, 0.8775127512751275]]], [[[108.94036903690369, 0.880963096309631], [108.94261926192618, 0.8775877587758776], [108.94299429942994, 0.8779627962796279], [108.94216921692168, 0.8789378937893789], [108.94284428442845, 0.8795379537953796], [108.94254425442544, 0.8789378937893789], [108.94321932193219, 0.8787878787878788], [108.94389438943894, 0.8773627362736274], [108.94359435943593, 0.8770627062706271], [108.94269426942694, 0.8772877287728773], [108.94239423942393, 0.876912691269127], [108.9430693069307, 0.8757875787578757], [108.94359435943593, 0.8760876087608761], [108.94434443444344, 0.8752625262526252], [108.94381938193818, 0.8741374137413741], [108.9430693069307, 0.8736873687368737], [108.94209420942094, 0.8742874287428742], [108.94171917191719, 0.8751125112511251], [108.94074407440743, 0.8748874887488749], [108.94036903690369, 0.876012601260126], [108.93939393939394, 0.8764626462646264], [108.93924392439244, 0.8772877287728773], [108.93976897689768, 0.8772877287728773], [108.94014401440144, 0.8766126612661266], [108.94119411941193, 0.878037803780378], [108.93991899189919, 0.8811131113111311], [108.94036903690369, 0.880963096309631]], [[108.94096909690968, 0.8766876687668766], [108.94141914191418, 0.8766876687668766], [108.94119411941193, 0.8771377137713772], [108.94081908190819, 0.8771377137713772], [108.94096909690968, 0.8766876687668766]], [[108.94044404440444, 0.8766876687668766], [108.94081908190819, 0.8763126312631263], [108.94089408940894, 0.8766126612661266], [108.94044404440444, 0.8766876687668766]], [[108.94194419441943, 0.8766876687668766], [108.94179417941794, 0.8768376837683768], [108.94171917191719, 0.8766876687668766], [108.94194419441943, 0.8766876687668766]], [[108.94216921692168, 0.876912691269127], [108.94209420942094, 0.8768376837683768], [108.94216921692168, 0.8768376837683768], [108.94216921692168, 0.876912691269127]]], [[[108.93159315931592, 0.8776627662766276], [108.93136813681367, 0.8770627062706271], [108.93114311431142, 0.876987698769877], [108.93129312931293, 0.8779627962796279], [108.93159315931592, 0.8776627662766276]]], [[[108.93294329432943, 0.8789378937893789], [108.93241824182418, 0.8783378337833784], [108.93211821182118, 0.8782628262826282], [108.93249324932493, 0.8790879087908791], [108.93294329432943, 0.8789378937893789]]], [[[108.9447194719472, 0.888988898889889], [108.94374437443744, 0.8868886888688868], [108.94344434443444, 0.8867386738673867], [108.94329432943294, 0.8871137113711371], [108.94081908190819, 0.8838133813381338], [108.93991899189919, 0.8833633363336334], [108.94216921692168, 0.8857635763576357], [108.94254425442544, 0.8868136813681368], [108.94201920192019, 0.8874887488748875], [108.94276927692769, 0.886963696369637], [108.94419441944194, 0.8887638763876388], [108.9447194719472, 0.888988898889889]]], [[[108.94659465946594, 0.8921392139213922], [108.94629462946294, 0.8905640564056405], [108.9447194719472, 0.889063906390639], [108.94524452445245, 0.8901890189018902], [108.94479447944794, 0.8908640864086409], [108.94494449444944, 0.8918391839183918], [108.9454695469547, 0.8914641464146414], [108.94584458445844, 0.8922142214221422], [108.94659465946594, 0.8921392139213922]], [[108.94569456945695, 0.8913141314131413], [108.94599459945994, 0.8911641164116412], [108.9459195919592, 0.8913891389138914], [108.94569456945695, 0.8913141314131413]]], [[[108.9514701470147, 0.8034053405340533], [108.95244524452445, 0.8034803480348035], [108.95177017701769, 0.8025802580258026], [108.9514701470147, 0.8034053405340533]]], [[[108.9537203720372, 0.8114311431143114], [108.9549204920492, 0.8107560756075607], [108.95484548454846, 0.81000600060006], [108.95424542454245, 0.8099309930993099], [108.95409540954095, 0.8106810681068106], [108.95334533453345, 0.8105310531053105], [108.9537203720372, 0.8114311431143114]]], [[[108.94899489948995, 0.8256075607560756], [108.9501200120012, 0.8257575757575757], [108.9499699969997, 0.8251575157515751], [108.95064506450645, 0.8254575457545754], [108.95079507950794, 0.8252325232523252], [108.9502700270027, 0.8245574557455746], [108.94936993699369, 0.8244824482448245], [108.94929492949295, 0.8237323732373237], [108.9483198319832, 0.8234323432343233], [108.94884488448845, 0.8241074107410741], [108.9483198319832, 0.824032403240324], [108.9484698469847, 0.8247074707470747], [108.9496699669967, 0.8248574857485749], [108.9495199519952, 0.8254575457545754], [108.94899489948995, 0.8256075607560756]], [[108.9504200420042, 0.8250825082508251], [108.95049504950495, 0.8251575157515751], [108.9504200420042, 0.8251575157515751], [108.9504200420042, 0.8250825082508251]]], [[[108.94899489948995, 0.8271077107710771], [108.94929492949295, 0.8263576357635763], [108.94839483948394, 0.8262076207620762], [108.94899489948995, 0.8271077107710771]]], [[[108.95064506450645, 0.8421842184218422], [108.9502700270027, 0.8415091509150915], [108.95079507950794, 0.8406090609060906], [108.9504200420042, 0.8403840384038403], [108.94929492949295, 0.8415841584158416], [108.9499699969997, 0.8415091509150915], [108.95064506450645, 0.8421842184218422]]], [[[108.94809480948095, 0.8421842184218422], [108.94809480948095, 0.8416591659165916], [108.94741974197419, 0.8412091209120912], [108.9471197119712, 0.8421092109210921], [108.94809480948095, 0.8421842184218422]]], [[[108.9549204920492, 0.8529102910291029], [108.9553705370537, 0.8524602460246025], [108.95514551455145, 0.8520852085208521], [108.95394539453945, 0.8517851785178517], [108.95439543954394, 0.8527602760276027], [108.9549204920492, 0.8529102910291029]]], [[[108.94704470447044, 0.8542604260426042], [108.9487698769877, 0.8542604260426042], [108.94861986198619, 0.8531353135313531], [108.9495199519952, 0.8523102310231023], [108.9484698469847, 0.8524602460246025], [108.94704470447044, 0.8533603360336033], [108.94704470447044, 0.8542604260426042]]], [[[108.9510201020102, 0.8563606360636064], [108.95124512451245, 0.8549354935493549], [108.9523702370237, 0.8542604260426042], [108.95274527452744, 0.8537353735373537], [108.9525202520252, 0.8533603360336033], [108.95214521452145, 0.8533603360336033], [108.9514701470147, 0.8544104410441045], [108.9502700270027, 0.8545604560456046], [108.9507200720072, 0.8560606060606061], [108.9510201020102, 0.8563606360636064]]], [[[108.95199519951994, 0.8776627662766276], [108.9522202220222, 0.8770627062706271], [108.95214521452145, 0.8765376537653765], [108.95154515451544, 0.8767626762676267], [108.95199519951994, 0.8776627662766276]]], [[[108.9556705670567, 0.8820882088208821], [108.95664566456645, 0.8814881488148815], [108.95589558955895, 0.8811131113111311], [108.9556705670567, 0.8820882088208821]]], [[[108.96362136213621, 0.8896639663966397], [108.9637713771377, 0.8887638763876388], [108.96294629462946, 0.8888388838883888], [108.96249624962496, 0.8895139513951396], [108.96362136213621, 0.8896639663966397]]], [[[108.98154815481547, 0.8901140114011401], [108.98049804980498, 0.888988898889889], [108.98034803480347, 0.889063906390639], [108.98019801980197, 0.8901890189018902], [108.98154815481547, 0.8901140114011401]]], [[[108.96294629462946, 0.8922892289228923], [108.96294629462946, 0.8915391539153915], [108.96264626462646, 0.8916891689168917], [108.96294629462946, 0.8922892289228923]]], [[[108.95769576957696, 0.8925892589258926], [108.95739573957395, 0.891989198919892], [108.95724572457246, 0.8925142514251425], [108.95769576957696, 0.8925892589258926]]], [[[108.98252325232522, 0.8933393339333934], [108.98379837983798, 0.8935643564356436], [108.98349834983497, 0.8926642664266426], [108.98439843984399, 0.8925142514251425], [108.98394839483947, 0.8922142214221422], [108.98304830483048, 0.8925142514251425], [108.98244824482448, 0.8918391839183918], [108.98184818481847, 0.891914191419142], [108.98177317731773, 0.8923642364236424], [108.98252325232522, 0.8933393339333934]]], [[[108.9583708370837, 0.9038403840384038], [108.9600210021002, 0.903090309030903], [108.9588208820882, 0.9021152115211521], [108.9583708370837, 0.9006900690069006], [108.9595709570957, 0.9007650765076507], [108.95979597959796, 0.9000900090009001], [108.95784578457845, 0.8982898289828982], [108.95829582958295, 0.8968646864686468], [108.95754575457545, 0.8966396639663966], [108.95702070207021, 0.8973897389738974], [108.95724572457246, 0.8991149114911491], [108.95627062706271, 0.8991899189918992], [108.95694569456946, 0.9001650165016502], [108.9564206420642, 0.9014401440144014], [108.9576207620762, 0.9020402040204021], [108.9576207620762, 0.9031653165316531], [108.9583708370837, 0.9028652865286528], [108.95814581458146, 0.9034653465346535], [108.9583708370837, 0.9038403840384038]]], [[[108.96107110711071, 0.9027152715271527], [108.96114611461145, 0.9027902790279028], [108.96114611461145, 0.9027152715271527], [108.96107110711071, 0.9027152715271527]]], [[[108.97224722472247, 0.903015301530153], [108.97217221722171, 0.903090309030903], [108.97224722472247, 0.903090309030903], [108.97224722472247, 0.903015301530153]]], [[[108.96024602460245, 0.9086408640864087], [108.96099609960996, 0.9081908190819081], [108.9604710471047, 0.9072907290729073], [108.9609210921092, 0.9068406840684068], [108.9609210921092, 0.9054905490549054], [108.9613711371137, 0.9051905190519052], [108.96279627962795, 0.9057905790579058], [108.96272127212721, 0.9051155115511551], [108.9621212121212, 0.9046654665466547], [108.96219621962196, 0.904065406540654], [108.9609210921092, 0.904065406540654], [108.96099609960996, 0.9045154515451546], [108.96039603960395, 0.904065406540654], [108.96197119711971, 0.9027152715271527], [108.96114611461145, 0.9027902790279028], [108.9592709270927, 0.9042154215421542], [108.95942094209421, 0.9055655565556555], [108.95979597959796, 0.9057905790579058], [108.9595709570957, 0.9062406240624062], [108.95994599459945, 0.9062406240624062], [108.95979597959796, 0.906915691569157], [108.96009600960096, 0.9070657065706571], [108.95942094209421, 0.9084908490849085], [108.96024602460245, 0.9086408640864087]]], [[[108.97307230723072, 0.918091809180918], [108.97367236723672, 0.9176417641764176], [108.97314731473146, 0.9177167716771677], [108.97329732973297, 0.916966696669667], [108.97269726972696, 0.9171917191719172], [108.97224722472247, 0.9164416441644164], [108.97247224722472, 0.9161416141614162], [108.97322232223222, 0.9167416741674167], [108.97284728472847, 0.9162166216621662], [108.97367236723672, 0.915916591659166], [108.97344734473447, 0.914941494149415], [108.97442244224422, 0.9153165316531653], [108.97359735973598, 0.914041404140414], [108.97419741974197, 0.9135163516351635], [108.97224722472247, 0.913966396639664], [108.97172217221721, 0.914941494149415], [108.97149714971496, 0.913966396639664], [108.97284728472847, 0.9131413141314131], [108.97307230723072, 0.9121662166216622], [108.97337233723371, 0.9133663366336634], [108.97359735973598, 0.9132163216321632], [108.97344734473447, 0.9123912391239124], [108.97404740474047, 0.9120912091209121], [108.97359735973598, 0.910966096609661], [108.97449744974497, 0.9112661266126613], [108.97427242724272, 0.9116411641164116], [108.97479747974798, 0.9116411641164116], [108.97554755475547, 0.9105910591059105], [108.97427242724272, 0.910966096609661], [108.97359735973598, 0.9103660366036603], [108.97404740474047, 0.9101410141014101], [108.97442244224422, 0.9106660666066606], [108.97494749474947, 0.9096909690969097], [108.97299729972997, 0.9101410141014101], [108.97307230723072, 0.9095409540954096], [108.97412241224121, 0.909015901590159], [108.97382238223823, 0.9073657365736574], [108.97314731473146, 0.9070657065706571], [108.97284728472847, 0.9077407740774077], [108.97157215721572, 0.9073657365736574], [108.97232223222322, 0.9084158415841584], [108.97149714971496, 0.9082658265826582], [108.97134713471347, 0.9087908790879088], [108.97074707470746, 0.9079657965796579], [108.97097209720971, 0.9070657065706571], [108.97014701470147, 0.9064656465646564], [108.97014701470147, 0.906015601560156], [108.96939693969397, 0.9061656165616562], [108.96939693969397, 0.9057155715571557], [108.97067206720672, 0.9053405340534053], [108.97104710471046, 0.9044404440444045], [108.97157215721572, 0.9046654665466547], [108.97179717971797, 0.904065406540654], [108.97232223222322, 0.9042154215421542], [108.97217221722171, 0.9037653765376538], [108.97269726972696, 0.9036153615361536], [108.97254725472547, 0.9032403240324032], [108.97224722472247, 0.903090309030903], [108.97172217221721, 0.904065406540654], [108.97037203720372, 0.9038403840384038], [108.97097209720971, 0.9026402640264026], [108.97059705970597, 0.9025652565256526], [108.97089708970897, 0.9013651365136514], [108.97142214221422, 0.900915091509151], [108.97179717971797, 0.9010651065106511], [108.97104710471046, 0.901965196519652], [108.97142214221422, 0.9021902190219022], [108.97142214221422, 0.903015301530153], [108.97194719471946, 0.9026402640264026], [108.97164716471647, 0.9015151515151515], [108.97217221722171, 0.9013651365136514], [108.97209720972097, 0.8998649864986499], [108.97104710471046, 0.8984398439843985], [108.97044704470447, 0.8984398439843985], [108.97074707470746, 0.8981398139813981], [108.97044704470447, 0.8976897689768977], [108.96894689468947, 0.8982898289828982], [108.96804680468047, 0.8994149414941495], [108.96909690969096, 0.8992649264926492], [108.97007200720071, 0.8997149714971497], [108.96999699969997, 0.9006900690069006], [108.96962196219621, 0.9006150615061506], [108.96947194719472, 0.9012151215121512], [108.96879687968797, 0.9011401140114011], [108.96864686468646, 0.9006900690069006], [108.9673717371737, 0.9011401140114011], [108.96797179717971, 0.8997149714971497], [108.96677167716771, 0.8998649864986499], [108.96654665466546, 0.900990099009901], [108.96594659465946, 0.9008400840084009], [108.96512151215121, 0.9016651665166516], [108.9645214521452, 0.9014401440144014], [108.96422142214222, 0.9018901890189019], [108.96459645964596, 0.9018151815181518], [108.96459645964596, 0.9021152115211521], [108.96339633963396, 0.9021902190219022], [108.9628712871287, 0.9026402640264026], [108.96339633963396, 0.9034653465346535], [108.96302130213022, 0.9036903690369037], [108.96302130213022, 0.9045154515451546], [108.96384638463846, 0.9052655265526552], [108.96347134713471, 0.9063156315631563], [108.96467146714672, 0.905940594059406], [108.9645214521452, 0.9065406540654065], [108.9633213321332, 0.9066906690669067], [108.96324632463246, 0.9071407140714072], [108.96482148214821, 0.9081158115811581], [108.96579657965796, 0.9076657665766577], [108.96542154215422, 0.9084158415841584], [108.9661716171617, 0.9087158715871587], [108.96602160216021, 0.9091659165916591], [108.96512151215121, 0.9092409240924092], [108.96504650465046, 0.9096909690969097], [108.96354635463545, 0.9104410441044104], [108.96317131713171, 0.9112661266126613], [108.96392139213921, 0.9122412241224123], [108.9649714971497, 0.9122412241224123], [108.96624662466246, 0.9110411041104111], [108.96587158715872, 0.9096909690969097], [108.96654665466546, 0.9094659465946595], [108.96729672967297, 0.9097659765976598], [108.96714671467146, 0.9100660066006601], [108.96782178217822, 0.9101410141014101], [108.96797179717971, 0.9106660666066606], [108.96857185718571, 0.9101410141014101], [108.96864686468646, 0.9114911491149115], [108.96827182718272, 0.911941194119412], [108.96924692469247, 0.9123912391239124], [108.97052205220521, 0.9118661866186618], [108.97044704470447, 0.9121662166216622], [108.97119711971197, 0.9124662466246625], [108.96954695469546, 0.9137413741374137], [108.96917191719172, 0.9136663666366637], [108.96939693969397, 0.9143414341434143], [108.96879687968797, 0.9147914791479148], [108.96879687968797, 0.9155415541554155], [108.97007200720071, 0.9155415541554155], [108.97014701470147, 0.9165916591659166], [108.97037203720372, 0.9161416141614162], [108.97074707470746, 0.9162916291629163], [108.97052205220521, 0.916891689168917], [108.97104710471046, 0.916966696669667], [108.97097209720971, 0.9165916591659166], [108.97134713471347, 0.9164416441644164], [108.97217221722171, 0.9177167716771677], [108.97307230723072, 0.918091809180918]], [[108.96722172217221, 0.9051905190519052], [108.96707170717072, 0.9043654365436543], [108.96752175217522, 0.9043654365436543], [108.96729672967297, 0.9036903690369037], [108.96774677467747, 0.9033153315331534], [108.97014701470147, 0.904065406540654], [108.96954695469546, 0.9045904590459046], [108.96849684968497, 0.9036903690369037], [108.96819681968196, 0.9041404140414041], [108.96767176717671, 0.9038403840384038], [108.96767176717671, 0.9048154815481548], [108.96722172217221, 0.9051905190519052]], [[108.97104710471046, 0.9158415841584159], [108.96992199219922, 0.9151665166516652], [108.97097209720971, 0.9147164716471647], [108.97104710471046, 0.9158415841584159]], [[108.97194719471946, 0.9093159315931593], [108.97187218721872, 0.9087908790879088], [108.97299729972997, 0.909015901590159], [108.97254725472547, 0.9096159615961597], [108.97194719471946, 0.9093159315931593]], [[108.96722172217221, 0.9093909390939094], [108.96632163216321, 0.908040804080408], [108.96647164716471, 0.9076657665766577], [108.96759675967597, 0.9092409240924092], [108.96722172217221, 0.9093909390939094]], [[108.96819681968196, 0.9076657665766577], [108.96789678967896, 0.9073657365736574], [108.96864686468646, 0.9074407440744074], [108.96849684968497, 0.9067656765676567], [108.96879687968797, 0.9067656765676567], [108.96917191719172, 0.9074407440744074], [108.96819681968196, 0.9076657665766577]], [[108.96797179717971, 0.9048904890489049], [108.96849684968497, 0.9046654665466547], [108.96834683468346, 0.9042904290429042], [108.96879687968797, 0.9043654365436543], [108.96834683468346, 0.9052655265526552], [108.96797179717971, 0.9048904890489049]], [[108.97217221722171, 0.910966096609661], [108.97164716471647, 0.9102160216021602], [108.97247224722472, 0.9105910591059105], [108.97217221722171, 0.910966096609661]], [[108.97299729972997, 0.9085658565856586], [108.97352235223522, 0.9082658265826582], [108.97367236723672, 0.9087908790879088], [108.97322232223222, 0.9089408940894089], [108.97299729972997, 0.9085658565856586]], [[108.96954695469546, 0.9072907290729073], [108.97029702970296, 0.9072157215721572], [108.97037203720372, 0.9074407440744074], [108.96954695469546, 0.9077407740774077], [108.96954695469546, 0.9072907290729073]], [[108.96857185718571, 0.9096159615961597], [108.96909690969096, 0.9093909390939094], [108.96924692469247, 0.9098409840984099], [108.96887188718871, 0.9099159915991599], [108.96857185718571, 0.9096159615961597]], [[108.97202220222022, 0.9154665466546654], [108.97239723972397, 0.9148664866486649], [108.97254725472547, 0.9153165316531653], [108.97202220222022, 0.9154665466546654]], [[108.97239723972397, 0.9121662166216622], [108.97262226222622, 0.9115661566156615], [108.97277227722772, 0.9122412241224123], [108.97239723972397, 0.9121662166216622]], [[108.97329732973297, 0.9116411641164116], [108.97307230723072, 0.9111161116111611], [108.97352235223522, 0.9111911191119112], [108.97329732973297, 0.9116411641164116]], [[108.97074707470746, 0.9114911491149115], [108.97089708970897, 0.910966096609661], [108.97134713471347, 0.9110411041104111], [108.97104710471046, 0.9114911491149115], [108.97074707470746, 0.9114911491149115]], [[108.97112211221122, 0.9093159315931593], [108.97164716471647, 0.9094659465946595], [108.97112211221122, 0.9095409540954096], [108.97112211221122, 0.9093159315931593]], [[108.97314731473146, 0.910966096609661], [108.97329732973297, 0.9105160516051605], [108.97344734473447, 0.9108910891089109], [108.97314731473146, 0.910966096609661]], [[108.97037203720372, 0.90999099909991], [108.97074707470746, 0.9101410141014101], [108.97074707470746, 0.9102910291029103], [108.97029702970296, 0.9103660366036603], [108.97037203720372, 0.90999099909991]], [[108.96579657965796, 0.9027902790279028], [108.96594659465946, 0.9024152415241524], [108.9661716171617, 0.9027902790279028], [108.96579657965796, 0.9027902790279028]], [[108.96894689468947, 0.9055655565556555], [108.96924692469247, 0.9052655265526552], [108.96924692469247, 0.9057155715571557], [108.96894689468947, 0.9055655565556555]], [[108.96917191719172, 0.9089408940894089], [108.96932193219321, 0.9082658265826582], [108.96939693969397, 0.9089408940894089], [108.96917191719172, 0.9089408940894089]], [[108.97269726972696, 0.9105160516051605], [108.97307230723072, 0.9102910291029103], [108.97307155715572, 0.9105910591059105], [108.97269726972696, 0.9105160516051605]], [[108.97104710471046, 0.9105910591059105], [108.97134713471347, 0.9103660366036603], [108.97127212721271, 0.9106660666066606], [108.97104710471046, 0.9105910591059105]], [[108.96669666966696, 0.9033903390339034], [108.96699669966996, 0.9036153615361536], [108.96677167716771, 0.9036903690369037], [108.96669666966696, 0.9033903390339034]], [[108.96474647464746, 0.903015301530153], [108.96504650465046, 0.9033153315331534], [108.96474647464746, 0.9033153315331534], [108.96474647464746, 0.903015301530153]], [[108.97119711971197, 0.9116411641164116], [108.97149714971496, 0.9114911491149115], [108.97142214221422, 0.9117161716171617], [108.97119711971197, 0.9116411641164116]], [[108.96422142214222, 0.9068406840684068], [108.9645214521452, 0.9071407140714072], [108.96429642964296, 0.9071407140714072], [108.96422142214222, 0.9068406840684068]], [[108.96879687968797, 0.9084908490849085], [108.96909690969096, 0.9086408640864087], [108.96887188718871, 0.9087908790879088], [108.96879687968797, 0.9084908490849085]], [[108.96894689468947, 0.9065406540654065], [108.96924692469247, 0.9067656765676567], [108.96902190219022, 0.9067656765676567], [108.96894689468947, 0.9065406540654065]], [[108.96677167716771, 0.9057905790579058], [108.96707170717072, 0.905940594059406], [108.96677167716771, 0.906015601560156], [108.96677167716771, 0.9057905790579058]], [[108.97097209720971, 0.8997899789978998], [108.97127212721271, 0.90001500150015], [108.97097209720971, 0.8999399939994], [108.97097209720971, 0.8997899789978998]], [[108.96504650465046, 0.9044404440444045], [108.96519651965197, 0.9046654665466547], [108.9649714971497, 0.9046654665466547], [108.96504650465046, 0.9044404440444045]], [[108.96752175217522, 0.9083408340834084], [108.96774677467747, 0.9085658565856586], [108.96752175217522, 0.9084908490849085], [108.96752175217522, 0.9083408340834084]], [[108.9673717371737, 0.9066156615661566], [108.96752175217522, 0.9068406840684068], [108.96729672967297, 0.9068406840684068], [108.9673717371737, 0.9066156615661566]], [[108.9661716171617, 0.9041404140414041], [108.96602160216021, 0.9042904290429042], [108.96594659465946, 0.9041404140414041], [108.9661716171617, 0.9041404140414041]], [[108.96894689468947, 0.9110411041104111], [108.96879687968797, 0.9108910891089109], [108.96894689468947, 0.9108910891089109], [108.96894689468947, 0.9110411041104111]], [[108.97449744974497, 0.9102160216021602], [108.97427242724272, 0.9101410141014101], [108.97449744974497, 0.9101410141014101], [108.97449744974497, 0.9102160216021602]], [[108.96437143714371, 0.9055655565556555], [108.96444644464447, 0.9054155415541554], [108.96444644464447, 0.9055655565556555], [108.96437143714371, 0.9055655565556555]], [[108.96947194719472, 0.9017401740174017], [108.96962196219621, 0.9016651665166516], [108.96962196219621, 0.9017401740174017], [108.96947194719472, 0.9017401740174017]], [[108.97067206720672, 0.9088658865886589], [108.97082208220822, 0.9087908790879088], [108.97082208220822, 0.9088658865886589], [108.97067206720672, 0.9088658865886589]], [[108.97299729972997, 0.9174167416741674], [108.97307230723072, 0.9172667266726673], [108.97307230723072, 0.9174167416741674], [108.97299729972997, 0.9174167416741674]], [[108.96977197719771, 0.9098409840984099], [108.96992199219922, 0.9097659765976598], [108.96992199219922, 0.9098409840984099], [108.96977197719771, 0.9098409840984099]], [[108.96774677467747, 0.9063156315631563], [108.96767176717671, 0.9062406240624062], [108.96774677467747, 0.9062406240624062], [108.96774677467747, 0.9063156315631563]], [[108.96564656465647, 0.9022652265226523], [108.96557155715571, 0.9021902190219022], [108.96564656465647, 0.9021902190219022], [108.96564656465647, 0.9022652265226523]], [[108.96977197719771, 0.9066906690669067], [108.96969696969697, 0.9066156615661566], [108.96977197719771, 0.9066156615661566], [108.96977197719771, 0.9066906690669067]], [[108.97074707470746, 0.9147914791479148], [108.97067206720672, 0.9147164716471647], [108.97074707470746, 0.9147164716471647], [108.97074707470746, 0.9147914791479148]], [[108.96714671467146, 0.9007650765076507], [108.96707170717072, 0.9006900690069006], [108.96714671467146, 0.9006900690069006], [108.96714671467146, 0.9007650765076507]]], [[[108.95919591959195, 0.9104410441044104], [108.95979597959796, 0.9090909090909091], [108.95874587458745, 0.9094659465946595], [108.9583708370837, 0.9086408640864087], [108.9585208520852, 0.9078157815781578], [108.95919591959195, 0.9071407140714072], [108.95829582958295, 0.9074407440744074], [108.95754575457545, 0.906915691569157], [108.95754575457545, 0.9079657965796579], [108.9580708070807, 0.9082658265826582], [108.95792079207921, 0.9097659765976598], [108.95867086708671, 0.9105160516051605], [108.95919591959195, 0.9104410441044104]]], [[[108.96197119711971, 0.9108160816081609], [108.96279627962795, 0.9099159915991599], [108.96317131713171, 0.9102160216021602], [108.9633213321332, 0.9096909690969097], [108.96407140714071, 0.9095409540954096], [108.96407140714071, 0.909015901590159], [108.96474647464746, 0.9085658565856586], [108.9645214521452, 0.908040804080408], [108.96324632463246, 0.909015901590159], [108.96279627962795, 0.9088658865886589], [108.9628712871287, 0.9093909390939094], [108.96182118211821, 0.9099159915991599], [108.96144614461446, 0.9106660666066606], [108.96197119711971, 0.9108160816081609]]], [[[108.96767176717671, 0.9147164716471647], [108.96849684968497, 0.9137413741374137], [108.96842184218421, 0.9133663366336634], [108.96759675967597, 0.9136663666366637], [108.96767176717671, 0.9147164716471647]]], [[[108.97592259225922, 0.9156165616561656], [108.97644764476448, 0.9150915091509151], [108.97607260726072, 0.9147164716471647], [108.97592259225922, 0.9156165616561656]]], [[[108.96827182718272, 0.915991599159916], [108.96834683468346, 0.9160666066606661], [108.96834683468346, 0.915991599159916], [108.96827182718272, 0.915991599159916]]], [[[108.96767251725171, 0.9173417341734174], [108.96774677467747, 0.9161416141614162], [108.96827182718272, 0.915991599159916], [108.96834683468346, 0.915016501650165], [108.9673717371737, 0.9152415241524152], [108.96722172217221, 0.9145664566456646], [108.96654665466546, 0.9146414641464147], [108.96692169216921, 0.9153165316531653], [108.96677167716771, 0.9165916591659166], [108.96729672967297, 0.9162916291629163], [108.96714671467146, 0.9170417041704171], [108.96767176717671, 0.9171917191719172], [108.96759675967597, 0.9176417641764176], [108.96767251725171, 0.9173417341734174]]], [[[108.97022202220222, 0.9165916591659166], [108.97029702970296, 0.9166666666666666], [108.97029702970296, 0.9165916591659166], [108.97022202220222, 0.9165916591659166]]], [[[108.96662166216622, 0.9177917791779178], [108.96624662466246, 0.9174167416741674], [108.96647164716471, 0.9177917791779178], [108.96662166216622, 0.9177917791779178]]], [[[108.97922292229222, 0.9234173417341734], [108.97989798979897, 0.9225172517251725], [108.97899789978997, 0.9218421842184218], [108.97847284728472, 0.9225922592259226], [108.97922292229222, 0.9234173417341734]]], [[[108.97974797479748, 0.9249174917491749], [108.98064806480647, 0.9246924692469247], [108.98072307230723, 0.9240924092409241], [108.97967296729672, 0.9239423942394239], [108.97974797479748, 0.9249174917491749]]], [[[108.9649714971497, 0.9251425142514251], [108.96489648964896, 0.9246924692469247], [108.96444644464447, 0.924992499249925], [108.96444644464447, 0.9252175217521752], [108.9649714971497, 0.9251425142514251]]], [[[108.97082208220822, 0.9294929492949295], [108.97082208220822, 0.9285178517851785], [108.97022202220222, 0.9283678367836784], [108.97014701470147, 0.9295679567956796], [108.97082208220822, 0.9294929492949295]]], [[[108.96977197719771, 0.9347434743474348], [108.96969696969697, 0.9348184818481848], [108.96977197719771, 0.9348184818481848], [108.96977197719771, 0.9347434743474348]]], [[[108.96962196219621, 0.9348184818481848], [108.96969696969697, 0.9348934893489349], [108.96969696969697, 0.9348184818481848], [108.96962196219621, 0.9348184818481848]]], [[[108.97997299729973, 0.9395439543954396], [108.98004800480048, 0.9396189618961897], [108.98004800480048, 0.9395439543954396], [108.97997299729973, 0.9395439543954396]]], [[[108.97509750975097, 0.9435193519351935], [108.97509750975097, 0.9425442544254425], [108.97472247224722, 0.941944194419442], [108.97457245724571, 0.9432193219321933], [108.97509750975097, 0.9435193519351935]]], [[[108.97974797479748, 0.9455445544554455], [108.98139813981398, 0.9450945094509451], [108.98132313231322, 0.944044404440444], [108.98087308730872, 0.9437443744374437], [108.98079807980798, 0.9446444644464447], [108.97982298229823, 0.9450945094509451], [108.97974797479748, 0.9455445544554455]]], [[[108.98184818481847, 0.958070807080708], [108.98267326732673, 0.9572457245724573], [108.98229822982297, 0.9557455745574558], [108.98154815481547, 0.9555955595559555], [108.98027302730273, 0.9564206420642064], [108.97997299729973, 0.958070807080708], [108.98109810981097, 0.9573957395739574], [108.98147314731473, 0.9576957695769577], [108.98124812481248, 0.9581458145814581], [108.98184818481847, 0.958070807080708]], [[108.98162316231623, 0.9562706270627063], [108.98207320732072, 0.955970597059706], [108.98192319231923, 0.9564206420642064], [108.98162316231623, 0.9562706270627063]]], [[[108.98282328232823, 0.9670717071707171], [108.98379837983798, 0.9670717071707171], [108.98439843984399, 0.9663966396639664], [108.98372337233722, 0.9661716171617162], [108.98349834983497, 0.9656465646564656], [108.98259825982598, 0.966021602160216], [108.98312331233123, 0.9666216621662166], [108.98282328232823, 0.9670717071707171]]], [[[108.98214821482148, 0.9711221122112211], [108.98222322232223, 0.9706720672067207], [108.98154815481547, 0.9705220522052205], [108.98147314731473, 0.9711971197119712], [108.98214821482148, 0.9711221122112211]]], [[[108.98139813981398, 0.9756225622562256], [108.98154815481547, 0.9742724272427242], [108.98207320732072, 0.9745724572457246], [108.98244824482448, 0.974047404740474], [108.98357335733573, 0.9741974197419742], [108.98379837983798, 0.9747224722472247], [108.98424842484248, 0.9747224722472247], [108.98394839483947, 0.9744974497449745], [108.98424842484248, 0.974047404740474], [108.98297329732974, 0.9735973597359736], [108.98259825982598, 0.9720222022202221], [108.98214821482148, 0.9716471647164716], [108.98184818481847, 0.9723222322232223], [108.98147314731473, 0.971947194719472], [108.98117311731173, 0.9726972697269727], [108.98042304230422, 0.9724722472247225], [108.98109810981097, 0.9729222922292229], [108.98049804980498, 0.9732973297329733], [108.98087308730872, 0.973972397239724], [108.97997299729973, 0.9741974197419742], [108.98102310231023, 0.9745724572457246], [108.98109810981097, 0.9754725472547254], [108.98139813981398, 0.9756225622562256]], [[108.98229822982297, 0.9738223822382238], [108.98259825982598, 0.9733723372337234], [108.98274827482747, 0.9736723672367237], [108.98229822982297, 0.9738223822382238]], [[108.98139813981398, 0.9735973597359736], [108.98192319231923, 0.9737473747374737], [108.98132313231322, 0.9738223822382238], [108.98139813981398, 0.9735973597359736]], [[108.98177317731773, 0.9724722472247225], [108.98192319231923, 0.9723972397239724], [108.98192319231923, 0.9724722472247225], [108.98177317731773, 0.9724722472247225]]], [[[108.98222322232223, 0.986948694869487], [108.98297329732974, 0.9867236723672367], [108.98304830483048, 0.9862736273627363], [108.98214821482148, 0.9864236423642364], [108.98169816981698, 0.9871737173717372], [108.98214821482148, 0.9873237323732373], [108.98222322232223, 0.986948694869487]]], [[[108.98117311731173, 0.9904740474047404], [108.98154815481547, 0.9897989798979898], [108.98102310231023, 0.9898739873987399], [108.98117311731173, 0.9904740474047404]]], [[[108.97937293729373, 0.9945994599459946], [108.97997299729973, 0.9936993699369937], [108.97937293729373, 0.9932493249324933], [108.97937293729373, 0.9945994599459946]]], [[[108.97982298229823, 0.9957245724572458], [108.97937293729373, 0.9946744674467447], [108.97892289228922, 0.9945994599459946], [108.97929792979298, 0.9958745874587459], [108.97982298229823, 0.9957245724572458]]], [[[108.9995499549955, 0.875037503750375], [108.9992499249925, 0.8741374137413741], [108.99887488748874, 0.8742874287428742], [108.99887488748874, 0.8748874887488749], [108.9995499549955, 0.875037503750375]]], [[[108.99317431743174, 0.8801380138013801], [108.99369936993699, 0.8793129312931293], [108.99264926492648, 0.8783378337833784], [108.99189918991898, 0.8797629762976298], [108.99257425742574, 0.8795379537953796], [108.99317431743174, 0.8801380138013801]]], [[[108.98987398739874, 0.8827632763276327], [108.9911491149115, 0.8816381638163816], [108.99107410741074, 0.8814881488148815], [108.98979897989798, 0.8817881788178817], [108.98987398739874, 0.8827632763276327]]], [[[108.99992499249925, 0.8853885388538854], [109.0, 0.8826882688268827], [108.9995499549955, 0.8823132313231323], [108.99962496249624, 0.8829132913291329], [108.99887488748874, 0.8825382538253825], [108.9989498949895, 0.8844134413441345], [108.9992499249925, 0.8848634863486349], [108.999699969997, 0.8847884788478848], [108.99992499249925, 0.8853885388538854]], [[108.99962496249624, 0.8836633663366337], [108.99909990999099, 0.8832883288328832], [108.999699969997, 0.8834383438343835], [108.99962496249624, 0.8836633663366337]]], [[[108.99294929492949, 0.8862136213621362], [108.99452445244523, 0.8856135613561356], [108.9947494749475, 0.8842634263426342], [108.99384938493849, 0.8843384338433843], [108.99332433243323, 0.8836633663366337], [108.99332433243323, 0.8852385238523852], [108.992799279928, 0.8854635463546354], [108.99324932493249, 0.8856885688568856], [108.99294929492949, 0.8862136213621362]], [[108.99347434743474, 0.8852385238523852], [108.99362436243624, 0.8854635463546354], [108.99339933993399, 0.8854635463546354], [108.99347434743474, 0.8852385238523852]]], [[[108.99122412241223, 0.8883888388838884], [108.99152415241524, 0.8872637263726373], [108.99069906990698, 0.8871887188718872], [108.99069906990698, 0.8884638463846385], [108.99122412241223, 0.8883888388838884]]], [[[108.9989498949895, 0.8923642364236424], [109.0, 0.8923642364236424], [109.0, 0.8910891089108911], [108.999699969997, 0.8911641164116412], [109.0, 0.8904140414041404], [109.0, 0.8863636363636364], [108.99909990999099, 0.886963696369637], [108.99917491749174, 0.8874137413741374], [108.99864986498649, 0.8873387338733874], [108.99909990999099, 0.8877887788778878], [108.99864986498649, 0.888988898889889], [108.9968496849685, 0.8883138313831384], [108.99647464746474, 0.8884638463846385], [108.99654965496549, 0.888988898889889], [108.99572457245723, 0.888988898889889], [108.9959495949595, 0.8895139513951396], [108.99654965496549, 0.8895889588958896], [108.9971497149715, 0.888988898889889], [108.99789978997899, 0.8895889588958896], [108.9980498049805, 0.88996399639964], [108.997599759976, 0.8904890489048904], [108.99789978997899, 0.8916891689168917], [108.9983498349835, 0.8918391839183918], [108.998799879988, 0.8910891089108911], [108.9989498949895, 0.8923642364236424]]], [[[108.99219921992199, 0.8902640264026402], [108.99414941494149, 0.8895889588958896], [108.99392439243924, 0.889063906390639], [108.9935493549355, 0.8895889588958896], [108.99227422742274, 0.8885388538853886], [108.99212421242123, 0.889063906390639], [108.99129912991299, 0.8892889288928892], [108.99219921992199, 0.8902640264026402]]], [[[108.99992499249925, 0.8966396639663966], [109.0, 0.8955895589558955], [108.99984998499849, 0.8955895589558955], [108.99992499249925, 0.8966396639663966]]], [[[108.99182418241824, 0.8991149114911491], [108.99159915991599, 0.8986648664866487], [108.99069906990698, 0.8985898589858986], [108.99107410741074, 0.8991149114911491], [108.99182418241824, 0.8991149114911491]]], [[[108.99902490249025, 0.9075157515751575], [108.99917491749174, 0.9063156315631563], [109.0, 0.906015601560156], [109.0, 0.9015901590159016], [108.99962496249624, 0.9012151215121512], [109.0, 0.9004650465046504], [109.0, 0.8974647464746475], [108.99947494749475, 0.8973897389738974], [108.99909990999099, 0.8966396639663966], [108.99752475247524, 0.8970897089708971], [108.9968496849685, 0.8962646264626463], [108.99692469246924, 0.8957395739573957], [108.99647464746474, 0.8956645664566456], [108.996399639964, 0.8961896189618962], [108.9959495949595, 0.8962646264626463], [108.99632463246324, 0.8973897389738974], [108.99549954995499, 0.8984398439843985], [108.99699969996999, 0.898064806480648], [108.99647464746474, 0.899039903990399], [108.99647464746474, 0.9007650765076507], [108.99692469246924, 0.9011401140114011], [108.99647464746474, 0.9015151515151515], [108.99677467746774, 0.9027152715271527], [108.99767476747674, 0.903015301530153], [108.99812481248124, 0.9018901890189019], [108.99902490249025, 0.9023402340234024], [108.99887488748874, 0.903015301530153], [108.99917491749174, 0.9032403240324032], [108.998499849985, 0.9041404140414041], [108.99827482748275, 0.9054905490549054], [108.9989498949895, 0.9062406240624062], [108.99902490249025, 0.9075157515751575]], [[108.99857485748575, 0.9005400540054005], [108.99872487248724, 0.8993399339933993], [108.99782478247825, 0.8985148514851485], [108.99752475247524, 0.8973147314731473], [108.9983498349835, 0.8972397239723973], [108.9989498949895, 0.8987398739873987], [108.99962496249624, 0.8984398439843985], [108.99917491749174, 0.8991899189918992], [108.99962496249624, 0.9003150315031503], [108.99887488748874, 0.9002400240024002], [108.9989498949895, 0.900915091509151], [108.99857485748575, 0.9005400540054005]], [[108.99827482748275, 0.9017401740174017], [108.99819981998199, 0.9008400840084009], [108.99827482748275, 0.9008400840084009], [108.99827482748275, 0.9017401740174017]], [[108.99917491749174, 0.8971647164716472], [108.99902490249025, 0.8973147314731473], [108.9989498949895, 0.8971647164716472], [108.99917491749174, 0.8971647164716472]]], [[[108.99977497749775, 0.915991599159916], [108.99977497749775, 0.9152415241524152], [109.0, 0.9148664866486649], [108.99992499249925, 0.9126912691269127], [108.99887488748874, 0.9146414641464147], [108.99819981998199, 0.9145664566456646], [108.99789978997899, 0.915016501650165], [108.99827482748275, 0.9157665766576657], [108.99872487248724, 0.9156915691569156], [108.99872487248724, 0.915016501650165], [108.99977497749775, 0.915991599159916]], [[108.9995499549955, 0.9144914491449145], [108.99939993999399, 0.9146414641464147], [108.99939993999399, 0.9144164416441645], [108.9995499549955, 0.9144914491449145]]], [[[108.99069906990698, 0.9242424242424242], [108.99062406240624, 0.9234173417341734], [108.99039903990399, 0.9241674167416741], [108.99069906990698, 0.9242424242424242]]], [[[108.99294929492949, 0.9250675067506751], [108.99294929492949, 0.9246174617461747], [108.99272427242724, 0.9245424542454246], [108.99242424242424, 0.9251425142514251], [108.99294929492949, 0.9250675067506751]]], [[[109.0, 0.9252925292529253], [108.99977497749775, 0.9248424842484249], [108.99992499249925, 0.9252925292529253], [109.0, 0.9252925292529253]]], [[[108.99467446744674, 0.92994299429943], [108.99534953495349, 0.9295679567956796], [108.99512451245124, 0.9273927392739274], [108.9959495949595, 0.9276927692769277], [108.99617461746175, 0.9284428442844285], [108.99662466246625, 0.9283678367836784], [108.99617461746175, 0.9268676867686769], [108.99482448244824, 0.9268676867686769], [108.99534953495349, 0.9264176417641764], [108.99534953495349, 0.9255925592559255], [108.9944494449445, 0.9263426342634263], [108.99459945994599, 0.9256675667566756], [108.99414941494149, 0.9258175817581759], [108.99369936993699, 0.9252175217521752], [108.99317431743174, 0.9255175517551755], [108.99159915991599, 0.9253675367536753], [108.9911491149115, 0.9261926192619262], [108.99054905490549, 0.9263426342634263], [108.99137413741374, 0.9247674767476748], [108.99197419741974, 0.9246174617461747], [108.99189918991898, 0.9233423342334234], [108.99122412241223, 0.9233423342334234], [108.99092409240923, 0.9237923792379238], [108.99144914491448, 0.9244674467446745], [108.99039903990399, 0.924992499249925], [108.99062406240624, 0.9254425442544254], [108.98979897989798, 0.9248424842484249], [108.99039903990399, 0.9265676567656765], [108.98994899489949, 0.9275427542754275], [108.99039903990399, 0.9273927392739274], [108.99099909990998, 0.9279177917791779], [108.99107410741074, 0.9282928292829283], [108.99062406240624, 0.9285178517851785], [108.99137413741374, 0.9285178517851785], [108.99099909990998, 0.9288928892889289], [108.99122412241223, 0.9292679267926792], [108.99212421242123, 0.9292679267926792], [108.99324932493249, 0.9282928292829283], [108.99332433243323, 0.9291179117911791], [108.992799279928, 0.928967896789679], [108.99249924992499, 0.9294179417941795], [108.99302430243024, 0.9297179717971797], [108.99332433243323, 0.9293429342934293], [108.99332433243323, 0.9298679867986799], [108.99467446744674, 0.92994299429943]], [[108.99204920492049, 0.9282178217821782], [108.99129912991299, 0.9267926792679267], [108.99144914491448, 0.9263426342634263], [108.9923492349235, 0.9267176717671767], [108.99257425742574, 0.9281428142814281], [108.99204920492049, 0.9282178217821782]], [[108.99054905490549, 0.9255925592559255], [108.99062406240624, 0.9258175817581759], [108.99047404740473, 0.9258175817581759], [108.99054905490549, 0.9255925592559255]], [[108.99189918991898, 0.925967596759676], [108.99174917491749, 0.9261176117611761], [108.99167416741673, 0.925967596759676], [108.99189918991898, 0.925967596759676]]], [[[108.99887488748874, 0.9322682268226823], [109.0, 0.9320432043204321], [109.0, 0.9315931593159316], [108.99947494749475, 0.9313681368136814], [108.99947494749475, 0.9304680468046804], [108.9989498949895, 0.9304680468046804], [108.99887488748874, 0.9322682268226823]]], [[[108.9989498949895, 0.9338433843384338], [109.0, 0.9332433243324332], [109.0, 0.9326432643264326], [108.99902490249025, 0.933018301830183], [108.9989498949895, 0.9338433843384338]]], [[[108.98507350735073, 0.9470447044704471], [108.98717371737173, 0.9465196519651965], [108.98619861986198, 0.9453195319531953], [108.98627362736273, 0.9447944794479448], [108.98679867986799, 0.9451695169516952], [108.98649864986498, 0.9428442844284428], [108.98582358235824, 0.9428442844284428], [108.98597359735973, 0.9423192319231923], [108.98499849984998, 0.9425442544254425], [108.98529852985298, 0.9428442844284428], [108.98469846984698, 0.9434443444344435], [108.98492349234922, 0.9444944494449445], [108.98469846984698, 0.9450945094509451], [108.98447344734473, 0.9448694869486949], [108.98454845484548, 0.9456945694569456], [108.98387338733873, 0.9452445244524452], [108.98387338733873, 0.9435193519351935], [108.98342334233423, 0.9437443744374437], [108.98312331233123, 0.9432943294329433], [108.98357335733573, 0.9425442544254425], [108.98267326732673, 0.9429192919291929], [108.98274827482747, 0.9421692169216922], [108.98342334233423, 0.9414191419141914], [108.98499849984998, 0.9411941194119412], [108.98424842484248, 0.9404440444044404], [108.98424842484248, 0.9396189618961897], [108.98529852985298, 0.9396189618961897], [108.98514851485147, 0.9391689168916891], [108.98597359735973, 0.9395439543954396], [108.98612361236123, 0.9407440744074408], [108.98687368736873, 0.9417191719171917], [108.98747374737474, 0.9412691269126913], [108.98732373237323, 0.9408190819081909], [108.98784878487848, 0.9408190819081909], [108.98807380738073, 0.9393939393939394], [108.98844884488449, 0.9393939393939394], [108.98837383738373, 0.9403690369036903], [108.98882388238823, 0.9413441344134413], [108.98972397239723, 0.9413441344134413], [108.99002400240023, 0.9408940894089409], [108.99107410741074, 0.9406690669066906], [108.99197419741974, 0.9385688568856886], [108.99182418241824, 0.9381938193819381], [108.99257425742574, 0.9381938193819381], [108.99294929492949, 0.9374437443744374], [108.99317431743174, 0.9357185718571857], [108.99197419741974, 0.9358685868586859], [108.99159915991599, 0.9354185418541854], [108.99189918991898, 0.9351185118511851], [108.99167416741673, 0.9346684668466847], [108.99092409240923, 0.9354185418541854], [108.99039903990399, 0.9379687968796879], [108.99002400240023, 0.9381188118811881], [108.98987398739874, 0.936993699369937], [108.99054905490549, 0.9358685868586859], [108.98957395739573, 0.9357935793579358], [108.98972397239723, 0.9354185418541854], [108.98927392739273, 0.9351185118511851], [108.98964896489649, 0.9338433843384338], [108.99054905490549, 0.9335433543354336], [108.99047404740473, 0.9328682868286828], [108.98979897989798, 0.9329432943294329], [108.98934893489348, 0.9320432043204321], [108.98859885988598, 0.9318181818181818], [108.98762376237623, 0.9321932193219322], [108.98739873987398, 0.9331683168316831], [108.98642364236423, 0.9331683168316831], [108.98649864986498, 0.9338433843384338], [108.98492349234922, 0.9338433843384338], [108.98597359735973, 0.9343684368436844], [108.98589858985898, 0.9348184818481848], [108.98462346234624, 0.9342934293429342], [108.98379837983798, 0.9348934893489349], [108.98289828982898, 0.9348184818481848], [108.98274827482747, 0.9356435643564356], [108.98349834983497, 0.935043504350435], [108.98432343234323, 0.9351935193519352], [108.98312331233123, 0.9363186318631863], [108.98229822982297, 0.9364686468646864], [108.98267326732673, 0.9358685868586859], [108.98207320732072, 0.9360936093609361], [108.98214821482148, 0.9365436543654365], [108.98184818481847, 0.9363186318631863], [108.98199819981998, 0.9357935793579358], [108.98237323732373, 0.9357935793579358], [108.98192319231923, 0.934968496849685], [108.98154815481547, 0.9364686468646864], [108.98154815481547, 0.9372187218721872], [108.98214821482148, 0.9378937893789379], [108.98154815481547, 0.9375187518751875], [108.98124812481248, 0.9384188418841884], [108.98244824482448, 0.9385688568856886], [108.98169816981698, 0.9393939393939394], [108.98229822982297, 0.9396189618961897], [108.98192319231923, 0.9402190219021902], [108.98259825982598, 0.9401440144014401], [108.98259825982598, 0.9404440444044404], [108.98177317731773, 0.9412691269126913], [108.98124812481248, 0.9411191119111911], [108.98162316231623, 0.9414941494149415], [108.98124812481248, 0.942994299429943], [108.98184818481847, 0.943069306930693], [108.98207320732072, 0.9428442844284428], [108.98207320732072, 0.9420942094209421], [108.98252325232522, 0.9422442244224423], [108.98259825982598, 0.9433693369336934], [108.98214821482148, 0.9444194419441945], [108.98334833483348, 0.9444194419441945], [108.98349834983497, 0.9453195319531953], [108.98417341734174, 0.9455445544554455], [108.98432343234323, 0.9463696369636964], [108.98507350735073, 0.9470447044704471]], [[108.98379837983798, 0.9387188718871887], [108.98334833483348, 0.9384188418841884], [108.98319831983198, 0.9372937293729373], [108.98364836483648, 0.9375187518751875], [108.98379837983798, 0.9387188718871887]], [[108.98282328232823, 0.9391689168916891], [108.98289828982898, 0.9386438643864387], [108.98364836483648, 0.9389438943894389], [108.98342334233423, 0.9393939393939394], [108.98282328232823, 0.9391689168916891]], [[108.98469846984698, 0.9452445244524452], [108.98522352235223, 0.9453945394539454], [108.98537353735374, 0.9450945094509451], [108.98559855985599, 0.9454695469546954], [108.98477347734773, 0.9457695769576958], [108.98469846984698, 0.9452445244524452]], [[108.99219921992199, 0.936993699369937], [108.99249924992499, 0.9366186618661866], [108.99272427242724, 0.936993699369937], [108.99219921992199, 0.936993699369937]], [[108.98739873987398, 0.9339183918391839], [108.98784878487848, 0.9336183618361836], [108.98799879987999, 0.933993399339934], [108.98739873987398, 0.9339183918391839]], [[108.98177317731773, 0.9417191719171917], [108.98222322232223, 0.9414191419141914], [108.98199819981998, 0.9418691869186918], [108.98177317731773, 0.9417191719171917]], [[108.98259825982598, 0.9411191119111911], [108.98244824482448, 0.9413441344134413], [108.98244824482448, 0.9411191119111911], [108.98259825982598, 0.9411191119111911]], [[108.98169816981698, 0.9381188118811881], [108.98184818481847, 0.9383438343834384], [108.98169816981698, 0.9382688268826883], [108.98169816981698, 0.9381188118811881]], [[108.98349834983497, 0.9408190819081909], [108.98364836483648, 0.9410441044104411], [108.98349834983497, 0.9411941194119412], [108.98349834983497, 0.9408190819081909]], [[108.98349834983497, 0.9361686168616862], [108.98334833483348, 0.9363936393639364], [108.98342334233423, 0.9361686168616862], [108.98349834983497, 0.9361686168616862]], [[108.99219921992199, 0.9372937293729373], [108.99204920492049, 0.9375187518751875], [108.99212421242123, 0.9372937293729373], [108.99219921992199, 0.9372937293729373]], [[108.98634863486348, 0.9462196219621962], [108.98619861986198, 0.9460696069606961], [108.98634863486348, 0.9460696069606961], [108.98634863486348, 0.9462196219621962]], [[108.98199819981998, 0.9426192619261926], [108.98184818481847, 0.9425442544254425], [108.98199819981998, 0.9425442544254425], [108.98199819981998, 0.9426192619261926]], [[108.98582358235824, 0.9457695769576958], [108.98574857485748, 0.9458445844584459], [108.98567356735673, 0.9457695769576958], [108.98582358235824, 0.9457695769576958]], [[108.98214821482148, 0.9371437143714372], [108.98199819981998, 0.936993699369937], [108.98207320732072, 0.936993699369937], [108.98214821482148, 0.9371437143714372]], [[108.98627362736273, 0.9346684668466847], [108.98619861986198, 0.9345934593459346], [108.98627362736273, 0.9345934593459346], [108.98627362736273, 0.9346684668466847]], [[108.98724872487249, 0.9405190519051905], [108.98717371737173, 0.9404440444044404], [108.98724872487249, 0.9404440444044404], [108.98724872487249, 0.9405190519051905]]], [[[108.99992499249925, 0.9452445244524452], [109.0, 0.9436693669366937], [108.9989498949895, 0.9436693669366937], [108.99947494749475, 0.9438943894389439], [108.99909990999099, 0.9447194719471947], [108.99992499249925, 0.9452445244524452]]], [[[108.98949894989498, 0.9472697269726973], [108.98934893489348, 0.946894689468947], [108.98964896489649, 0.9468196819681968], [108.98874887488749, 0.9464446444644464], [108.98927392739273, 0.9447194719471947], [108.98837383738373, 0.9447194719471947], [108.98769876987699, 0.9461446144614462], [108.98777377737774, 0.9471197119711972], [108.98949894989498, 0.9472697269726973]], [[108.98867386738674, 0.9455445544554455], [108.98882388238823, 0.9457695769576958], [108.98859885988598, 0.9456945694569456], [108.98867386738674, 0.9455445544554455]]], [[[108.99392439243924, 0.9553705370537053], [108.9935493549355, 0.9546954695469547], [108.99369936993699, 0.9543204320432043], [108.99407440744073, 0.9543954395439544], [108.99377437743775, 0.9540954095409541], [108.99429942994298, 0.9544704470447045], [108.99527452745274, 0.9543954395439544], [108.99527452745274, 0.9537953795379538], [108.99572457245723, 0.9534953495349535], [108.99542454245424, 0.953045304530453], [108.99542454245424, 0.9499699969997], [108.99662466246625, 0.9496699669966997], [108.99669966996699, 0.9486948694869487], [108.99737473747375, 0.948019801980198], [108.99617461746175, 0.9471197119711972], [108.99609960996099, 0.9477197719771977], [108.99534953495349, 0.9482448244824483], [108.99542454245424, 0.9462196219621962], [108.99459945994599, 0.9465946594659466], [108.99384938493849, 0.9456195619561956], [108.99294929492949, 0.9453945394539454], [108.99272427242724, 0.9466696669666966], [108.99129912991299, 0.9463696369636964], [108.99122412241223, 0.9468196819681968], [108.9923492349235, 0.948094809480948], [108.9923492349235, 0.9485448544854486], [108.99174917491749, 0.9488448844884488], [108.9923492349235, 0.9498949894989499], [108.99182418241824, 0.9527452745274527], [108.99287428742873, 0.9514701470147015], [108.99294929492949, 0.9523702370237024], [108.99249924992499, 0.9531203120312031], [108.99317431743174, 0.9537953795379538], [108.99302430243024, 0.9549204920492049], [108.99347434743474, 0.954995499549955], [108.99332433243323, 0.9553705370537053], [108.99369936993699, 0.9557455745574558], [108.99392439243924, 0.9553705370537053]], [[108.99542454245424, 0.9489198919891989], [108.99587458745874, 0.9486948694869487], [108.99579957995799, 0.9493699369936993], [108.99549954995499, 0.9494449444944495], [108.99542454245424, 0.9489198919891989]], [[108.99339933993399, 0.9471197119711972], [108.99347434743474, 0.9473447344734474], [108.99332433243323, 0.9472697269726973], [108.99339933993399, 0.9471197119711972]], [[108.99504950495049, 0.9476447644764476], [108.99489948994899, 0.9474947494749475], [108.99504950495049, 0.9474947494749475], [108.99504950495049, 0.9476447644764476]], [[108.99497449744975, 0.9492949294929492], [108.99504950495049, 0.9491449144914491], [108.99504950495049, 0.9492949294929492], [108.99497449744975, 0.9492949294929492]]], [[[108.98244824482448, 0.9522202220222022], [108.98477347734773, 0.9517701770177017], [108.98529852985298, 0.9504950495049505], [108.98454845484548, 0.9504950495049505], [108.98342334233423, 0.9516201620162016], [108.98297329732974, 0.950945094509451], [108.98327332733272, 0.9504200420042004], [108.98267326732673, 0.9496699669966997], [108.98237323732373, 0.9499699969997], [108.98274827482747, 0.9515451545154515], [108.98244824482448, 0.9522202220222022]]], [[[108.99122412241223, 0.9550705070507051], [108.99107410741074, 0.9541704170417041], [108.99189918991898, 0.9543204320432043], [108.99167416741673, 0.9537203720372037], [108.99197419741974, 0.9534953495349535], [108.99107410741074, 0.9525952595259526], [108.99107410741074, 0.951020102010201], [108.99144914491448, 0.9504950495049505], [108.99099909990998, 0.9502700270027002], [108.99099909990998, 0.949069906990699], [108.98964896489649, 0.9492199219921992], [108.98972397239723, 0.9522202220222022], [108.98942394239424, 0.9525952595259526], [108.98897389738974, 0.9524452445244525], [108.98897389738974, 0.9529702970297029], [108.98972397239723, 0.9528952895289529], [108.98987398739874, 0.9547704770477048], [108.99024902490248, 0.9543204320432043], [108.99062406240624, 0.9551455145514551], [108.99122412241223, 0.9550705070507051]], [[108.99047404740473, 0.9540954095409541], [108.99039903990399, 0.951920192019202], [108.99077407740774, 0.9518451845184518], [108.99047404740473, 0.9540954095409541]], [[108.99152415241524, 0.9533453345334534], [108.99137413741374, 0.9531953195319531], [108.99152415241524, 0.9531953195319531], [108.99152415241524, 0.9533453345334534]], [[108.98979897989798, 0.9524452445244525], [108.98972397239723, 0.9525202520252025], [108.98972397239723, 0.9524452445244525], [108.98979897989798, 0.9524452445244525]]], [[[108.98522352235223, 0.9606960696069606], [108.98552355235523, 0.95994599459946], [108.98634863486348, 0.9597209720972097], [108.98664866486648, 0.959045904590459], [108.98732373237323, 0.9598709870987099], [108.98784878487848, 0.9595709570957096], [108.98867386738674, 0.9598709870987099], [108.98882388238823, 0.9594209420942095], [108.98829882988298, 0.9597209720972097], [108.98837383738373, 0.9592709270927092], [108.98979897989798, 0.9588208820882088], [108.98957395739573, 0.9579207920792079], [108.98874887488749, 0.9570957095709571], [108.98897389738974, 0.9558205820582059], [108.98822382238224, 0.9564206420642064], [108.98754875487549, 0.9553705370537053], [108.98792379237923, 0.9544704470447045], [108.98837383738373, 0.9543204320432043], [108.98844884488449, 0.9553705370537053], [108.98874887488749, 0.9556705670567056], [108.98949894989498, 0.9555955595559555], [108.98852385238523, 0.9552205220522052], [108.98882388238823, 0.9536453645364537], [108.98769876987699, 0.9535703570357036], [108.98724872487249, 0.953045304530453], [108.98679867986799, 0.9537953795379538], [108.98649864986498, 0.953045304530453], [108.98687368736873, 0.951920192019202], [108.98867386738674, 0.9510951095109511], [108.98829882988298, 0.9505700570057005], [108.98814881488148, 0.950945094509451], [108.98732373237323, 0.9511701170117012], [108.98762376237623, 0.9508700870087009], [108.98739873987398, 0.9499699969997], [108.98822382238224, 0.9501950195019502], [108.98799879987999, 0.9483948394839484], [108.98769876987699, 0.9482448244824483], [108.98754875487549, 0.9488448844884488], [108.98664866486648, 0.9486198619861986], [108.98649864986498, 0.9489198919891989], [108.98679867986799, 0.9503450345034503], [108.98522352235223, 0.9497449744974498], [108.98559855985599, 0.9499699969997], [108.98552355235523, 0.9506450645064506], [108.98612361236123, 0.9504200420042004], [108.98612361236123, 0.9507200720072008], [108.98597359735973, 0.9511701170117012], [108.98537353735374, 0.9511701170117012], [108.98574857485748, 0.9518451845184518], [108.98507350735073, 0.9522952295229523], [108.98544854485448, 0.9531953195319531], [108.98514851485147, 0.9538703870387039], [108.98567356735673, 0.9544704470447045], [108.98574857485748, 0.9539453945394539], [108.98619861986198, 0.9538703870387039], [108.98634863486348, 0.9551455145514551], [108.98604860486049, 0.9554455445544554], [108.98649864986498, 0.9556705670567056], [108.98657365736574, 0.9563456345634563], [108.98529852985298, 0.9567206720672067], [108.98544854485448, 0.9572457245724573], [108.98499849984998, 0.9578457845784578], [108.98529852985298, 0.9587458745874587], [108.98604860486049, 0.9593459345934593], [108.98552355235523, 0.9593459345934593], [108.98522352235223, 0.9588208820882088], [108.98417341734174, 0.959045904590459], [108.98447344734473, 0.9583708370837084], [108.98402340234023, 0.958070807080708], [108.98387338733873, 0.9572457245724573], [108.98447344734473, 0.956945694569457], [108.98432343234323, 0.9557455745574558], [108.98507350735073, 0.9558205820582059], [108.98514851485147, 0.9554455445544554], [108.98447344734473, 0.954995499549955], [108.98439843984399, 0.9552955295529553], [108.98267326732673, 0.9555955595559555], [108.98334833483348, 0.9557455745574558], [108.98342334233423, 0.9564206420642064], [108.98409840984098, 0.9567206720672067], [108.98372337233722, 0.9568706870687068], [108.98357335733573, 0.9576957695769577], [108.98424842484248, 0.9600960096009601], [108.98469846984698, 0.9595709570957096], [108.98522352235223, 0.9606960696069606]], [[108.98739873987398, 0.9585958595859586], [108.98732373237323, 0.9574707470747075], [108.98612361236123, 0.9577707770777077], [108.98619861986198, 0.9567956795679567], [108.98672367236723, 0.9572457245724573], [108.98717371737173, 0.9570207020702071], [108.98672367236723, 0.9553705370537053], [108.98747374737474, 0.9561206120612061], [108.98754875487549, 0.956945694569457], [108.98829882988298, 0.9571707170717072], [108.98897389738974, 0.9582208220822083], [108.98777377737774, 0.958970897089709], [108.98739873987398, 0.9585958595859586]], [[108.98694869486948, 0.9510951095109511], [108.98702370237024, 0.9513201320132013], [108.98687368736873, 0.9513201320132013], [108.98694869486948, 0.9510951095109511]], [[108.98364836483648, 0.9555955595559555], [108.98379837983798, 0.9558205820582059], [108.98364836483648, 0.9557455745574558], [108.98364836483648, 0.9555955595559555]], [[108.98672367236723, 0.9540954095409541], [108.98657365736574, 0.9543204320432043], [108.98657365736574, 0.9540954095409541], [108.98672367236723, 0.9540954095409541]], [[108.98604860486049, 0.9567956795679567], [108.98597359735973, 0.9567206720672067], [108.98604860486049, 0.9567206720672067], [108.98604860486049, 0.9567956795679567]]], [[[108.99197419741974, 0.9592709270927092], [108.99272427242724, 0.9573957395739574], [108.99317431743174, 0.9576957695769577], [108.99392439243924, 0.9574707470747075], [108.99309930993098, 0.9553705370537053], [108.99242424242424, 0.9552955295529553], [108.99242424242424, 0.9564206420642064], [108.99174917491749, 0.956945694569457], [108.99122412241223, 0.9567206720672067], [108.99099909990998, 0.9571707170717072], [108.99092409240923, 0.959045904590459], [108.99197419741974, 0.9592709270927092]]], [[[108.99144914491448, 0.9615211521152115], [108.99227422742274, 0.9610711071107111], [108.99294929492949, 0.9615211521152115], [108.99302430243024, 0.9607710771077108], [108.99242424242424, 0.9604710471047104], [108.99242424242424, 0.95994599459946], [108.99174917491749, 0.9602460246024602], [108.99197419741974, 0.9606960696069606], [108.99144914491448, 0.9615211521152115]]], [[[108.98979897989798, 0.961971197119712], [108.99122412241223, 0.9615961596159616], [108.99122412241223, 0.960921092109211], [108.99047404740473, 0.9603960396039604], [108.98919891989199, 0.9604710471047104], [108.98942394239424, 0.9597209720972097], [108.98904890489048, 0.9597209720972097], [108.98897389738974, 0.9604710471047104], [108.98972397239723, 0.9612211221122112], [108.98979897989798, 0.961971197119712]]], [[[108.98814881488148, 0.961896189618962], [108.98882388238823, 0.9621212121212122], [108.98882388238823, 0.9614461446144614], [108.98777377737774, 0.9604710471047104], [108.98724872487249, 0.9612961296129613], [108.98784878487848, 0.9621962196219622], [108.98814881488148, 0.961896189618962]]], [[[108.9995499549955, 0.9622712271227123], [108.99962496249624, 0.9612211221122112], [108.99902490249025, 0.9610711071107111], [108.99909990999099, 0.9624212421242124], [108.9995499549955, 0.9622712271227123]]], [[[109.0, 0.9767476747674767], [109.0, 0.9738973897389739], [108.99984998499849, 0.9735973597359736], [108.9992499249925, 0.9737473747374737], [109.0, 0.9735223522352235], [109.0, 0.965046504650465], [108.9983498349835, 0.9648964896489649], [108.99797479747974, 0.9660966096609661], [108.99842484248424, 0.9666966696669667], [108.99887488748874, 0.9653465346534653], [108.99872487248724, 0.9681968196819682], [108.99752475247524, 0.9695469546954696], [108.99812481248124, 0.9699219921992199], [108.9980498049805, 0.9707470747074708], [108.99887488748874, 0.9712721272127213], [108.99872487248724, 0.9732223222322233], [108.99909990999099, 0.9732973297329733], [108.99887488748874, 0.9741224122412241], [108.99902490249025, 0.9756225622562256], [108.99947494749475, 0.975997599759976], [108.9992499249925, 0.9763726372637264], [109.0, 0.9767476747674767]], [[108.99977497749775, 0.9704470447044704], [108.99909990999099, 0.9697719771977198], [108.9995499549955, 0.9695469546954696], [108.99977497749775, 0.9704470447044704]], [[108.9992499249925, 0.9711971197119712], [108.99947494749475, 0.9712721272127213], [108.99932493249324, 0.9713471347134713], [108.9992499249925, 0.9711971197119712]], [[108.998799879988, 0.9693219321932193], [108.99872487248724, 0.9695469546954696], [108.99872487248724, 0.9693219321932193], [108.998799879988, 0.9693219321932193]]], [[[108.98664866486648, 0.9724722472247225], [108.98709870987098, 0.9720222022202221], [108.98679867986799, 0.9718721872187218], [108.98664866486648, 0.9724722472247225]]], [[[108.9980498049805, 0.9938493849384938], [108.99744974497449, 0.9933993399339934], [108.997599759976, 0.993024302430243], [108.998499849985, 0.9932493249324933], [108.99864986498649, 0.9936243624362436], [109.0, 0.9933243324332434], [109.0, 0.9843984398439845], [108.9995499549955, 0.9837233723372337], [108.9989498949895, 0.9836483648364837], [108.998799879988, 0.9848484848484849], [108.99782478247825, 0.9849234923492349], [108.99782478247825, 0.985973597359736], [108.998499849985, 0.9868736873687368], [108.99774977497749, 0.9870987098709871], [108.9971497149715, 0.9860486048604861], [108.9959495949595, 0.9866486648664866], [108.99542454245424, 0.9842484248424842], [108.99497449744975, 0.9843234323432343], [108.99384938493849, 0.9833475847584758], [108.99459945994599, 0.9831233123312331], [108.99527452745274, 0.9834983498349835], [108.995199519952, 0.983048304830483], [108.99392439243924, 0.9827482748274827], [108.99317431743174, 0.9833483348334834], [108.99384938493849, 0.9833490849084909], [108.99362436243624, 0.9842484248424842], [108.99332433243323, 0.9838733873387339], [108.99272427242724, 0.9842484248424842], [108.9923492349235, 0.984023402340234], [108.99302430243024, 0.9833483348334834], [108.99242424242424, 0.9832733273327333], [108.99287428742873, 0.9822982298229823], [108.99377437743775, 0.9821482148214822], [108.99534953495349, 0.9825982598259826], [108.99542454245424, 0.9808730873087309], [108.99617461746175, 0.9813231323132313], [108.997599759976, 0.9801980198019802], [108.99744974497449, 0.979072907290729], [108.99669966996699, 0.9793729372937293], [108.99617461746175, 0.9786228622862286], [108.99549954995499, 0.9784728472847285], [108.99512451245124, 0.9763726372637264], [108.99542454245424, 0.9758475847584759], [108.99527452745274, 0.9732223222322233], [108.99587458745874, 0.9725472547254725], [108.99549954995499, 0.9721722172217222], [108.99579957995799, 0.9702220222022202], [108.99534953495349, 0.9693969396939695], [108.99534953495349, 0.9674467446744675], [108.99549954995499, 0.966921692169217], [108.99609960996099, 0.9672217221722172], [108.99632463246324, 0.9668466846684668], [108.99549954995499, 0.966021602160216], [108.99527452745274, 0.965046504650465], [108.99549954995499, 0.9641464146414641], [108.9959495949595, 0.964071407140714], [108.99587458745874, 0.9631713171317131], [108.99542454245424, 0.9629462946294629], [108.99579957995799, 0.9625712571257126], [108.99579957995799, 0.9615211521152115], [108.99512451245124, 0.9614461446144614], [108.99482448244824, 0.9607710771077108], [108.99534953495349, 0.9606960696069606], [108.99497449744975, 0.9597209720972097], [108.9956495649565, 0.9593459345934593], [108.99669966996699, 0.9597209720972097], [108.9968496849685, 0.9585958595859586], [108.998799879988, 0.959045904590459], [108.999699969997, 0.9584458445844585], [109.0, 0.9543204320432043], [108.9995499549955, 0.9542454245424542], [109.0, 0.9539453945394539], [109.0, 0.9512451245124512], [108.9992499249925, 0.9506450645064506], [108.99887488748874, 0.9508700870087009], [108.99887488748874, 0.9520702070207021], [108.9989498949895, 0.9525202520252025], [108.9995499549955, 0.9526702670267027], [108.99887488748874, 0.9543204320432043], [108.99947494749475, 0.954995499549955], [108.99947494749475, 0.9557455745574558], [108.998799879988, 0.9550705070507051], [108.99887488748874, 0.9558205820582059], [108.99842484248424, 0.9560456045604561], [108.9983498349835, 0.9566456645664566], [108.99767476747674, 0.9556705670567056], [108.99677467746774, 0.955970597059706], [108.99669966996699, 0.9577707770777077], [108.996399639964, 0.9579207920792079], [108.99654965496549, 0.9573957395739574], [108.9959495949595, 0.9570957095709571], [108.9956495649565, 0.958070807080708], [108.99542454245424, 0.9548454845484549], [108.995199519952, 0.9556705670567056], [108.99452445244523, 0.9550705070507051], [108.99459945994599, 0.9563456345634563], [108.995199519952, 0.9563456345634563], [108.99527452745274, 0.9567956795679567], [108.99452445244523, 0.9570207020702071], [108.99467446744674, 0.9581458145814581], [108.99407440744073, 0.9581458145814581], [108.99324932493249, 0.959045904590459], [108.99347434743474, 0.9593459345934593], [108.99429942994298, 0.9588958895889589], [108.99452445244523, 0.9597209720972097], [108.99362436243624, 0.9602460246024602], [108.99399939994, 0.9621962196219622], [108.99369936993699, 0.9621962196219622], [108.99377437743775, 0.9615961596159616], [108.99347434743474, 0.9621212121212122], [108.99309930993098, 0.9616711671167116], [108.99174917491749, 0.9618211821182118], [108.99219921992199, 0.9624962496249625], [108.99287428742873, 0.9621212121212122], [108.99249924992499, 0.9631713171317131], [108.99302430243024, 0.963021302130213], [108.99347434743474, 0.9636213621362136], [108.992799279928, 0.963996399639964], [108.99302430243024, 0.9644464446444645], [108.99414941494149, 0.9641464146414641], [108.99452445244523, 0.9645964596459646], [108.99339933993399, 0.9654965496549655], [108.99339933993399, 0.9662466246624662], [108.99227422742274, 0.9671467146714672], [108.99189918991898, 0.9665466546654665], [108.99122412241223, 0.9666216621662166], [108.99122412241223, 0.9648964896489649], [108.99054905490549, 0.9648964896489649], [108.99092409240923, 0.9637713771377138], [108.98919891989199, 0.9642964296429642], [108.98942394239424, 0.9651215121512151], [108.98882388238823, 0.9654965496549655], [108.98792379237923, 0.9648964896489649], [108.98769876987699, 0.9637713771377138], [108.98747374737474, 0.9642964296429642], [108.98582358235824, 0.9642964296429642], [108.98484848484848, 0.9654215421542154], [108.98522352235223, 0.9666966696669667], [108.98499849984998, 0.9681218121812181], [108.98559855985599, 0.9684968496849685], [108.98529852985298, 0.969021902190219], [108.98597359735973, 0.9717221722172217], [108.98634863486348, 0.9718721872187218], [108.98672367236723, 0.9714971497149715], [108.98672367236723, 0.9706720672067207], [108.98619861986198, 0.9707470747074708], [108.98642364236423, 0.9702220222022202], [108.98597359735973, 0.9693969396939695], [108.98627362736273, 0.9681968196819682], [108.98559855985599, 0.9675967596759676], [108.98589858985898, 0.9668466846684668], [108.98672367236723, 0.9664716471647165], [108.98679867986799, 0.9653465346534653], [108.98739873987398, 0.9648964896489649], [108.98784878487848, 0.9656465646564656], [108.98762376237623, 0.9666216621662166], [108.98822382238224, 0.9672217221722172], [108.98747374737474, 0.9679717971797179], [108.98814881488148, 0.969021902190219], [108.98739873987398, 0.9693969396939695], [108.98709870987098, 0.9705220522052205], [108.98754875487549, 0.9705220522052205], [108.98762376237623, 0.96999699969997], [108.98799879987999, 0.9702220222022202], [108.98807380738073, 0.9698469846984699], [108.98889888988899, 0.9696969696969697], [108.98912391239124, 0.9705220522052205], [108.99047404740473, 0.9700720072007201], [108.99009900990099, 0.9718721872187218], [108.99077407740774, 0.9707470747074708], [108.9911491149115, 0.9707470747074708], [108.9911491149115, 0.9711971197119712], [108.99167416741673, 0.9708220822082209], [108.99092409240923, 0.9726222622262226], [108.99047404740473, 0.9724722472247225], [108.99002400240023, 0.9734473447344735], [108.99062406240624, 0.9736723672367237], [108.99107410741074, 0.9725472547254725], [108.99159915991599, 0.9724722472247225], [108.99167416741673, 0.972997299729973], [108.99219921992199, 0.972997299729973], [108.99219921992199, 0.9735973597359736], [108.99122412241223, 0.9737473747374737], [108.99167416741673, 0.9751725172517252], [108.99032403240324, 0.9742724272427242], [108.99039903990399, 0.975922592259226], [108.99159915991599, 0.9756975697569757], [108.99294929492949, 0.9747974797479748], [108.99422442244224, 0.9748724872487249], [108.99429942994298, 0.9751725172517252], [108.99369936993699, 0.9761476147614762], [108.99332433243323, 0.9760726072607261], [108.99347434743474, 0.9767476747674767], [108.992799279928, 0.9765226522652265], [108.99204920492049, 0.976897689768977], [108.99152415241524, 0.9779477947794779], [108.99107410741074, 0.9777227722772277], [108.99099909990998, 0.9784728472847285], [108.99002400240023, 0.9786228622862286], [108.98987398739874, 0.9777977797779778], [108.98904890489048, 0.9778727872787278], [108.98837383738373, 0.9785478547854786], [108.98822382238224, 0.9795229522952296], [108.98732373237323, 0.9789228922892289], [108.98694869486948, 0.9792229222922292], [108.98732373237323, 0.9802730273027302], [108.98799879987999, 0.9803480348034803], [108.98739873987398, 0.981023102310231], [108.98754875487549, 0.9812481248124812], [108.98837383738373, 0.9806480648064806], [108.98807380738073, 0.97997299729973], [108.98844884488449, 0.9801230123012301], [108.98874887488749, 0.9814731473147315], [108.98814881488148, 0.9810981098109811], [108.98822382238224, 0.9816231623162316], [108.98919891989199, 0.9814731473147315], [108.98934893489348, 0.9821482148214822], [108.99009900990099, 0.9825232523252325], [108.99054905490549, 0.9821482148214822], [108.9911491149115, 0.9822982298229823], [108.99107410741074, 0.981998199819982], [108.99257425742574, 0.9822982298229823], [108.99204920492049, 0.9828982898289829], [108.99227422742274, 0.9836483648364837], [108.99152415241524, 0.9841734173417341], [108.98994899489949, 0.9843984398439845], [108.98972397239723, 0.9834233423342335], [108.98882388238823, 0.9837233723372337], [108.98792379237923, 0.9834233423342335], [108.98807380738073, 0.9876237623762376], [108.98762376237623, 0.9915241524152415], [108.98702370237024, 0.991974197419742], [108.98754875487549, 0.9925742574257426], [108.98717371737173, 0.9933993399339934], [108.98769876987699, 0.9933243324332434], [108.98852385238523, 0.9906240624062406], [108.98837383738373, 0.9900990099009901], [108.98919891989199, 0.9896489648964897], [108.98844884488449, 0.9888988898889889], [108.98889888988899, 0.989048904890489], [108.98844884488449, 0.9876237623762376], [108.98882388238823, 0.9874737473747375], [108.98882388238823, 0.9868736873687368], [108.98829882988298, 0.9866486648664866], [108.98904890489048, 0.9861236123612361], [108.98927392739273, 0.9885238523852385], [108.99137413741374, 0.9883738373837384], [108.99159915991599, 0.9878487848784878], [108.99212421242123, 0.9877737773777377], [108.99227422742274, 0.9903240324032403], [108.99182418241824, 0.9904740474047404], [108.99167416741673, 0.9901740174017402], [108.99204920492049, 0.9893489348934893], [108.99182418241824, 0.9888238823882388], [108.99137413741374, 0.9891989198919892], [108.99152415241524, 0.9894989498949895], [108.99099909990998, 0.9894239423942395], [108.99099909990998, 0.989048904890489], [108.98979897989798, 0.9893489348934893], [108.98987398739874, 0.98994899489949], [108.99092409240923, 0.9897239723972397], [108.99099909990998, 0.9911491149114912], [108.99287428742873, 0.9910741074107411], [108.99332433243323, 0.9903990399039904], [108.99384938493849, 0.9907740774077408], [108.9935493549355, 0.9924992499249925], [108.99572457245723, 0.9927992799279928], [108.99602460246024, 0.9923492349234924], [108.99624962496249, 0.9928742874287428], [108.997299729973, 0.9924992499249925], [108.99722472247224, 0.9936243624362436], [108.997599759976, 0.993999399939994], [108.9980498049805, 0.9938493849384938]], [[108.9968496849685, 0.9912241224122412], [108.99662466246625, 0.9901740174017402], [108.99707470747074, 0.9897989798979898], [108.99744974497449, 0.987998799879988], [108.99774977497749, 0.9891989198919892], [108.99827482748275, 0.9894239423942395], [108.99819981998199, 0.98994899489949], [108.998799879988, 0.9901740174017402], [108.99887488748874, 0.9910741074107411], [108.99722472247224, 0.9905490549054905], [108.99722472247224, 0.9910741074107411], [108.9968496849685, 0.9912241224122412]], [[108.99062406240624, 0.9698469846984699], [108.99024902490248, 0.9677467746774677], [108.99077407740774, 0.9678217821782178], [108.99084908490849, 0.9684968496849685], [108.99159915991599, 0.9678217821782178], [108.99167416741673, 0.9692469246924692], [108.99062406240624, 0.9698469846984699]], [[108.99369936993699, 0.973972397239724], [108.99302430243024, 0.9738223822382238], [108.99249924992499, 0.972997299729973], [108.99377437743775, 0.9727722772277227], [108.99407440744073, 0.9723222322232223], [108.99429942994298, 0.9735223522352235], [108.99369936993699, 0.973972397239724]], [[108.99024902490248, 0.988073807380738], [108.98919891989199, 0.9867236723672367], [108.98957395739573, 0.9863486348634863], [108.99009900990099, 0.9867986798679867], [108.99024902490248, 0.988073807380738]], [[108.99437443744374, 0.9750975097509751], [108.9947494749475, 0.9747224722472247], [108.995199519952, 0.974947494749475], [108.99467446744674, 0.9755475547554755], [108.99437443744374, 0.9750975097509751]], [[108.99819981998199, 0.9577707770777077], [108.99857485748575, 0.9572457245724573], [108.99887488748874, 0.9567206720672067], [108.99887488748874, 0.9576207620762076], [108.99819981998199, 0.9577707770777077]], [[108.99204920492049, 0.9872487248724873], [108.99249924992499, 0.9864986498649865], [108.99272427242724, 0.9870987098709871], [108.99204920492049, 0.9872487248724873]], [[108.98942394239424, 0.984998499849985], [108.98874887488749, 0.9843984398439845], [108.98912391239124, 0.984023402340234], [108.98942394239424, 0.984998499849985]], [[108.99437443744374, 0.963096309630963], [108.9947494749475, 0.9632463246324633], [108.99482448244824, 0.9635463546354636], [108.99422442244224, 0.9635463546354636], [108.99437443744374, 0.963096309630963]], [[108.99144914491448, 0.96999699969997], [108.99182418241824, 0.9698469846984699], [108.99182418241824, 0.9701470147014701], [108.99144914491448, 0.96999699969997]], [[108.98829882988298, 0.9849234923492349], [108.98852385238523, 0.9844734473447345], [108.98844884488449, 0.984998499849985], [108.98829882988298, 0.9849234923492349]], [[108.98874887488749, 0.9673717371737174], [108.98904890489048, 0.9671467146714672], [108.98904890489048, 0.9673717371737174], [108.98874887488749, 0.9673717371737174]], [[108.98537353735374, 0.9666216621662166], [108.98574857485748, 0.9664716471647165], [108.98574857485748, 0.9666966696669667], [108.98537353735374, 0.9666216621662166]], [[108.99182418241824, 0.9748724872487249], [108.99219921992199, 0.975022502250225], [108.99174917491749, 0.975022502250225], [108.99182418241824, 0.9748724872487249]], [[108.98559855985599, 0.966021602160216], [108.98582358235824, 0.9662466246624662], [108.98559855985599, 0.9663216321632163], [108.98559855985599, 0.966021602160216]], [[108.9911491149115, 0.9870987098709871], [108.99129912991299, 0.9874737473747375], [108.99122412241223, 0.9874737473747375], [108.9911491149115, 0.9870987098709871]], [[108.99069906990698, 0.975022502250225], [108.99084908490849, 0.9752475247524752], [108.99062406240624, 0.9751725172517252], [108.99069906990698, 0.975022502250225]], [[108.99032403240324, 0.9645214521452146], [108.99047404740473, 0.9647464746474648], [108.99032403240324, 0.9646714671467147], [108.99032403240324, 0.9645214521452146]], [[108.99452445244523, 0.981998199819982], [108.99437443744374, 0.981923192319232], [108.99452445244523, 0.9818481848184818], [108.99452445244523, 0.981998199819982]], [[108.99429942994298, 0.9853735373537353], [108.99422442244224, 0.9851485148514851], [108.99429942994298, 0.9851485148514851], [108.99429942994298, 0.9853735373537353]], [[108.99204920492049, 0.9674467446744675], [108.99189918991898, 0.9673717371737174], [108.99204920492049, 0.9672967296729673], [108.99204920492049, 0.9674467446744675]], [[108.99369936993699, 0.981998199819982], [108.99377437743775, 0.9818481848184818], [108.99377437743775, 0.981998199819982], [108.99369936993699, 0.981998199819982]], [[108.99962496249624, 0.9549204920492049], [108.999699969997, 0.9547704770477048], [108.999699969997, 0.9549204920492049], [108.99962496249624, 0.9549204920492049]], [[108.98957395739573, 0.9837983798379838], [108.98972397239723, 0.9838733873387339], [108.98957395739573, 0.9838733873387339], [108.98957395739573, 0.9837983798379838]], [[108.98642364236423, 0.9713471347134713], [108.98649864986498, 0.9711971197119712], [108.98649864986498, 0.9713471347134713], [108.98642364236423, 0.9713471347134713]], [[108.99122412241223, 0.99002400240024], [108.99137413741374, 0.98994899489949], [108.99137413741374, 0.99002400240024], [108.99122412241223, 0.99002400240024]], [[108.99737473747375, 0.9567206720672067], [108.997299729973, 0.9566456645664566], [108.99737473747375, 0.9566456645664566], [108.99737473747375, 0.9567206720672067]], [[108.98829882988298, 0.9857485748574858], [108.98822382238224, 0.9856735673567357], [108.98829882988298, 0.9856735673567357], [108.98829882988298, 0.9857485748574858]], [[108.99219921992199, 0.9864986498649865], [108.99212421242123, 0.9864236423642364], [108.99219921992199, 0.9864236423642364], [108.99219921992199, 0.9864986498649865]]], [[[108.98477347734773, 0.973972397239724], [108.98477347734773, 0.9735973597359736], [108.98417341734174, 0.9737473747374737], [108.98417341734174, 0.973972397239724], [108.98477347734773, 0.973972397239724]]], [[[108.98664866486648, 0.9761476147614762], [108.98739873987398, 0.9757725772577258], [108.98732373237323, 0.9741974197419742], [108.98687368736873, 0.9743474347434743], [108.98664866486648, 0.9735223522352235], [108.98664866486648, 0.9761476147614762]]], [[[108.98829882988298, 0.9775727572757276], [108.98844884488449, 0.9767476747674767], [108.98709870987098, 0.9771977197719772], [108.98784878487848, 0.9777227722772277], [108.98829882988298, 0.9775727572757276]]], [[[108.98604860486049, 0.9784728472847285], [108.98567356735673, 0.9775727572757276], [108.98477347734773, 0.9773477347734774], [108.98484848484848, 0.9782478247824783], [108.98559855985599, 0.9782478247824783], [108.98567356735673, 0.9786978697869787], [108.98604860486049, 0.9784728472847285]]], [[[109.0, 0.9782478247824783], [109.0, 0.9776477647764776], [108.9989498949895, 0.9778727872787278], [108.9989498949895, 0.9782478247824783], [109.0, 0.9782478247824783]]], [[[108.98207320732072, 0.9846234623462347], [108.98184818481847, 0.984023402340234], [108.98184818481847, 0.9832733273327333], [108.98282328232823, 0.9831233123312331], [108.98327332733272, 0.9837983798379838], [108.98319831983198, 0.9829732973297329], [108.98439843984399, 0.983048304830483], [108.98424842484248, 0.9827482748274827], [108.98372337233722, 0.9828982898289829], [108.98372337233722, 0.9825232523252325], [108.98514851485147, 0.9825232523252325], [108.98544854485448, 0.9834233423342335], [108.98582358235824, 0.9828232823282328], [108.98732373237323, 0.9828982898289829], [108.98717371737173, 0.9822232223222322], [108.98612361236123, 0.9825232523252325], [108.98724872487249, 0.9810981098109811], [108.98604860486049, 0.9806480648064806], [108.98597359735973, 0.9801980198019802], [108.98567356735673, 0.9803480348034803], [108.98567356735673, 0.9788478847884788], [108.98417341734174, 0.9783978397839784], [108.98439843984399, 0.9792229222922292], [108.98184818481847, 0.97997299729973], [108.98207320732072, 0.9802730273027302], [108.98357335733573, 0.9801230123012301], [108.98364836483648, 0.9806480648064806], [108.98049804980498, 0.9807230723072308], [108.98019801980197, 0.9822982298229823], [108.98132313231322, 0.9828232823282328], [108.98094809480948, 0.983048304830483], [108.98102310231023, 0.9839483948394839], [108.98207320732072, 0.9846234623462347]], [[108.98162316231623, 0.9827482748274827], [108.98222322232223, 0.9825232523252325], [108.98327332733272, 0.9825232523252325], [108.98192319231923, 0.9829732973297329], [108.98162316231623, 0.9827482748274827]], [[108.98334833483348, 0.9814731473147315], [108.98364836483648, 0.9816231623162316], [108.98327332733272, 0.9816231623162316], [108.98334833483348, 0.9814731473147315]], [[108.98387338733873, 0.9814731473147315], [108.98417341734174, 0.9816231623162316], [108.98387338733873, 0.9816231623162316], [108.98387338733873, 0.9814731473147315]], [[108.98454845484548, 0.9814731473147315], [108.98477347734773, 0.9816231623162316], [108.98454845484548, 0.9816231623162316], [108.98454845484548, 0.9814731473147315]], [[108.98589858985898, 0.9807230723072308], [108.98604860486049, 0.980948094809481], [108.98582358235824, 0.9808730873087309], [108.98589858985898, 0.9807230723072308]], [[108.98537353735374, 0.9821482148214822], [108.98552355235523, 0.9822982298229823], [108.98529852985298, 0.9822982298229823], [108.98537353735374, 0.9821482148214822]], [[108.98567356735673, 0.9806480648064806], [108.98559855985599, 0.9804230423042304], [108.98567356735673, 0.9804230423042304], [108.98567356735673, 0.9806480648064806]], [[108.98589858985898, 0.9820732073207321], [108.98574857485748, 0.981998199819982], [108.98589858985898, 0.981923192319232], [108.98589858985898, 0.9820732073207321]], [[108.98529852985298, 0.9807980798079808], [108.98514851485147, 0.9807230723072308], [108.98529852985298, 0.9807230723072308], [108.98529852985298, 0.9807980798079808]], [[108.98559855985599, 0.9807980798079808], [108.98574857485748, 0.9807230723072308], [108.98574857485748, 0.9807980798079808], [108.98559855985599, 0.9807980798079808]], [[108.98447344734473, 0.9806480648064806], [108.98462346234624, 0.9805730573057305], [108.98462346234624, 0.9806480648064806], [108.98447344734473, 0.9806480648064806]], [[108.98477347734773, 0.9822982298229823], [108.98469846984698, 0.9822232223222322], [108.98477347734773, 0.9822232223222322], [108.98477347734773, 0.9822982298229823]]], [[[109.0, 0.9823732373237324], [109.0, 0.9818481848184818], [108.99962496249624, 0.981923192319232], [108.9995499549955, 0.9825232523252325], [109.0, 0.9823732373237324]]], [[[108.98492349234922, 0.98994899489949], [108.98537353735374, 0.9897239723972397], [108.98499849984998, 0.9891239123912391], [108.98417341734174, 0.9896489648964897], [108.98492349234922, 0.98994899489949]]], [[[108.98882388238823, 0.9933243324332434], [108.99062406240624, 0.993024302430243], [108.99047404740473, 0.9924242424242424], [108.99122412241223, 0.9924242424242424], [108.99062406240624, 0.9921992199219922], [108.99032403240324, 0.9911491149114912], [108.98889888988899, 0.9910741074107411], [108.98874887488749, 0.9923492349234924], [108.98799879987999, 0.9924242424242424], [108.98882388238823, 0.9933243324332434]], [[108.98957395739573, 0.9924992499249925], [108.98994899489949, 0.9927242724272427], [108.98949894989498, 0.9926492649264926], [108.98957395739573, 0.9924992499249925]], [[108.98889888988899, 0.9926492649264926], [108.98867386738674, 0.9927242724272427], [108.98867386738674, 0.9925742574257426], [108.98889888988899, 0.9926492649264926]], [[108.99017401740174, 0.991974197419742], [108.99009900990099, 0.991899189918992], [108.99017401740174, 0.991899189918992], [108.99017401740174, 0.991974197419742]]], [[[108.98522352235223, 0.9938493849384938], [108.98597359735973, 0.9933243324332434], [108.98507350735073, 0.9931743174317432], [108.98522352235223, 0.9938493849384938]]], [[[108.99527452745274, 0.9996999699969997], [109.0, 1.0], [108.99947494749475, 0.9993999399939995], [109.0, 0.998049804980498], [108.99992499249925, 0.9943744374437443], [108.998799879988, 0.9948994899489949], [108.99932493249324, 0.9956495649564957], [108.99857485748575, 0.9956495649564957], [108.9980498049805, 0.9963996399639964], [108.99752475247524, 0.9963996399639964], [108.99737473747375, 0.9971497149714972], [108.99662466246625, 0.996924692469247], [108.99549954995499, 0.9972247224722472], [108.99527452745274, 0.9996999699969997]], [[108.99662466246625, 0.9984248424842485], [108.99692469246924, 0.9985748574857486], [108.99692469246924, 0.9988748874887489], [108.99654965496549, 0.9987998799879988], [108.99662466246625, 0.9984248424842485]], [[108.99707470747074, 0.9976747674767477], [108.99744974497449, 0.9978997899789979], [108.99707470747074, 0.9979747974797479], [108.99707470747074, 0.9976747674767477]], [[108.998499849985, 0.9968496849684968], [108.99887488748874, 0.9970747074707471], [108.998499849985, 0.996999699969997], [108.998499849985, 0.9968496849684968]]], [[[108.98859885988598, 1.0], [108.99129912991299, 1.0], [108.99144914491448, 0.9993249324932493], [108.99317431743174, 1.0], [108.99422442244224, 0.9990999099909991], [108.99399939994, 0.9983498349834984], [108.99452445244523, 0.9974497449744975], [108.99414941494149, 0.9967746774677467], [108.99264926492648, 0.996024602460246], [108.99257425742574, 0.996924692469247], [108.99309930993098, 0.9970747074707471], [108.99309930993098, 0.9976747674767477], [108.99287428742873, 0.9985748574857486], [108.99227422742274, 0.9986498649864987], [108.99242424242424, 0.9981998199819982], [108.99152415241524, 0.998049804980498], [108.99122412241223, 0.9968496849684968], [108.99189918991898, 0.9957245724572458], [108.99047404740473, 0.9963246324632463], [108.99032403240324, 0.9966996699669967], [108.99084908490849, 0.9971497149714972], [108.99039903990399, 0.9977497749774977], [108.99069906990698, 0.9982748274827483], [108.98859885988598, 0.9987998799879988], [108.98859885988598, 1.0]], [[108.98934893489348, 0.9997749774977498], [108.98972397239723, 0.9988748874887489], [108.99047404740473, 0.9993249324932493], [108.99002400240023, 0.9999249924992499], [108.98934893489348, 0.9997749774977498]]]]}}]}