{"type": "FeatureCollection", "features": [{"type": "Feature", "properties": {"id": 1, "nama": "Kecamatan 1"}, "geometry": {"type": "Polygon", "coordinates": [[[108.79368452292162, 0.7500000023333664], [108.78575171730968, 0.750000001236999], [108.78654419100008, 0.7504571340000199], [108.78738464300007, 0.7513238240000542], [108.78809518600006, 0.7526730220000433], [108.78806741300008, 0.7531990930000498], [108.78838566100004, 0.7532783600000359], [108.79084171200012, 0.7529157070000503], [108.79219374400007, 0.752291424], [108.79325516000006, 0.7513426350001007], [108.79373070500006, 0.7511767390000523], [108.79368452292162, 0.7500000023333664]]]}}, {"type": "Feature", "properties": {"id": 2, "nama": "Kecamatan 2"}, "geometry": {"type": "Polygon", "coordinates": [[[108.76592024300001, 0.7534347000000929], [108.76557090900006, 0.753037266999983], [108.76529788200013, 0.7533685460000372], [108.76508597400009, 0.7532458590001001], [108.76534576900009, 0.7523243540000601], [108.76643366300004, 0.7504385130000779], [108.76650331015546, 0.7500000003333662], [108.7594575860958, 0.7500000026666997], [108.75919679000006, 0.7513609590001069], [108.76001844000011, 0.7526612750000483], [108.75990642000008, 0.7549545440000793], [108.75920226500007, 0.7563370080000675], [108.75777982000007, 0.758157323000046], [108.75759878700009, 0.7587030830000829], [108.75757980500003, 0.7599688180000941], [108.757967023, 0.7608893170000508], [108.75881529500003, 0.761775786000034], [108.76013233300003, 0.7629341000000389], [108.76115110900012, 0.7633776470000564], [108.76150181500009, 0.7639790600000795], [108.76228488800005, 0.7643143700000232], [108.76288215699999, 0.7642935830000797], [108.76386468700011, 0.7639249260000414], [108.76466661500002, 0.7632634650000236], [108.76551082100006, 0.7618768510000473], [108.76578915700009, 0.760590153000078], [108.76699224300008, 0.7588748430000836], [108.76691972000002, 0.7582883380000505], [108.76641029500006, 0.7576153600000568], [108.76630859200009, 0.7554505520000854], [108.76582478700001, 0.7549414550000622], [108.765793552, 0.7542291480000118], [108.76603048800007, 0.7539296270000095], [108.76592024300001, 0.7534347000000929]]]}}, {"type": "Feature", "properties": {"id": 3, "nama": "Kecamatan 3"}, "geometry": {"type": "Polygon", "coordinates": [[[108.79820904800005, 0.7573539890000136], [108.79788466900003, 0.7564104930000193], [108.79764369000007, 0.7564193560000421], [108.79750469000004, 0.7559808630000875], [108.79654957000005, 0.7563343490000252], [108.79641726600003, 0.7567583290000224], [108.79702582700011, 0.7569688610000336], [108.79745794000007, 0.7566492530000568], [108.7974272320001, 0.7573841370000212], [108.79783057200008, 0.7574885540000453], [108.79820904800005, 0.7573539890000136]]]}}, {"type": "Feature", "properties": {"id": 4, "nama": "Kecamatan 4"}, "geometry": {"type": "Polygon", "coordinates": [[[108.7661155680001, 0.7673942840000381], [108.76550199700004, 0.7676594410000392], [108.76545604400006, 0.7679151780000604], [108.76570429100009, 0.768169243000032], [108.76641360200007, 0.7681016600000357], [108.76635900600007, 0.7674832060000236], [108.7661155680001, 0.7673942840000381]]]}}, {"type": "Feature", "properties": {"id": 5, "nama": "Kecamatan 5"}, "geometry": {"type": "Polygon", "coordinates": [[[108.84049799400007, 0.8018571150000975], [108.84030736100001, 0.8020583890000532], [108.84045483900006, 0.8023893080000777], [108.84056454800007, 0.8020896989999793], [108.84049799400007, 0.8018571150000975]]]}}, {"type": "Feature", "properties": {"id": 6, "nama": "Kecamatan 6"}, "geometry": {"type": "Polygon", "coordinates": [[[109.01822472900004, 0.7563777950000672], [109.01769593900006, 0.7556200630000776], [109.01764835500003, 0.7549190530000738], [109.0169878170001, 0.7543336200000406], [109.01559082300007, 0.7542754960000275], [109.01521688100003, 0.7533821870001001], [109.01486906400002, 0.7534036680000122], [109.01443313300011, 0.7539290070000471], [109.01260527400004, 0.7532368370000642], [109.01263782400007, 0.7528823310000421], [109.01228384200009, 0.7523829880000266], [109.01278365000006, 0.7526582780000668], [109.01279188700002, 0.7523404350000584], [109.0119844310001, 0.7520711160000682], [109.0116688470001, 0.7517103290000593], [109.01228447600005, 0.7509811990000381], [109.01139421600003, 0.7502900780000532], [109.01076681400006, 0.7502021840000639], [109.01085987957194, 0.7500000029915954], [108.88438630106333, 0.7500000006666996], [108.88448869600003, 0.7552149880000458], [108.88294659700007, 0.7631554920000605], [108.88198888300006, 0.7663659490000407], [108.88008231500005, 0.7713812720000535], [108.87857782600008, 0.7742832560000901], [108.87502729000003, 0.7791005820000629], [108.86786214900005, 0.7868593620000519], [108.86670380400004, 0.7876296270001015], [108.86602348900006, 0.7884024790000987], [108.86349722300011, 0.7903948520000137], [108.86337611100004, 0.7902161760000626], [108.862384879, 0.7909213010000515], [108.86220096400007, 0.7913865980000034], [108.8612675140001, 0.7919235260000201], [108.86067870700006, 0.7920670699999954], [108.86049036700011, 0.7915289910000611], [108.85918469000008, 0.7907659349999863], [108.85838770500004, 0.7900549300000437], [108.85726764200008, 0.789596932000074], [108.85651659800003, 0.7884630450000474], [108.855682238, 0.788166296000008], [108.85483376600006, 0.7875415720000989], [108.85314510200004, 0.7871584290000166], [108.8527570510001, 0.7867862670000436], [108.85237195500011, 0.7858696630000539], [108.85168109000006, 0.7859959860000254], [108.8515064760001, 0.7871225360000667], [108.85187842300004, 0.7877394450000397], [108.85190318700005, 0.788207668000056], [108.85033360800013, 0.7914591490000555], [108.84937064500012, 0.7925025200000535], [108.84817753700008, 0.792454861000107], [108.84787487700008, 0.7926132890000703], [108.84619092700011, 0.7945733530000654], [108.8464108190001, 0.7960712230000988], [108.84634904300013, 0.7976151080000315], [108.84678502600006, 0.7982405770000911], [108.846963669, 0.7991075640000611], [108.846761809, 0.8025616110000344], [108.8469057090001, 0.8042878060000413], [108.84618299600007, 0.8054726890000241], [108.84523000400009, 0.8061587890000377], [108.84481273300011, 0.8061988440000656], [108.84407325400004, 0.8066434040000781], [108.84313156300001, 0.8075807540000968], [108.84350438600005, 0.8087316990000248], [108.84359717400008, 0.80981535800007], [108.84253496000012, 0.8116713160000666], [108.84206623200006, 0.8117516180000495], [108.84150010700003, 0.8122461370000211], [108.84160833300011, 0.8129519770000693], [108.840679606, 0.8145663500000611], [108.84069443200008, 0.8153622860000143], [108.84145585000002, 0.816645772000073], [108.84202338400007, 0.8170814500000612], [108.84254359700013, 0.8169282990000015], [108.84307691700012, 0.8172220260000573], [108.84782215500007, 0.8222379970000349], [108.848433211, 0.8232337289999991], [108.84826502100012, 0.8242175200000412], [108.84857908100008, 0.8247815620000809], [108.84917533000004, 0.8249679200000459], [108.84966711900005, 0.8245500830000241], [108.85057412300004, 0.8243664590000188], [108.85269015400006, 0.8257274050000918], [108.85745693700002, 0.8297077690000032], [108.8649301500001, 0.8355442610000141], [108.86600599200004, 0.8367358900000221], [108.86574065800002, 0.8376582680000455], [108.86586040300007, 0.8381972750000566], [108.86619012000008, 0.8380152440000943], [108.86627243400005, 0.8373037370001102], [108.86676410300005, 0.8371064610000412], [108.86757237200005, 0.8363205550000297], [108.86799469500009, 0.8363235340000097], [108.86966629700002, 0.8368854420000504], [108.8733040960001, 0.8400087620000152], [108.87380714100007, 0.8401555200000788], [108.87437805200005, 0.8398917580000154], [108.87504016700004, 0.8394265480000707], [108.87547300700005, 0.8387574610000437], [108.87574900200006, 0.8391669249999945], [108.87607974900007, 0.8389393509999943], [108.8763161470001, 0.8390159640000272], [108.87618148600005, 0.8396176230000707], [108.87655650400009, 0.8399821910000371], [108.87812218500005, 0.8401992770000577], [108.87916763300004, 0.8395162910000353], [108.88033360600005, 0.8391034170000689], [108.88203695200004, 0.8365579140000401], [108.88242141100005, 0.8355620929999796], [108.88223121900003, 0.8332300110001123], [108.88240442200006, 0.8321678350000683], [108.88422109500002, 0.8297186880001073], [108.88528135700007, 0.8290488930000217], [108.88609326000001, 0.8280882800000322], [108.88700855900008, 0.8249858010000155], [108.88720861900002, 0.8239263170000166], [108.88707737400009, 0.8236089990000517], [108.88742533200009, 0.8228587110000563], [108.8882636960001, 0.8223852410000498], [108.88943554200007, 0.8221196820000154], [108.89015581800007, 0.8213277510000383], [108.89082249000008, 0.8170801050000387], [108.89032462300008, 0.8161490660000092], [108.89011622500007, 0.8150860110000702], [108.89224456600004, 0.8146889840000826], [108.89347906400005, 0.8139679100000174], [108.89446250600007, 0.8129497400000618], [108.89478801600009, 0.8121162610000221], [108.89530347500002, 0.8087267820000621], [108.89624935500002, 0.8065813440000946], [108.8970200140001, 0.8039886180000666], [108.90274421200007, 0.7990463090000555], [108.90389035600005, 0.7985607550000262], [108.9039028650001, 0.7978493690000521], [108.90877831700008, 0.7971723490000793], [108.91074661100005, 0.801322890000038], [108.91201400300011, 0.805343886000025], [108.91303409700005, 0.8067442429999838], [108.91305447300005, 0.8076493009999952], [108.91467097000013, 0.8077730080000167], [108.91726763100003, 0.8065516330000344], [108.91891788800007, 0.8081174760000964], [108.91970093400002, 0.8091464000000537], [108.92256776900008, 0.80752627500003], [108.92876876200005, 0.8046733080000523], [108.9330771360001, 0.8030152150000847], [108.93318535400009, 0.803789672000037], [108.93684073600011, 0.805814084000116], [108.93761877900009, 0.8064066650000301], [108.93824964700006, 0.8072155510000778], [108.9402790080001, 0.8076652850000743], [108.94061365900008, 0.8080959350000017], [108.94071506400003, 0.8089136650000706], [108.94138438000009, 0.8097476260000613], [108.94130231500013, 0.8109547400000183], [108.94160740100006, 0.8116974140000055], [108.94260011100005, 0.8128618080000694], [108.9442925470001, 0.8140456630000559], [108.9450172420001, 0.8129748710000095], [108.94571568000008, 0.8129890170000253], [108.94615952200012, 0.8127300630000933], [108.94697851800002, 0.812667074000033], [108.94825292300004, 0.8111209500000038], [108.94978699600006, 0.8106557720000618], [108.9503706020001, 0.8102617890000596], [108.95091078300004, 0.8090737250000801], [108.95101831400005, 0.8076593400000265], [108.95166481800008, 0.8074446170000238], [108.95186783100009, 0.806807811000092], [108.95286249400006, 0.8059921860000197], [108.95362687000006, 0.8055927850000133], [108.95720156300007, 0.805001793000053], [108.95863177300001, 0.8041036700000825], [108.95966179100006, 0.8037926270001039], [108.9629255510001, 0.8038957100001065], [108.96284530900003, 0.8031763280000925], [108.96527640100001, 0.7997334390000654], [108.96632225000003, 0.7958948480000716], [108.96688182800006, 0.7956013130000317], [108.96760985100008, 0.794290692000037], [108.96859218900009, 0.793585095000009], [108.96884814700005, 0.7930317420000543], [108.96879175300008, 0.7926741100000401], [108.96997046100009, 0.7915095130000482], [108.97064111700007, 0.789876499000024], [108.97098963400003, 0.7897288040000605], [108.97082287400009, 0.788341607000036], [108.97100292400008, 0.7880302670000328], [108.97186006200012, 0.7873826500000058], [108.97360706000006, 0.7870952740000314], [108.97371712100002, 0.7864674860000465], [108.97420218300002, 0.7859715150000435], [108.97346634900006, 0.7845619770000356], [108.9726650370001, 0.7838448840000334], [108.97241447300007, 0.7833671240000273], [108.97212540000004, 0.7812293990000763], [108.97176898200004, 0.7800174300000728], [108.97071800200003, 0.7793740430000407], [108.96891882200002, 0.7771325330000289], [108.96737794700007, 0.7746992460000479], [108.96689564200005, 0.7735331090000175], [108.96559558700004, 0.7723076360000514], [108.96467401299999, 0.7705638110000068], [108.96746658100004, 0.7702883660000426], [108.97027563400012, 0.7697087860000495], [108.97116458500004, 0.7698039490000186], [108.97283905900011, 0.7704292080000608], [108.973915531, 0.7704090420000798], [108.97545426300005, 0.7699136190000333], [108.97723307300005, 0.7696724640000641], [108.97884281000002, 0.7697837660000362], [108.98045469400007, 0.7703424350000754], [108.98086485900008, 0.767975780000012], [108.98069850700008, 0.7672625780000653], [108.98255972800007, 0.7665484480000417], [108.98433794400003, 0.7661314850000922], [108.98512249800011, 0.7661722910000046], [108.98613449000008, 0.7665878820001071], [108.98738648900012, 0.7677521480000715], [108.99007761600002, 0.7677694720000838], [108.99147657100005, 0.7687293410000118], [108.99183776299999, 0.7685766899999935], [108.99322248700008, 0.7659030150000179], [108.99323681000003, 0.7655275040000342], [108.99391096100003, 0.7656583370000236], [108.99465329400007, 0.7648817410000719], [108.99515383100001, 0.7647096340000425], [108.99669821500008, 0.7651002780000349], [108.99740816700002, 0.7650909270000605], [108.99952529600004, 0.7640472870000403], [109.000334202, 0.7658656550000353], [109.0025273800001, 0.766938704000002], [109.00424905600009, 0.7688464320000188], [109.00531857500003, 0.7695682070000531], [109.00648149600006, 0.7699491510000422], [109.0091173360001, 0.7698005560000931], [109.00874416900005, 0.7693473410000751], [109.00888464500012, 0.7683490380000757], [109.01059840200008, 0.7678431120000484], [109.01073854900004, 0.7675528900000161], [109.01063204600011, 0.7671686000000166], [109.01083052300001, 0.7668968690000932], [109.01127225600005, 0.7668735850000319], [109.0115571410001, 0.7671841330000584], [109.01213575600009, 0.7667045180000764], [109.01158454400004, 0.7655917910000243], [109.01155487000008, 0.7648836860000552], [109.01083987300008, 0.764697109000072], [109.01068166200004, 0.7644050750000675], [109.01181520600004, 0.7642025700000987], [109.01215468700006, 0.7654074870000516], [109.01290624000008, 0.7658508060000502], [109.01388639000008, 0.7657422010000348], [109.01420298600007, 0.7659705460000987], [109.01454021100008, 0.7657534010000733], [109.01442911300005, 0.7652615910000593], [109.01501987800007, 0.7650416980000729], [109.01545413400004, 0.7633833830000869], [109.01588792600005, 0.7627560360000496], [109.01541534600003, 0.762294384000044], [109.01382913400005, 0.7627405860001035], [109.01339416400003, 0.7630989730000914], [109.01295682500009, 0.7629049760001161], [109.01305658800008, 0.762398762000065], [109.01291655200004, 0.7621943520000274], [109.01242021000009, 0.7621361090000045], [109.0118320660001, 0.7623639150000239], [109.01174983300005, 0.7617613850000859], [109.01235904400009, 0.761288365000028], [109.01258997300002, 0.7603484750000655], [109.01325666500011, 0.7601998110000219], [109.01449647300011, 0.7611825720000676], [109.015096338, 0.7610958410000856], [109.01565974100008, 0.7605437000000537], [109.015843369, 0.7599584250000335], [109.01580363800008, 0.7580559860000102], [109.01623329200002, 0.7580274850000501], [109.01663634300006, 0.7587448700000765], [109.0170082440001, 0.7588294200000556], [109.01705558400002, 0.7584075590000561], [109.01681997800007, 0.7581226860000223], [109.01682537000006, 0.7577799029999932], [109.0165058590001, 0.7576795630000399], [109.0165531000001, 0.7574739190000779], [109.01697214300013, 0.7575901280001007], [109.01727081700007, 0.7574320609999896], [109.017642584, 0.7578330210000361], [109.01822472900004, 0.7563777950000672]]]}}, {"type": "Feature", "properties": {"id": 7, "nama": "Kecamatan 7"}, "geometry": {"type": "Polygon", "coordinates": [[[108.78956605000009, 0.84003316200008], [108.79168143100006, 0.838961337000037], [108.79291671300003, 0.8376933890000204], [108.79346317900004, 0.8365861420000664], [108.79340642800005, 0.8358467829999983], [108.79251896600007, 0.8334902170000591], [108.79029432000003, 0.8306438540000949], [108.78949235400003, 0.8287073480000062], [108.78773612600011, 0.8263330460000207], [108.78667649600001, 0.8252392830000277], [108.78550909200005, 0.8226553160001027], [108.78322061200006, 0.8215522460000502], [108.78206260100008, 0.8213661510001069], [108.78176062700005, 0.8209452570000986], [108.78153548000007, 0.8211166560000693], [108.78020448000008, 0.8210964929999998], [108.77903725500005, 0.8214356529999955], [108.77868373000011, 0.8212121560000663], [108.77828182500008, 0.8212637060000683], [108.77710805300003, 0.8218002770000554], [108.77626565300005, 0.8219389730000737], [108.77535832300003, 0.8225604550000698], [108.7752518020001, 0.823984372000024], [108.77549722900007, 0.8246030020000505], [108.77557017600007, 0.8270338710000091], [108.77577278200005, 0.8275690620000598], [108.77567237000008, 0.8282565390000096], [108.7752861750001, 0.8289639970001028], [108.77527877400011, 0.8319845550000027], [108.7749007130001, 0.833477358000061], [108.77486863800002, 0.8346193990000517], [108.77551407900005, 0.8353475760000828], [108.775633795, 0.8359057280000792], [108.77621072900004, 0.836507292000026], [108.77650138400011, 0.8379947269999954], [108.77741009600007, 0.8380930550000487], [108.77863578100005, 0.8386374570000621], [108.77939550400004, 0.8394318700000669], [108.7805814500001, 0.8394843310000555], [108.78227871800003, 0.8399484539999991], [108.78563128000003, 0.8392887120000347], [108.78789435800006, 0.8398106990000587], [108.78845713100009, 0.8401964980000942], [108.78956605000009, 0.84003316200008]]]}}, {"type": "Feature", "properties": {"id": 8, "nama": "Kecamatan 8"}, "geometry": {"type": "Polygon", "coordinates": [[[108.99267750800003, 0.8722662570000361], [108.99411170600003, 0.8723529360000137], [108.99650284800008, 0.8714196010000608], [108.99761179700008, 0.8689515050000418], [108.99780910000007, 0.8667955390000914], [108.99769747300006, 0.8622848620000001], [108.99661223500007, 0.8600184870000627], [108.99619971400004, 0.8582658159999967], [108.9955756040001, 0.8567817550000401], [108.99560175200013, 0.8562520040000843], [108.9968680680001, 0.8545672210000399], [108.99710613600007, 0.8539160760000764], [108.99710485600006, 0.8523266210000147], [108.99672821800007, 0.8508025780000361], [108.99663069400009, 0.8490700820000407], [108.99706859400008, 0.8483805490000984], [109.00000001500007, 0.8461520440000969], [109.00057821400011, 0.8461108810000662], [109.00124594600004, 0.8457373690000702], [109.00262556500006, 0.8441131260000612], [109.00300916300009, 0.8440009260000148], [109.00544130800006, 0.8443002900000041], [109.00573026200007, 0.844134279000035], [109.00632502000008, 0.8432013290000251], [109.00871064700003, 0.8425350390000519], [109.0100887620001, 0.8418034340000036], [109.01097637100008, 0.8419426310000633], [109.01207808200012, 0.8413772120000873], [109.01365875300007, 0.8412205680000051], [109.01416104300007, 0.8409887940000127], [109.01498193800005, 0.8401605310000493], [109.01595909100007, 0.8396500129999973], [109.01848392800008, 0.8391043700000589], [109.01971878200001, 0.8390801350000965], [109.02055285300011, 0.8393457400000459], [109.02104641500009, 0.8400918090000475], [109.02140800300008, 0.8413488400000491], [109.02312551400007, 0.840328735000111], [109.02484473400004, 0.8398241150000141], [109.02640272600007, 0.8398670340001013], [109.02863324600006, 0.8404287570000379], [109.03063166300004, 0.8416578810000397], [109.03311701300005, 0.8411957629999955], [109.03515532800013, 0.8398909150000344], [109.04203125300008, 0.8399105920000638], [109.04045868499999, 0.8373218790001014], [109.04015852000003, 0.8362541420000413], [109.04048407000005, 0.8352930720001028], [109.0415290070001, 0.8339969500000644], [109.04264821600006, 0.8320490720001006], [109.04170427600012, 0.8289752950000606], [109.041425889, 0.8263137600000237], [109.04119388100007, 0.8259311690000759], [109.03943181500003, 0.8249050530000845], [109.03736879000004, 0.8242240740000506], [109.04019014200007, 0.8194951030001052], [109.04009754600004, 0.8189153950000128], [109.03874729100006, 0.8166194550000272], [109.03857131300006, 0.8156096350000519], [109.03764380900006, 0.8129820030000667], [109.03764431200001, 0.8119395470000557], [109.03831496700008, 0.8079102900000956], [109.03823546000008, 0.8064582750000371], [109.03767092200009, 0.8051241230000494], [109.03387194900009, 0.8032045080000261], [109.03539576300004, 0.8023048440000169], [109.03643349100011, 0.8002281930000565], [109.03652198700006, 0.7996751400000379], [109.03609932600008, 0.7987080170000427], [109.03608099000007, 0.7973694290000433], [109.03409595700005, 0.7955880550000893], [109.03259706200002, 0.7937756850000577], [109.03179571900007, 0.7932599210001046], [109.03038232900009, 0.7929635730000983], [109.03017879300005, 0.7907141900000569], [109.03049983200005, 0.787957191000026], [109.03010749500001, 0.786677311000088], [109.03003897400002, 0.7849438800001041], [109.02921546600001, 0.7830588570001007], [109.02890063300006, 0.7808173090000858], [109.02912898900004, 0.7784984650000704], [109.02895630400006, 0.7770713350001168], [109.02915911500006, 0.7760402010000655], [109.02809899000009, 0.7730087120000606], [109.02768873700008, 0.7698277320000324], [109.02784293500004, 0.7689090200000459], [109.02863211500005, 0.7678807430000534], [109.028018531, 0.7645848190000182], [109.02749830500004, 0.7632163940000369], [109.02700777200003, 0.7573607150000372], [109.0236378770001, 0.7542878830000754], [109.02293487800002, 0.7540377410000731], [109.02258123900008, 0.7540138760000525], [109.0216518730001, 0.754483437000002], [109.02080792600007, 0.7554089660000196], [109.0181042280001, 0.7564093860000165], [109.01785746900002, 0.7576010790000298], [109.017642584, 0.7578330210000361], [109.01727081700007, 0.7574320609999896], [109.01697214300013, 0.7575901280001007], [109.0165531000001, 0.7574739190000779], [109.0165058590001, 0.7576795630000399], [109.01682537000006, 0.7577799029999932], [109.01681997800007, 0.7581226860000223], [109.01705558400002, 0.7584075590000561], [109.0170082440001, 0.7588294200000556], [109.01663634300006, 0.7587448700000765], [109.01623329200002, 0.7580274850000501], [109.01580363800008, 0.7580559860000102], [109.015843369, 0.7599584250000335], [109.01565974100008, 0.7605437000000537], [109.01500725200009, 0.7611564430000373], [109.01449647300011, 0.7611825720000676], [109.01338498800007, 0.7602486510000661], [109.0126607380001, 0.7602614980000633], [109.01235904400009, 0.761288365000028], [109.01174983300005, 0.7617613850000859], [109.0118320660001, 0.7623639150000239], [109.01242021000009, 0.7621361090000045], [109.01291655200004, 0.7621943520000274], [109.01305658800008, 0.762398762000065], [109.01295682500009, 0.7629049760001161], [109.01339416400003, 0.7630989730000914], [109.01382913400005, 0.7627405860001035], [109.01541534600003, 0.762294384000044], [109.01588792600005, 0.7627560360000496], [109.01545413400004, 0.7633833830000869], [109.01501987800007, 0.7650416980000729], [109.01442911300005, 0.7652615910000593], [109.01454021100008, 0.7657534010000733], [109.01420298600007, 0.7659705460000987], [109.01388639000008, 0.7657422010000348], [109.01290624000008, 0.7658508060000502], [109.01215468700006, 0.7654074870000516], [109.01181520600004, 0.7642025700000987], [109.01068166200004, 0.7644050750000675], [109.01083987300008, 0.764697109000072], [109.01155487000008, 0.7648836860000552], [109.01158454400004, 0.7655917910000243], [109.01213575600009, 0.7667045180000764], [109.0115571410001, 0.7671841330000584], [109.01127225600005, 0.7668735850000319], [109.01083052300001, 0.7668968690000932], [109.01063204600011, 0.7671686000000166], [109.01073854900004, 0.7675528900000161], [109.01059840200008, 0.7678431120000484], [109.00888464500012, 0.7683490380000757], [109.00874416900005, 0.7693473410000751], [109.0091173360001, 0.7698005560000931], [109.00648149600006, 0.7699491510000422], [109.00531857500003, 0.7695682070000531], [109.00424905600009, 0.7688464320000188], [109.0025273800001, 0.766938704000002], [109.000334202, 0.7658656550000353], [108.99952529600004, 0.7640472870000403], [108.99740816700002, 0.7650909270000605], [108.99669821500008, 0.7651002780000349], [108.99515383100001, 0.7647096340000425], [108.99465329400007, 0.7648817410000719], [108.99391096100003, 0.7656583370000236], [108.99323681000003, 0.7655275040000342], [108.99322248700008, 0.7659030150000179], [108.99183776299999, 0.7685766899999935], [108.99147657100005, 0.7687293410000118], [108.99007761600002, 0.7677694720000838], [108.98738648900012, 0.7677521480000715], [108.98613449000008, 0.7665878820001071], [108.98512249800011, 0.7661722910000046], [108.98433794400003, 0.7661314850000922], [108.98255972800007, 0.7665484480000417], [108.98069850700008, 0.7672625780000653], [108.98086485900008, 0.767975780000012], [108.98045469400007, 0.7703424350000754], [108.97884281000002, 0.7697837660000362], [108.97723307300005, 0.7696724640000641], [108.97545426300005, 0.7699136190000333], [108.973915531, 0.7704090420000798], [108.97283905900011, 0.7704292080000608], [108.97116458500004, 0.7698039490000186], [108.97027563400012, 0.7697087860000495], [108.96746658100004, 0.7702883660000426], [108.96467401299999, 0.7705638110000068], [108.96559558700004, 0.7723076360000514], [108.96689564200005, 0.7735331090000175], [108.96737794700007, 0.7746992460000479], [108.96891882200002, 0.7771325330000289], [108.97071800200003, 0.7793740430000407], [108.97176898200004, 0.7800174300000728], [108.97212540000004, 0.7812293990000763], [108.97241447300007, 0.7833671240000273], [108.9726650370001, 0.7838448840000334], [108.97346634900006, 0.7845619770000356], [108.97420218300002, 0.7859715150000435], [108.97371712100002, 0.7864674860000465], [108.97360706000006, 0.7870952740000314], [108.97186006200012, 0.7873826500000058], [108.97100292400008, 0.7880302670000328], [108.97082287400009, 0.788341607000036], [108.97098963400003, 0.7897288040000605], [108.97064111700007, 0.789876499000024], [108.96997046100009, 0.7915095130000482], [108.96879175300008, 0.7926741100000401], [108.96884814700005, 0.7930317420000543], [108.96859218900009, 0.793585095000009], [108.96760985100008, 0.794290692000037], [108.96688182800006, 0.7956013130000317], [108.96632225000003, 0.7958948480000716], [108.96527640100001, 0.7997334390000654], [108.96284530900003, 0.8031763280000925], [108.9629255510001, 0.8038957100001065], [108.95966179100006, 0.8037926270001039], [108.95863177300001, 0.8041036700000825], [108.95720156300007, 0.805001793000053], [108.95362687000006, 0.8055927850000133], [108.95286249400006, 0.8059921860000197], [108.95186783100009, 0.806807811000092], [108.95166481800008, 0.8074446170000238], [108.95101831400005, 0.8076593400000265], [108.95091078300004, 0.8090737250000801], [108.9503706020001, 0.8102617890000596], [108.94978699600006, 0.8106557720000618], [108.94825292300004, 0.8111209500000038], [108.94697851800002, 0.812667074000033], [108.94615952200012, 0.8127300630000933], [108.94571568000008, 0.8129890170000253], [108.9450172420001, 0.8129748710000095], [108.9442925470001, 0.8140456630000559], [108.94260011100005, 0.8128618080000694], [108.94160740100006, 0.8116974140000055], [108.94130231500013, 0.8109547400000183], [108.94138438000009, 0.8097476260000613], [108.94071506400003, 0.8089136650000706], [108.94061365900008, 0.8080959350000017], [108.9402790080001, 0.8076652850000743], [108.93824964700006, 0.8072155510000778], [108.93761877900009, 0.8064066650000301], [108.93684073600011, 0.805814084000116], [108.93318535400009, 0.803789672000037], [108.9330771360001, 0.8030152150000847], [108.92876876200005, 0.8046733080000523], [108.92256776900008, 0.80752627500003], [108.91970093400002, 0.8091464000000537], [108.91891788800007, 0.8081174760000964], [108.91726763100003, 0.8065516330000344], [108.91467097000013, 0.8077730080000167], [108.91305447300005, 0.8076493009999952], [108.91303409700005, 0.8067442429999838], [108.91201400300011, 0.805343886000025], [108.91074661100005, 0.801322890000038], [108.90877831700008, 0.7971723490000793], [108.9039028650001, 0.7978493690000521], [108.90389035600005, 0.7985607550000262], [108.90274421200007, 0.7990463090000555], [108.8970200140001, 0.8039886180000666], [108.89624935500002, 0.8065813440000946], [108.89530347500002, 0.8087267820000621], [108.89478801600009, 0.8121162610000221], [108.89446250600007, 0.8129497400000618], [108.89347906400005, 0.8139679100000174], [108.89224456600004, 0.8146889840000826], [108.89011622500007, 0.8150860110000702], [108.89032462300008, 0.8161490660000092], [108.89082249000008, 0.8170801050000387], [108.89015581800007, 0.8213277510000383], [108.88943554200007, 0.8221196820000154], [108.8882636960001, 0.8223852410000498], [108.88742533200009, 0.8228587110000563], [108.88707737400009, 0.8236089990000517], [108.88720861900002, 0.8239263170000166], [108.88700855900008, 0.8249858010000155], [108.88609326000001, 0.8280882800000322], [108.88528135700007, 0.8290488930000217], [108.88422109500002, 0.8297186880001073], [108.88240442200006, 0.8321678350000683], [108.88223121900003, 0.8332300110001123], [108.88242141100005, 0.8355620929999796], [108.88203695200004, 0.8365579140000401], [108.88033360600005, 0.8391034170000689], [108.87916763300004, 0.8395162910000353], [108.87812218500005, 0.8401992770000577], [108.87655650400009, 0.8399821910000371], [108.87618148600005, 0.8396176230000707], [108.8763161470001, 0.8390159640000272], [108.87607974900007, 0.8389393509999943], [108.87574900200006, 0.8391669249999945], [108.87547300700005, 0.8387574610000437], [108.8749722860001, 0.8394857510000842], [108.87380714100007, 0.8401555200000788], [108.87536044300006, 0.841917276000097], [108.8853170940001, 0.8514862600000273], [108.88640168200004, 0.8526228910001032], [108.88633477100011, 0.8532446280000316], [108.88673109500003, 0.8532245860000609], [108.88759299600011, 0.8539138510000699], [108.89145013000004, 0.8580191100000123], [108.89166939100006, 0.8590648740000306], [108.89135337600003, 0.8594355930000619], [108.89169840800007, 0.8597739410000793], [108.89207094500007, 0.8607948650000852], [108.89139879000005, 0.8613103050001003], [108.89119565400004, 0.8619117070000337], [108.89125098500008, 0.8626394860000319], [108.89070443800007, 0.8627622940000679], [108.89097938900008, 0.8638782210000295], [108.89083607000003, 0.8655019360000837], [108.89116247800004, 0.8659306600000294], [108.8919906770001, 0.865976320000077], [108.89239915100005, 0.866386392000078], [108.89193862600006, 0.867734104000033], [108.89286688000003, 0.8688192360000224], [108.89306767200011, 0.8696499490000997], [108.89297751600012, 0.8703090780000133], [108.89322504600008, 0.8706099800000411], [108.89361659200006, 0.8708205700000571], [108.89400520900007, 0.8707428720000232], [108.89440358300007, 0.8698190000000539], [108.89498594400003, 0.869319099000081], [108.8955695940001, 0.8692820230000331], [108.89589608300011, 0.8695798500000729], [108.89669201600006, 0.8692016170000416], [108.89722366200009, 0.868026916000102], [108.89743427200001, 0.8679008110000597], [108.89784073000007, 0.8663520330000773], [108.89865681400009, 0.8659130340000809], [108.89960745900005, 0.8657250110000669], [108.90073728500002, 0.8662461240000185], [108.90275760300003, 0.8661469200000704], [108.90369321900008, 0.8659824940000549], [108.90371640000004, 0.8654128660000859], [108.9041433820001, 0.8650851340000587], [108.90670128100001, 0.8653730630000789], [108.90794523500008, 0.8649609130000835], [108.90826679800004, 0.8646834630000422], [108.9084693170001, 0.8636689600000347], [108.908938327, 0.8631398550000435], [108.90968728300007, 0.8628679210000145], [108.91054281600006, 0.862828115000096], [108.91106319900004, 0.8624352180000061], [108.91226330700005, 0.8629249670000272], [108.91445206000013, 0.864333503000041], [108.91676441400006, 0.8661861180000274], [108.91758162500008, 0.8665425970000351], [108.91832521600006, 0.8673869310000848], [108.91857889800008, 0.8682072520000128], [108.91891662700004, 0.8686267650000845], [108.92161391800002, 0.8708135430000974], [108.92225081000005, 0.8712094810000837], [108.92333739100008, 0.8713659200000601], [108.92409330700009, 0.871884805000005], [108.92519698400011, 0.8734467910000143], [108.93080330800008, 0.8783228510000507], [108.93516538900005, 0.8828146430000894], [108.9354300620001, 0.8833632230000932], [108.93593022900009, 0.8833664950000975], [108.93634094700005, 0.8836094770000402], [108.93664114100002, 0.8845207010000289], [108.93786974100007, 0.8863015490000281], [108.94060020100004, 0.8893106590000466], [108.94094551400009, 0.8891628090000703], [108.9412579870001, 0.8896351810000747], [108.94130414300011, 0.8901416800000606], [108.94210117000006, 0.890640817000059], [108.94243666500002, 0.891451370000067], [108.94308047500009, 0.8918584700000887], [108.943954332, 0.8933830750000249], [108.94900014500006, 0.8994998310000435], [108.94965290700006, 0.8992038190000651], [108.95017470200007, 0.8984818030000108], [108.95144422900003, 0.8978057390000282], [108.95268738700004, 0.8967890990000216], [108.9532150300001, 0.89679564100003], [108.95382006700007, 0.8971811760000437], [108.95414329800008, 0.8970991230000047], [108.95519417600006, 0.8956405900000286], [108.95584545700004, 0.8953641050000671], [108.95640385400006, 0.8946722760000236], [108.95765662800007, 0.8939733270000128], [108.9602130250001, 0.8917136490000965], [108.96141460300005, 0.8913670070000146], [108.96203583600003, 0.8896916420000389], [108.96241035300001, 0.8893086610000589], [108.96446865100006, 0.8882104940000568], [108.96548039000001, 0.8879972429999983], [108.9681930200001, 0.8865719590000198], [108.96939006300002, 0.8865500980000762], [108.97063624100011, 0.8862437520000421], [108.97089438900007, 0.8842599900000403], [108.97565208900008, 0.883353318000073], [108.97616282900006, 0.8817161530000606], [108.97707419100006, 0.8800425420000524], [108.97852543800005, 0.8789435550000713], [108.98015304400008, 0.8772214590000482], [108.98025815500006, 0.8762166920000469], [108.98098693800006, 0.875483815000071], [108.98222177800008, 0.8749658150000217], [108.98348967000001, 0.8739442290000499], [108.9888816530001, 0.8725731250000246], [108.99267750800003, 0.8722662570000361]]]}}, {"type": "Feature", "properties": {"id": 9, "nama": "Kecamatan 9"}, "geometry": {"type": "Polygon", "coordinates": [[[108.99582420400006, 0.8848573730000853], [108.99423102300004, 0.882742354000059], [108.99476801500006, 0.8815999770000404], [108.99490334500007, 0.8805278380000603], [108.99337524800002, 0.878562801000009], [108.99227257200009, 0.8755120680000106], [108.99192623900004, 0.8739447750000062], [108.99194009700003, 0.8735941920000423], [108.99267750800003, 0.8722662570000361], [108.9888816530001, 0.8725731250000246], [108.98348967000001, 0.8739442290000499], [108.98222177800008, 0.8749658150000217], [108.98098693800006, 0.875483815000071], [108.98025815500006, 0.8762166920000469], [108.98015304400008, 0.8772214590000482], [108.97852543800005, 0.8789435550000713], [108.97707419100006, 0.8800425420000524], [108.97616282900006, 0.8817161530000606], [108.97565208900008, 0.883353318000073], [108.97089438900007, 0.8842599900000403], [108.97063624100011, 0.8862437520000421], [108.96939006300002, 0.8865500980000762], [108.9681930200001, 0.8865719590000198], [108.96548039000001, 0.8879972429999983], [108.96446865100006, 0.8882104940000568], [108.96241035300001, 0.8893086610000589], [108.96203583600003, 0.8896916420000389], [108.96141460300005, 0.8913670070000146], [108.9602130250001, 0.8917136490000965], [108.95765662800007, 0.8939733270000128], [108.95640385400006, 0.8946722760000236], [108.95584545700004, 0.8953641050000671], [108.95519417600006, 0.8956405900000286], [108.95414329800008, 0.8970991230000047], [108.95382006700007, 0.8971811760000437], [108.9532150300001, 0.89679564100003], [108.95268738700004, 0.8967890990000216], [108.95144422900003, 0.8978057390000282], [108.95017470200007, 0.8984818030000108], [108.94965290700006, 0.8992038190000651], [108.94900014500006, 0.8994998310000435], [108.95230881600007, 0.9045235010000363], [108.952533326, 0.9051124640000952], [108.95366822900012, 0.9064288810000365], [108.95409994100004, 0.9079060170000419], [108.95637460200004, 0.9120617910000783], [108.95642390100004, 0.912497222000046], [108.95866180200001, 0.9176235120000031], [108.95944805900005, 0.9188515120000895], [108.95950862200009, 0.9195861610000344], [108.95985510300007, 0.920134919000053], [108.96018404200002, 0.9213607400000479], [108.96050188900003, 0.9220015520000446], [108.96085434700005, 0.9221014920000536], [108.96092061900004, 0.9228399790000497], [108.96165975900009, 0.9237609060000418], [108.9613721840001, 0.9241251670000716], [108.96144447500004, 0.9243415910000374], [108.96174075700013, 0.9245695270000676], [108.96337162100006, 0.923294307000071], [108.96553644100003, 0.920301595000077], [108.96767159300003, 0.9193274070000301], [108.96873543900004, 0.9191956340000518], [108.97070456300007, 0.9193515569999855], [108.97207287500005, 0.9197823930000171], [108.97438908300002, 0.9200076790000056], [108.97537382100005, 0.9204398100000555], [108.9782210960001, 0.9204139880000506], [108.97954418000005, 0.9198774830000689], [108.98109726800004, 0.9186684730000438], [108.9845319520001, 0.917628950000009], [108.98793835900004, 0.9176698070000144], [108.98984758000009, 0.9160676960000602], [108.9907140480001, 0.9159609510000211], [108.9908513300001, 0.9156454370000278], [108.99064653700012, 0.9148370850000243], [108.9914310520001, 0.9144265669999863], [108.99155581100003, 0.9140981420000793], [108.99067331200011, 0.9127734060000714], [108.99097006600006, 0.9121294909999955], [108.99090735000001, 0.9116063470000535], [108.99009766600008, 0.9106553620000613], [108.99002766100007, 0.910182508000017], [108.98938897700006, 0.909991905000056], [108.98938097100003, 0.9076932920000269], [108.99038694000004, 0.9074617670000551], [108.99090458600006, 0.9069855290000861], [108.99265871800007, 0.9062380700000583], [108.9929273480001, 0.906660366000005], [108.99294297100005, 0.9073569460000863], [108.99310869500009, 0.9074052960000012], [108.993631581, 0.9069544099999982], [108.99482929400007, 0.9065879500000529], [108.99507404600007, 0.9059188470000246], [108.99593577300006, 0.9056995460000872], [108.9962154510001, 0.9046735220000146], [108.99699435300006, 0.903690716000054], [108.99774522800001, 0.9032834140000157], [108.99717531700011, 0.9029772070000819], [108.99710939000008, 0.902442134000041], [108.99728470900001, 0.901938372000104], [108.99715553800007, 0.9016058510000358], [108.99686166500001, 0.9014574580000145], [108.99710225600002, 0.9006203900000331], [108.99702516600004, 0.8995446550000219], [108.9971988510001, 0.898474003000076], [108.99745008600011, 0.898009308000085], [108.99642541700007, 0.8958334340000862], [108.99657597400008, 0.8953190290000679], [108.99695275800009, 0.8949548650000461], [108.99703355200002, 0.894243610999994], [108.99770396300006, 0.8933840200000143], [108.99789492200006, 0.8922355510000246], [108.99817206800007, 0.8918270490000646], [108.99798171200004, 0.8913473580000764], [108.99814757100009, 0.8908760770000734], [108.99787994600007, 0.8903357190000394], [108.99804269800003, 0.8901161000000757], [108.99771345800005, 0.8894832090000238], [108.99781755300005, 0.8882497560000191], [108.99672661500003, 0.8869218440000148], [108.99587252200006, 0.8862676960000693], [108.99582420400006, 0.8848573730000853]]]}}, {"type": "Feature", "properties": {"id": 10, "nama": "Kecamatan 10"}, "geometry": {"type": "Polygon", "coordinates": [[[109.2500000068, 0.8272844635607557], [109.24999999999993, 0.7500000000000329], [109.21477561756852, 0.7500000012000507], [109.21419305300012, 0.7503408600000805], [109.21317918700008, 0.7521409599999851], [109.21076909800006, 0.7550922880001076], [109.20979762900006, 0.75465279100007], [109.2091475490001, 0.7553974630000448], [109.20674095000001, 0.755463091000057], [109.20481550200013, 0.7559316590000131], [109.20289328300007, 0.7558460730000371], [109.20180986700004, 0.7569690820000519], [109.20183047600005, 0.7580743940000234], [109.20055173400004, 0.7586885800000376], [109.20001595700003, 0.7594484400000256], [109.19864091300012, 0.760156466000077], [109.19803900600006, 0.7607981880000603], [109.1970853020001, 0.7610582100000807], [109.19576644700005, 0.7633203670000244], [109.19438304800008, 0.7639454970000559], [109.19288885400007, 0.7637273140000334], [109.19174839100005, 0.764207517000064], [109.19110151600007, 0.7656182210000795], [109.19096311300008, 0.7669904910000236], [109.19051842100006, 0.7680276960000443], [109.19050336800005, 0.7691750620000315], [109.18947603400005, 0.770190025000077], [109.18821599200007, 0.7704057610000747], [109.18754978500002, 0.7699545960000487], [109.18686881600007, 0.7699799580000155], [109.18502583700008, 0.7708809280000439], [109.18439963300006, 0.7705800790001094], [109.18364585100004, 0.7705577540000386], [109.18189725800003, 0.7721589110000027], [109.180567964, 0.772513916000066], [109.1799196220001, 0.7728801999999968], [109.17932245300007, 0.7728102960000749], [109.17828850300005, 0.7722599990000178], [109.17686082900005, 0.7727652489999892], [109.17674814100006, 0.7699278760000583], [109.17637618500001, 0.7689293760000426], [109.17242938600003, 0.7691834300000133], [109.17169379700002, 0.7694643040000715], [109.17043809700003, 0.7705209110000988], [109.17026804300008, 0.7712932250000515], [109.16986115500008, 0.771894594000071], [109.16782090600012, 0.771975572000021], [109.16507666000007, 0.7728713550000643], [109.16294455700005, 0.772763643000034], [109.16105953800005, 0.7736633480000465], [109.15894503600006, 0.7737478500000217], [109.15935485400004, 0.775430739000087], [109.15926625100009, 0.7762745460000042], [109.15873237300005, 0.7772635000000294], [109.15743220400013, 0.77876085200002], [109.1569059480001, 0.7806865110000993], [109.15659288200004, 0.781187024000034], [109.15461831400009, 0.7834490990000598], [109.15418903200002, 0.7820646689999977], [109.15339963800007, 0.7814750810000648], [109.15266693200002, 0.7823079880000572], [109.15156617000007, 0.7828565230000573], [109.15129382800009, 0.7844465829999914], [109.15208829000001, 0.7883829730000835], [109.15066318600005, 0.7884357190000957], [109.14902692300002, 0.7876914910000687], [109.14829445000008, 0.7871768440000304], [109.14724948200003, 0.7859359740000338], [109.14630061700005, 0.7854579680000962], [109.14560987800009, 0.7856054220000397], [109.14478942000007, 0.7863062180000258], [109.1435080190001, 0.7869559530000503], [109.14193005400008, 0.7872959880000296], [109.14191565000006, 0.7887455780000652], [109.14212380600004, 0.7896628170000186], [109.14424941000006, 0.7923461470000825], [109.14472371200004, 0.7933795320000536], [109.14484673500002, 0.7944210509999872], [109.14412116300011, 0.7953450130000528], [109.14497420100008, 0.7957111700000619], [109.14541601800003, 0.7979362270000445], [109.14548487900005, 0.7993339610000527], [109.14519956000007, 0.8001861750000439], [109.14526126400003, 0.8014406600000124], [109.14420330900006, 0.8023401560000964], [109.14417478800002, 0.8032415910000745], [109.14442440500007, 0.8042799580000137], [109.14376409800005, 0.8072665530000345], [109.14357852200006, 0.8106847070000578], [109.14288371000004, 0.8117296400000962], [109.14285136300002, 0.812607807000103], [109.14196833200006, 0.8135048240000708], [109.14099943700009, 0.8154336820000596], [109.14047396700005, 0.8158962910000556], [109.14054561600003, 0.8162254860000262], [109.14011822100011, 0.8160939100000641], [109.13954610800002, 0.8165136810000684], [109.13919578400008, 0.8175193760000576], [109.13867547200002, 0.8182521100000217], [109.13823629500008, 0.8233534690000477], [109.13831526000006, 0.8266618090000444], [109.13910556700007, 0.8288926460000612], [109.14098446300001, 0.8308076730000602], [109.14161088400006, 0.8311777440000379], [109.14219388100007, 0.832004582000061], [109.14266805700005, 0.8345279920000381], [109.14332262200011, 0.8356523609999877], [109.14481457100001, 0.8368216860001043], [109.15328335600013, 0.8417190530000385], [109.15447069200005, 0.8418077490000941], [109.15617070700002, 0.8408086900000322], [109.15984103500004, 0.8401183920000266], [109.16035038200008, 0.8412699710000071], [109.16044272200008, 0.8423501220000285], [109.16079024800005, 0.8431669970000266], [109.16346520900005, 0.8455562240000924], [109.16428517500013, 0.8459217790000517], [109.16546899300002, 0.8470204880000987], [109.167285113, 0.8481828510000833], [109.16875060400012, 0.8516631050000933], [109.16976133100007, 0.8518912860000549], [109.17041108800002, 0.852743100000013], [109.17126449100002, 0.8528941010000723], [109.17195188100006, 0.8534101930000526], [109.17247776500004, 0.8529514780000236], [109.17299672700008, 0.8530765080000657], [109.17339609700008, 0.8534240630000456], [109.1734779810001, 0.8541143770000525], [109.17236077900013, 0.855285737000071], [109.17217133200009, 0.855940035000029], [109.1737170970001, 0.856241484000102], [109.17482257300007, 0.8568944440000381], [109.17409992500005, 0.8576377520000777], [109.17414718800006, 0.8592229860000566], [109.17369822200004, 0.8604002420000301], [109.17231966700011, 0.8622817020000939], [109.1709788800001, 0.8634560260000912], [109.17057105300002, 0.8642557390000016], [109.1701684130001, 0.8661998250000069], [109.1695017070001, 0.867035095000106], [109.16953663400005, 0.8673842960000444], [109.16980217600009, 0.8676180200001093], [109.16987696200006, 0.8686393240000578], [109.17013886000005, 0.8693056970000379], [109.16981170300008, 0.870861686000084], [109.16986085500005, 0.8727724379999957], [109.17070341900005, 0.8745098270000407], [109.17047829600007, 0.8755111920000269], [109.17090743400006, 0.8764881360000354], [109.17163973700006, 0.8769435330000563], [109.17179066200003, 0.8774623229999934], [109.17237356900003, 0.8778691800000837], [109.1725010490001, 0.8781926230001114], [109.17313620500008, 0.8784695420000199], [109.17345906000006, 0.8792999080000685], [109.17424026200003, 0.8796226990000422], [109.17475733300009, 0.8805671790000291], [109.17480693000002, 0.8810697610000462], [109.17562224000007, 0.8817288650000465], [109.17577022600005, 0.8827892470000309], [109.17736067600002, 0.8853209030000686], [109.17730193600005, 0.8865554529999864], [109.17675579600007, 0.8869996190000551], [109.17725838500009, 0.8875660830000287], [109.17685502700002, 0.8883518120000256], [109.17640288200009, 0.888579546000039], [109.17683506800006, 0.8893427360000361], [109.17689636000006, 0.8902329430000622], [109.17717006100006, 0.890460138000031], [109.17688032800007, 0.8910200440000837], [109.17708914000012, 0.8916885740000646], [109.17706587300006, 0.8925868020000438], [109.17738389400007, 0.8929966390000255], [109.17825187200005, 0.8930329180000962], [109.17828242200008, 0.8932103490000332], [109.17744471000005, 0.8955030660000185], [109.17828026700008, 0.8982642260000384], [109.17871393000009, 0.8980754740000529], [109.17879276000012, 0.8982347190000839], [109.17844026100009, 0.8988295190000928], [109.17869859200006, 0.8996662310000447], [109.17840862200005, 0.8998302850000295], [109.17846196700002, 0.8999858480000222], [109.17917645500007, 0.8999451900000333], [109.17939671300009, 0.9001375480000506], [109.17877330200011, 0.9004151730000176], [109.17867263300003, 0.9007481620000357], [109.17840197500003, 0.9008838100000682], [109.17929684700009, 0.9019547060000344], [109.17921869300001, 0.9024628530000678], [109.17963938600009, 0.9026360280000967], [109.17919591500008, 0.9028400730000152], [109.17923121200008, 0.9033795440000647], [109.17968417100006, 0.9041335940000161], [109.17962988900011, 0.904288013000003], [109.17930941000006, 0.9041918630000412], [109.17918435200001, 0.9044762190000322], [109.17951549400006, 0.9048822440000537], [109.17982676700005, 0.9059047980000168], [109.18071891700006, 0.9069917770000702], [109.17946850800007, 0.9079583400000191], [109.1787098620001, 0.9079848199999896], [109.17929032900008, 0.9092628610000419], [109.179914152, 0.9092722910000228], [109.18035940900008, 0.9089817310000514], [109.18141849900003, 0.9074371120000579], [109.18171601500005, 0.9075877230000851], [109.18194002600002, 0.9083510820000074], [109.18287422800005, 0.9084862450000886], [109.18288922500004, 0.9076218799999802], [109.18408926500004, 0.9055231290000565], [109.1846386060001, 0.9050857290001035], [109.18666853100011, 0.9052168840000308], [109.18666942600001, 0.9049673880000819], [109.18617536400006, 0.9045871020000584], [109.18616217900005, 0.9043268180001052], [109.1872309290001, 0.9031333260000318], [109.1874594830001, 0.9032238510000612], [109.18745260800006, 0.9040241220001066], [109.18767120900011, 0.9041464870000171], [109.18836379500004, 0.9036075450001002], [109.18934184900006, 0.9035724890000418], [109.18985248900012, 0.90307592799999], [109.18975731900005, 0.9027466650000138], [109.18905835000004, 0.9027313740000809], [109.18882919700009, 0.9022490260000504], [109.18805845000009, 0.9016301310000907], [109.18786023100003, 0.9012262550000694], [109.1873768040001, 0.8989452419999866], [109.18758237600005, 0.8985525050000875], [109.18844653900005, 0.8980914030000386], [109.18850143600007, 0.8978583900000325], [109.1875143710001, 0.8964580180000725], [109.18623096900005, 0.8956526480000493], [109.18608934400005, 0.8953401020000351], [109.18667091700004, 0.8946718080000737], [109.18708236800006, 0.8945053490000676], [109.18708582500008, 0.8950418560000495], [109.18850877600005, 0.8955556230001038], [109.18940286800004, 0.8955862130000591], [109.19023054800005, 0.895921177000063], [109.19089589100011, 0.8957454010000854], [109.1905661420001, 0.8944725750001092], [109.18915893400002, 0.8947131340000292], [109.1892446000001, 0.8929374060000095], [109.18873084500004, 0.8924417710000343], [109.18797115100006, 0.8920754940000153], [109.18860801699999, 0.8909071590000694], [109.18965457700008, 0.8901074370000694], [109.19066236800006, 0.8877951890000668], [109.19047331400006, 0.8860931230000135], [109.19072732600003, 0.8854446220000023], [109.18970764300012, 0.8845041240000784], [109.18963022700011, 0.8829823080001065], [109.18997516000005, 0.8824625580000012], [109.19032217300007, 0.8824039530000372], [109.19051838200005, 0.8825720500000012], [109.19057574100009, 0.8831549520000026], [109.1917876700001, 0.8833490760000773], [109.19243303900002, 0.881752052000011], [109.19488264500002, 0.8814101950000586], [109.19477539700003, 0.8810902570000545], [109.19401843900002, 0.8808225050000162], [109.1938842480001, 0.880510139000017], [109.19443732500012, 0.8798438990000479], [109.19529621300005, 0.8797755700000787], [109.19552045000003, 0.8789113539999827], [109.19496465600005, 0.8776090790000568], [109.19413764200002, 0.878191095999985], [109.19370641300004, 0.8780036180000161], [109.194155761, 0.8760971940001072], [109.19569177700001, 0.8761070380000335], [109.1968221600001, 0.8755966979999963], [109.19705786100006, 0.8745643880000253], [109.19670915500006, 0.873752180000058], [109.19694567600001, 0.8733374150000239], [109.1972300840001, 0.8735212860000496], [109.19765158500006, 0.8745091820000761], [109.19794061700009, 0.8743972650000531], [109.19794212100004, 0.8727759420000192], [109.19821788000012, 0.8719382670000764], [109.19789962400007, 0.8715243090000202], [109.19690363700009, 0.8717292730000148], [109.1964283780001, 0.8711954430000768], [109.19632780700005, 0.8705902230000051], [109.197114217, 0.8709520730001019], [109.19719127200008, 0.8706161620000197], [109.19703960900006, 0.8701134709999936], [109.19628999800003, 0.8696628120000982], [109.19632436400012, 0.8687881680000276], [109.19680916500009, 0.8682775640000573], [109.19716222900007, 0.8682906390000733], [109.19809695600006, 0.8691313140000867], [109.19843423000007, 0.8692055830000145], [109.19850442500011, 0.8687332540001025], [109.19793988300003, 0.8681084300000963], [109.19906868400008, 0.8667291080001016], [109.19940095200003, 0.8666177640000372], [109.19964303700009, 0.8669913520000394], [109.2002239920001, 0.866582301000034], [109.20057342600006, 0.8661720870000211], [109.20052288000005, 0.8656771490000148], [109.20230579900004, 0.866326339000083], [109.20237901400006, 0.8652782530000502], [109.20171830500001, 0.8651342040000332], [109.20194282900012, 0.8638967600000536], [109.2022720160001, 0.8636031370000063], [109.20231592500008, 0.8644938620000753], [109.20246118500002, 0.8645809990000908], [109.20303876400003, 0.8641898360000555], [109.20308912700001, 0.863677286000013], [109.20266588200008, 0.8631152970000544], [109.20349849200005, 0.8630926440000453], [109.20370238900004, 0.8628785730000077], [109.20303047100005, 0.8620387870000679], [109.2029957240001, 0.8618690010000529], [109.20339313900004, 0.8616494100000027], [109.2031996100001, 0.8606117690000348], [109.20350817100005, 0.8601782530000479], [109.20419437400007, 0.8600959620000781], [109.20433188200008, 0.8597738820000744], [109.20411158700006, 0.859334363000035], [109.20350088800006, 0.859645640000033], [109.20323167100008, 0.8595606940000211], [109.20365277900002, 0.8586120230000427], [109.2038984760001, 0.8585331780000915], [109.2040637970001, 0.8588510040000097], [109.20479472300009, 0.8593590230000325], [109.20619677800002, 0.859325691000028], [109.20609237700009, 0.859040997000009], [109.2056062890001, 0.8589186650000125], [109.20536190600004, 0.8578631900000788], [109.20459989800005, 0.8566596740000643], [109.20460424100006, 0.8563032190000586], [109.20502349800002, 0.8560502230000866], [109.20499633400009, 0.856711486000088], [109.2053089600001, 0.8568113079999984], [109.20561169800001, 0.8566440380001028], [109.20593554100007, 0.8558161330000802], [109.2062793650001, 0.8557936319999948], [109.20665324900004, 0.8560859660000242], [109.20741580400008, 0.8557531250000183], [109.20674155200007, 0.8552035270001079], [109.20581136000001, 0.8536657000000547], [109.20471936900007, 0.8527774940001054], [109.20571768000008, 0.8525703710001098], [109.20686698400004, 0.8530551330000735], [109.20738396900002, 0.8529879380001093], [109.20767769900007, 0.8525498480000104], [109.20750701200006, 0.8520482920000783], [109.20826214200011, 0.8517812730000118], [109.20834289600005, 0.8510692220000715], [109.20849341300006, 0.8510020560000209], [109.20949781000003, 0.8516796690000428], [109.20952058800005, 0.8508576310000615], [109.20869478300003, 0.849705099000091], [109.20902024500005, 0.8487123990000223], [109.20969135400006, 0.848720272000052], [109.21003981900012, 0.8495210030000466], [109.21037449000009, 0.8495826460000844], [109.21104463400012, 0.8493234360000423], [109.21124896700006, 0.8490398140000233], [109.21120782100003, 0.8486966010000474], [109.21073642600003, 0.8481696010000528], [109.21086233400004, 0.8480955410000535], [109.21193847600009, 0.8481489670000331], [109.21296975400007, 0.8484436900000825], [109.21472983800004, 0.8481862560000097], [109.21529946100009, 0.8477811460000639], [109.21546109300006, 0.8470910270000731], [109.21644964700005, 0.846788830000027], [109.2166961920001, 0.8457885060000381], [109.21703909800006, 0.8458086030000134], [109.21756571300001, 0.8462072200000437], [109.21767425600002, 0.844115718000098], [109.2180733600001, 0.8438629600000569], [109.21785677600012, 0.8448842930000966], [109.21817474700005, 0.8449142770000018], [109.21918844900009, 0.8430331450000539], [109.21907218700005, 0.8421751480000284], [109.21939743400006, 0.8421801349999969], [109.21998711800008, 0.8428579290000338], [109.22059196300003, 0.8432098290000178], [109.22141893900007, 0.8425308330000592], [109.22157996100007, 0.8416658320000758], [109.22262624200005, 0.8410511230000184], [109.22256759100007, 0.840750358000002], [109.22213599000007, 0.8404392790001092], [109.22218161000002, 0.8401252020000571], [109.22251463800005, 0.8400373610000722], [109.22223102600012, 0.8393124740000468], [109.22257357600003, 0.8389155260000658], [109.22265314700005, 0.8380455070000226], [109.22314006100001, 0.8378336839999934], [109.22355316200009, 0.8372473750000653], [109.22402166400003, 0.8370015490000648], [109.22390123000011, 0.8362999690000139], [109.22402483500012, 0.8360203690000612], [109.2243583050001, 0.8363956830000285], [109.2245280760001, 0.8374023760001004], [109.22545641200009, 0.8369264920000719], [109.22623027600008, 0.8372288440000419], [109.22592803300003, 0.8362452550000166], [109.22623453700008, 0.83622788], [109.22691349900003, 0.8368145660000481], [109.22719845200007, 0.8367165950000244], [109.22647221100003, 0.8350875360000609], [109.22651971500005, 0.8347440540000628], [109.22685569300005, 0.8347519230000922], [109.22735714200006, 0.835252740000052], [109.2281874050001, 0.8355694490000554], [109.22855143900001, 0.834609271000013], [109.22893534700007, 0.8342398930000927], [109.23160144200004, 0.834154888000076], [109.23193543400006, 0.8342427290000609], [109.23215719700002, 0.8349050210000586], [109.23277250100004, 0.8347863230000963], [109.232852569, 0.8360405120000403], [109.23312505100007, 0.8361689570000097], [109.23418360200009, 0.8352150350000409], [109.23496021500004, 0.8352894510000697], [109.23543799500005, 0.8345743680000561], [109.23569248500006, 0.8333618690000089], [109.23522884900007, 0.8326738280000123], [109.23591116700003, 0.8321436770000235], [109.23664284100009, 0.8325651030000758], [109.23749991400004, 0.83250348300004], [109.23774072300006, 0.8329576610000489], [109.23833332600007, 0.8323481570000668], [109.23933698000006, 0.8319737349999956], [109.23984632700011, 0.8320082420000086], [109.24005200400008, 0.8326826380000307], [109.23947677200009, 0.8329960270000258], [109.2396283040001, 0.8342431010000029], [109.240293797, 0.8343413590000504], [109.240576005, 0.8341453260000842], [109.24052689300002, 0.833261894999997], [109.2406877930001, 0.832967938000011], [109.24208420100008, 0.8332086640000336], [109.24283971800007, 0.8322387540000742], [109.24301343900005, 0.8317373210000634], [109.24272757000003, 0.8312877070000768], [109.24211766100011, 0.8309937410000012], [109.24221507800009, 0.832011444000007], [109.24208340700002, 0.8320970140000705], [109.24141679100002, 0.8306934050000203], [109.24159492000011, 0.8303894070000029], [109.24240930300007, 0.8300452180000351], [109.24254134900008, 0.8293638670000592], [109.24363516000007, 0.82877204200003], [109.24402128900005, 0.8276122809999942], [109.24486660200009, 0.827506213000011], [109.2459423120001, 0.828442948999979], [109.24658455700003, 0.8282290920000479], [109.24667149600003, 0.8285349120000385], [109.2463170700001, 0.8291458540000507], [109.24642243700004, 0.8294379790000628], [109.24754673500007, 0.8289269330000559], [109.2482975, 0.8273321699999991], [109.2500000068, 0.8272844635607557]]]}}, {"type": "Feature", "properties": {"id": 11, "nama": "Kecamatan 11"}, "geometry": {"type": "Polygon", "coordinates": [[[109.17323811300007, 0.9113733470000485], [109.17290325400008, 0.909981279000065], [109.17389380400006, 0.9095905360000645], [109.17423377100003, 0.9091954360000587], [109.17373710800005, 0.9088338940000762], [109.17295779100006, 0.9086514189999884], [109.1729141530001, 0.9083923010000428], [109.17355019100005, 0.9076400540000629], [109.17395034600011, 0.9074582170000278], [109.17490032000002, 0.9079229120000187], [109.17539362600007, 0.9092610880000729], [109.17623998100002, 0.9102898270000148], [109.17675383699999, 0.9102819290000719], [109.17740850800007, 0.9097387260000689], [109.17856151700008, 0.9102137550000267], [109.17900525000003, 0.9114253940000916], [109.18070488800005, 0.9113525740000172], [109.1808643370001, 0.9111771740000707], [109.18065688400009, 0.9104962060000377], [109.17972773300004, 0.9101777200000649], [109.178984487, 0.9096723490000835], [109.17857077500005, 0.9093258740000154], [109.17827974600004, 0.9086753660001046], [109.17838695800003, 0.9079833940000492], [109.17946850800007, 0.9079583400000191], [109.18071891700006, 0.9069917770000702], [109.17982676700005, 0.9059047980000168], [109.17951549400006, 0.9048822440000537], [109.17918435200001, 0.9044762190000322], [109.17930941000006, 0.9041918630000412], [109.17962988900011, 0.904288013000003], [109.17968417100006, 0.9041335940000161], [109.17923121200008, 0.9033795440000647], [109.17919591500008, 0.9028400730000152], [109.17963938600009, 0.9026360280000967], [109.17921869300001, 0.9024628530000678], [109.17929684700009, 0.9019547060000344], [109.17840197500003, 0.9008838100000682], [109.17867263300003, 0.9007481620000357], [109.17877330200011, 0.9004151730000176], [109.17939671300009, 0.9001375480000506], [109.17917645500007, 0.8999451900000333], [109.17846196700002, 0.8999858480000222], [109.17840862200005, 0.8998302850000295], [109.17869859200006, 0.8996662310000447], [109.17844026100009, 0.8988295190000928], [109.17879276000012, 0.8982347190000839], [109.17871393000009, 0.8980754740000529], [109.17828026700008, 0.8982642260000384], [109.17744471000005, 0.8955030660000185], [109.17828242200008, 0.8932103490000332], [109.17825187200005, 0.8930329180000962], [109.17738389400007, 0.8929966390000255], [109.17706587300006, 0.8925868020000438], [109.17708914000012, 0.8916885740000646], [109.17688032800007, 0.8910200440000837], [109.17717006100006, 0.890460138000031], [109.17689636000006, 0.8902329430000622], [109.17683506800006, 0.8893427360000361], [109.17640288200009, 0.888579546000039], [109.17685502700002, 0.8883518120000256], [109.17725838500009, 0.8875660830000287], [109.17675579600007, 0.8869996190000551], [109.17730193600005, 0.8865554529999864], [109.17736067600002, 0.8853209030000686], [109.17577022600005, 0.8827892470000309], [109.17562224000007, 0.8817288650000465], [109.17480693000002, 0.8810697610000462], [109.17475733300009, 0.8805671790000291], [109.17424026200003, 0.8796226990000422], [109.17345906000006, 0.8792999080000685], [109.17313620500008, 0.8784695420000199], [109.1725010490001, 0.8781926230001114], [109.17237356900003, 0.8778691800000837], [109.17179066200003, 0.8774623229999934], [109.17163973700006, 0.8769435330000563], [109.17090743400006, 0.8764881360000354], [109.17047829600007, 0.8755111920000269], [109.17070341900005, 0.8745098270000407], [109.16986085500005, 0.8727724379999957], [109.16981170300008, 0.870861686000084], [109.17013886000005, 0.8693056970000379], [109.16987696200006, 0.8686393240000578], [109.16980217600009, 0.8676180200001093], [109.16953663400005, 0.8673842960000444], [109.1695017070001, 0.867035095000106], [109.1701684130001, 0.8661998250000069], [109.17057105300002, 0.8642557390000016], [109.1709788800001, 0.8634560260000912], [109.17231966700011, 0.8622817020000939], [109.17373999100003, 0.8603201850000675], [109.17417287000005, 0.8590460150000689], [109.1740071560001, 0.8583500140000355], [109.17409992500005, 0.8576377520000777], [109.17482687900008, 0.8568280990000554], [109.1737170970001, 0.856241484000102], [109.17217133200009, 0.855940035000029], [109.17236077900013, 0.855285737000071], [109.1734779810001, 0.8541143770000525], [109.17329523500008, 0.8532755180000118], [109.17247776500004, 0.8529514780000236], [109.17195188100006, 0.8534101930000526], [109.17126449100002, 0.8528941010000723], [109.17041108800002, 0.852743100000013], [109.16976133100007, 0.8518912860000549], [109.16875060400012, 0.8516631050000933], [109.167285113, 0.8481828510000833], [109.16546899300002, 0.8470204880000987], [109.16428517500013, 0.8459217790000517], [109.16346520900005, 0.8455562240000924], [109.16079024800005, 0.8431669970000266], [109.16044272200008, 0.8423501220000285], [109.16035038200008, 0.8412699710000071], [109.15984103500004, 0.8401183920000266], [109.15617070700002, 0.8408086900000322], [109.15447069200005, 0.8418077490000941], [109.15328335600013, 0.8417190530000385], [109.15246978500005, 0.8413309230000765], [109.14669347800013, 0.837991189000058], [109.14332262200011, 0.8356523609999877], [109.14266805700005, 0.8345279920000381], [109.14219388100007, 0.832004582000061], [109.14161088400006, 0.8311777440000379], [109.14098446300001, 0.8308076730000602], [109.13910556700007, 0.8288926460000612], [109.13831526000006, 0.8266618090000444], [109.13823629500008, 0.8233534690000477], [109.13867547200002, 0.8182521100000217], [109.13919578400008, 0.8175193760000576], [109.13954610800002, 0.8165136810000684], [109.14011822100011, 0.8160939100000641], [109.14054561600003, 0.8162254860000262], [109.14047396700005, 0.8158962910000556], [109.14099943700009, 0.8154336820000596], [109.14196833200006, 0.8135048240000708], [109.14285136300002, 0.812607807000103], [109.14288371000004, 0.8117296400000962], [109.14357852200006, 0.8106847070000578], [109.14376409800005, 0.8072665530000345], [109.14442440500007, 0.8042799580000137], [109.14417478800002, 0.8032415910000745], [109.14420330900006, 0.8023401560000964], [109.14526126400003, 0.8014406600000124], [109.14519956000007, 0.8001861750000439], [109.14549912900007, 0.7991578970000512], [109.14497420100008, 0.7957111700000619], [109.14412116300011, 0.7953450130000528], [109.14484673500002, 0.7944210509999872], [109.14472371200004, 0.7933795320000536], [109.14424941000006, 0.7923461470000825], [109.14212380600004, 0.7896628170000186], [109.14191565000006, 0.7887455780000652], [109.14193005400008, 0.7872959880000296], [109.1435080190001, 0.7869559530000503], [109.14478942000007, 0.7863062180000258], [109.14560987800009, 0.7856054220000397], [109.14630061700005, 0.7854579680000962], [109.14724948200003, 0.7859359740000338], [109.14829445000008, 0.7871768440000304], [109.14902692300002, 0.7876914910000687], [109.15066318600005, 0.7884357190000957], [109.15208829000001, 0.7883829730000835], [109.15129382800009, 0.7844465829999914], [109.15156617000007, 0.7828565230000573], [109.15266693200002, 0.7823079880000572], [109.15339963800007, 0.7814750810000648], [109.15418903200002, 0.7820646689999977], [109.15461831400009, 0.7834490990000598], [109.15659288200004, 0.781187024000034], [109.1569059480001, 0.7806865110000993], [109.15743220400013, 0.77876085200002], [109.15873237300005, 0.7772635000000294], [109.15926625100009, 0.7762745460000042], [109.15935485400004, 0.775430739000087], [109.15894503600006, 0.7737478500000217], [109.16105953800005, 0.7736633480000465], [109.16294455700005, 0.772763643000034], [109.16507666000007, 0.7728713550000643], [109.16782090600012, 0.771975572000021], [109.16986115500008, 0.771894594000071], [109.17026804300008, 0.7712932250000515], [109.17043809700003, 0.7705209110000988], [109.17169379700002, 0.7694643040000715], [109.17242938600003, 0.7691834300000133], [109.17637618500001, 0.7689293760000426], [109.17674814100006, 0.7699278760000583], [109.17686082900005, 0.7727652489999892], [109.17828850300005, 0.7722599990000178], [109.17932245300007, 0.7728102960000749], [109.1799196220001, 0.7728801999999968], [109.180567964, 0.772513916000066], [109.18189725800003, 0.7721589110000027], [109.18364585100004, 0.7705577540000386], [109.18439963300006, 0.7705800790001094], [109.18502583700008, 0.7708809280000439], [109.18686881600007, 0.7699799580000155], [109.18754978500002, 0.7699545960000487], [109.18821599200007, 0.7704057610000747], [109.18947603400005, 0.770190025000077], [109.19050336800005, 0.7691750620000315], [109.19051842100006, 0.7680276960000443], [109.19096311300008, 0.7669904910000236], [109.19110151600007, 0.7656182210000795], [109.19174839100005, 0.764207517000064], [109.19288885400007, 0.7637273140000334], [109.19438304800008, 0.7639454970000559], [109.19576644700005, 0.7633203670000244], [109.1970853020001, 0.7610582100000807], [109.19803900600006, 0.7607981880000603], [109.19864091300012, 0.760156466000077], [109.20001595700003, 0.7594484400000256], [109.20055173400004, 0.7586885800000376], [109.20183047600005, 0.7580743940000234], [109.20180986700004, 0.7569690820000519], [109.20289328300007, 0.7558460730000371], [109.20481550200013, 0.7559316590000131], [109.20674095000001, 0.755463091000057], [109.2091475490001, 0.7553974630000448], [109.20979762900006, 0.75465279100007], [109.21076909800006, 0.7550922880001076], [109.21317918700008, 0.7521409599999851], [109.21419305300012, 0.7503408600000805], [109.21477561756852, 0.7500000012000507], [109.01085987957194, 0.7500000029915954], [109.01076681400006, 0.7502021840000639], [109.01139421600003, 0.7502900780000532], [109.01228447600005, 0.7509811990000381], [109.0116688470001, 0.7517103290000593], [109.0119844310001, 0.7520711160000682], [109.01279188700002, 0.7523404350000584], [109.01278365000006, 0.7526582780000668], [109.01228384200009, 0.7523829880000266], [109.01263782400007, 0.7528823310000421], [109.01260527400004, 0.7532368370000642], [109.01443313300011, 0.7539290070000471], [109.01486906400002, 0.7534036680000122], [109.01521688100003, 0.7533821870001001], [109.01559082300007, 0.7542754960000275], [109.0169878170001, 0.7543336200000406], [109.01764835500003, 0.7549190530000738], [109.01769593900006, 0.7556200630000776], [109.01822472900004, 0.7563777950000672], [109.02080792600007, 0.7554089660000196], [109.0216518730001, 0.754483437000002], [109.02275924800006, 0.7540010820000598], [109.0236378770001, 0.7542878830000754], [109.02700777200003, 0.7573607150000372], [109.02749830500004, 0.7632163940000369], [109.028018531, 0.7645848190000182], [109.02863211500005, 0.7678807430000534], [109.02784293500004, 0.7689090200000459], [109.02768873700008, 0.7698277320000324], [109.02809899000009, 0.7730087120000606], [109.02915911500006, 0.7760402010000655], [109.02895630400006, 0.7770713350001168], [109.02912898900004, 0.7784984650000704], [109.02890063300006, 0.7808173090000858], [109.02921546600001, 0.7830588570001007], [109.03003897400002, 0.7849438800001041], [109.03010749500001, 0.786677311000088], [109.03049983200005, 0.787957191000026], [109.03017879300005, 0.7907141900000569], [109.03038232900009, 0.7929635730000983], [109.03179571900007, 0.7932599210001046], [109.03259706200002, 0.7937756850000577], [109.03409595700005, 0.7955880550000893], [109.03608099000007, 0.7973694290000433], [109.03609932600008, 0.7987080170000427], [109.03652198700006, 0.7996751400000379], [109.03643349100011, 0.8002281930000565], [109.03539576300004, 0.8023048440000169], [109.03387194900009, 0.8032045080000261], [109.03767092200009, 0.8051241230000494], [109.03823546000008, 0.8064582750000371], [109.03831496700008, 0.8079102900000956], [109.03764431200001, 0.8119395470000557], [109.03764380900006, 0.8129820030000667], [109.03857131300006, 0.8156096350000519], [109.03874729100006, 0.8166194550000272], [109.04009754600004, 0.8189153950000128], [109.04019014200007, 0.8194951030001052], [109.03736879000004, 0.8242240740000506], [109.03943181500003, 0.8249050530000845], [109.04119388100007, 0.8259311690000759], [109.041425889, 0.8263137600000237], [109.04170427600012, 0.8289752950000606], [109.04264821600006, 0.8320490720001006], [109.0415290070001, 0.8339969500000644], [109.04048407000005, 0.8352930720001028], [109.04015852000003, 0.8362541420000413], [109.04045868499999, 0.8373218790001014], [109.04203125300008, 0.8399105920000638], [109.04406193500006, 0.841036042000014], [109.04604455600006, 0.8417078140000855], [109.04786610700005, 0.8426128070000027], [109.04968153700007, 0.8428826770000386], [109.05099781800008, 0.8435541139999936], [109.05317699800008, 0.8438598120000629], [109.05385629900007, 0.8437143330000163], [109.05501562400008, 0.8428140760000469], [109.05603031200009, 0.8414600770000158], [109.05639775700003, 0.8405205390000825], [109.06121863800003, 0.8423222800000341], [109.06343284900001, 0.8423469710000342], [109.0648467440001, 0.8418798850000231], [109.0655614080001, 0.8418566600000554], [109.06624468400004, 0.8421125130000862], [109.06708786700008, 0.8427890770000213], [109.06747053800004, 0.8428521650000897], [109.06807976000009, 0.8428210209999998], [109.06975147000011, 0.8412180530000635], [109.07083355800003, 0.8407218890000445], [109.07252456500007, 0.8414372310000795], [109.0735770270001, 0.84217350500007], [109.07389365700001, 0.8421869460000275], [109.07568563900013, 0.841478642000042], [109.07726141700003, 0.8404435360001061], [109.08122445800002, 0.840857198000049], [109.08289532300007, 0.8407212610000814], [109.08367307200002, 0.840988111000045], [109.08564389500003, 0.8421460990000229], [109.09023005700006, 0.843154846000087], [109.0927982740001, 0.8430415760000409], [109.0940253090001, 0.8433612370001109], [109.09506921900007, 0.8426545379999917], [109.09681340300004, 0.8427287110000892], [109.09816772000002, 0.8432828640000212], [109.10028313100007, 0.843756762000063], [109.10097838100005, 0.8442886000000138], [109.1027942140001, 0.8467930450000205], [109.10545583700005, 0.8472708760000325], [109.10624189200007, 0.8482719499999947], [109.10889498300013, 0.8476145040000427], [109.11003709100004, 0.847561679000024], [109.11082183000003, 0.8480034130000691], [109.11156491700005, 0.8488499560000351], [109.1114538130001, 0.8489896170000444], [109.11336399400005, 0.8490131690000391], [109.11330619600007, 0.8496113560000618], [109.1125551810001, 0.8509176970000576], [109.11251666000003, 0.8512925920000791], [109.11393970900008, 0.8534022160001031], [109.11487078900002, 0.853512947000028], [109.11611149400001, 0.8532847510000652], [109.1178419700001, 0.8539665230000759], [109.12085092900011, 0.8556027800000132], [109.12271797500004, 0.8570261980000149], [109.12447880100008, 0.857269655999997], [109.1263242300001, 0.8581224170000334], [109.12671564400006, 0.8585609410000794], [109.12693167600008, 0.8592226730000307], [109.12801567600006, 0.8602459710000554], [109.12994911200008, 0.860348933000048], [109.13022267400007, 0.8609665860000826], [109.13044101400001, 0.8625132510000677], [109.13032003100004, 0.863508393000072], [109.13067862300004, 0.8638531689999995], [109.1310561290001, 0.8647217480000124], [109.13157352300001, 0.8651575800001021], [109.13278937800007, 0.8653732120000912], [109.13427156800005, 0.8651698220000492], [109.1359810180001, 0.8670107750000478], [109.13652798900006, 0.8680814040000806], [109.136848388, 0.8698351260000559], [109.137797327, 0.8724090080000346], [109.1407149650001, 0.8740911540000385], [109.14329295800006, 0.8763789180000581], [109.14446877000009, 0.8766215060000571], [109.14519659200009, 0.8781835979999864], [109.14526911600005, 0.8798501890000354], [109.14504371100006, 0.8800900380000742], [109.14515838200003, 0.8812846400000618], [109.14673763500005, 0.8933522170000474], [109.1485060990001, 0.8929127430001005], [109.15123312300004, 0.8929457650000794], [109.15260860600007, 0.8925772900000561], [109.15542211000007, 0.8925523430000348], [109.15620554700006, 0.8922125660000768], [109.1577656490001, 0.8930645950000526], [109.15856105900009, 0.8930889680000265], [109.15985631200006, 0.8936541690000732], [109.16042739600006, 0.894598974000087], [109.16213873100008, 0.8965404180000514], [109.16404100100009, 0.8976237350000682], [109.1641785610001, 0.8987756890000798], [109.1644640680001, 0.8993104240000038], [109.16505927500005, 0.8996559280000804], [109.16559237400011, 0.9003765690000209], [109.16635317200009, 0.9005555559999978], [109.16721136800004, 0.9012536020000228], [109.16750781900005, 0.9018175880000578], [109.1676425800001, 0.9033003590000854], [109.16831213500008, 0.9054524770000727], [109.16957693100001, 0.9059728460000516], [109.16997860400002, 0.9066251060000186], [109.17102061100009, 0.9069209790000743], [109.17148717000006, 0.9073604000001056], [109.17170956800007, 0.9083807870000671], [109.17252641800007, 0.90934203100002], [109.17244780500005, 0.9103430849999805], [109.17301634200001, 0.911532381000062], [109.17323811300007, 0.9113733470000485]]]}}, {"type": "Feature", "properties": {"id": 12, "nama": "Kecamatan 12"}, "geometry": {"type": "Polygon", "coordinates": [[[109.03294291400005, 0.8986728160000057], [109.03018822200002, 0.8991935570000154], [109.02883105900008, 0.8990321370000709], [109.02236923200012, 0.8961352280000101], [109.02019220300011, 0.893991857000036], [109.01573799200007, 0.8915037460000486], [109.01469741900004, 0.8902899219999805], [109.01368182900003, 0.8895779250000446], [109.01258413300006, 0.8889802260000623], [109.01112028200001, 0.8886808809999858], [109.01108948800004, 0.887257982000027], [109.01082489500008, 0.8864320600000797], [109.00855981000007, 0.8857829170000153], [109.00681923300003, 0.8837556390000545], [109.00639094900004, 0.8821991360000547], [109.00496488500008, 0.8820522690000709], [109.00299441300011, 0.8800688890000119], [109.00207706200005, 0.8802323490000363], [109.00009602700001, 0.8816939450000882], [108.99934964900008, 0.881515568000073], [108.99791976300007, 0.8816248500000556], [108.99692679800008, 0.8824658710000088], [108.99466084300008, 0.8832444710000376], [108.99582420400006, 0.8848573730000853], [108.99587252200006, 0.8862676960000693], [108.99672661500003, 0.8869218440000148], [108.99781755300005, 0.8882497560000191], [108.99771345800005, 0.8894832090000238], [108.99804269800003, 0.8901161000000757], [108.99787994600007, 0.8903357190000394], [108.99814757100009, 0.8908760770000734], [108.99798171200004, 0.8913473580000764], [108.99817206800007, 0.8918270490000646], [108.99789492200006, 0.8922355510000246], [108.99770396300006, 0.8933840200000143], [108.99703355200002, 0.894243610999994], [108.99695275800009, 0.8949548650000461], [108.99657597400008, 0.8953190290000679], [108.99642541700007, 0.8958334340000862], [108.99745008600011, 0.898009308000085], [108.9971988510001, 0.898474003000076], [108.99702516600004, 0.8995446550000219], [108.99710225600002, 0.9006203900000331], [108.99686166500001, 0.9014574580000145], [108.99715553800007, 0.9016058510000358], [108.99728470900001, 0.901938372000104], [108.99710939000008, 0.902442134000041], [108.99717531700011, 0.9029772070000819], [108.99774522800001, 0.9032834140000157], [108.99699435300006, 0.903690716000054], [108.9962154510001, 0.9046735220000146], [108.99593577300006, 0.9056995460000872], [108.99507404600007, 0.9059188470000246], [108.99482929400007, 0.9065879500000529], [108.993631581, 0.9069544099999982], [108.99310869500009, 0.9074052960000012], [108.99294297100005, 0.9073569460000863], [108.9929273480001, 0.906660366000005], [108.99265871800007, 0.9062380700000583], [108.99090458600006, 0.9069855290000861], [108.99038694000004, 0.9074617670000551], [108.98938097100003, 0.9076932920000269], [108.98938897700006, 0.909991905000056], [108.99002766100007, 0.910182508000017], [108.99009766600008, 0.9106553620000613], [108.99090735000001, 0.9116063470000535], [108.99097006600006, 0.9121294909999955], [108.99067331200011, 0.9127734060000714], [108.99155581100003, 0.9140981420000793], [108.9914310520001, 0.9144265669999863], [108.99064653700012, 0.9148370850000243], [108.9908513300001, 0.9156454370000278], [108.9907140480001, 0.9159609510000211], [108.98984758000009, 0.9160676960000602], [108.98793835900004, 0.9176698070000144], [108.9845319520001, 0.917628950000009], [108.98109726800004, 0.9186684730000438], [108.97954418000005, 0.9198774830000689], [108.9782210960001, 0.9204139880000506], [108.97537382100005, 0.9204398100000555], [108.97438908300002, 0.9200076790000056], [108.97207287500005, 0.9197823930000171], [108.97052629800007, 0.9193291990000896], [108.9685557980001, 0.9191946410000584], [108.9674994960001, 0.919379269000058], [108.96553644100003, 0.920301595000077], [108.96343173000005, 0.9232276600000633], [108.96174075700013, 0.9245695270000676], [108.9616793790001, 0.9250774180000798], [108.9620774730001, 0.9253236320001124], [108.96541628200004, 0.9310289000001015], [108.97318841400006, 0.9297527290000263], [108.97598419500011, 0.9296044880000176], [108.9828564080001, 0.9286074560000346], [108.98323128800004, 0.9290781980000817], [108.98396346700004, 0.9295011990000868], [108.99156440800003, 0.9298352290000134], [108.99486237900005, 0.9360019850000834], [108.99625873400004, 0.940281255000035], [108.99832633100004, 0.9399862990000551], [109.00262992400006, 0.9401801670000198], [109.01250606000009, 0.9368857730000224], [109.01848559900013, 0.9344260280000727], [109.01940567800004, 0.9335730900000216], [109.01941399000002, 0.932669042000005], [109.0196435070001, 0.9321840550000227], [109.02137656300005, 0.9303521660000635], [109.02335516200007, 0.9277910970000791], [109.0273144610001, 0.9260807340000499], [109.03043125600006, 0.9240808720000482], [109.03333533400009, 0.9213744820000302], [109.03431270200005, 0.9162180470000658], [109.03294291400005, 0.8986728160000057]]]}}, {"type": "Feature", "properties": {"id": 13, "nama": "Kecamatan 13"}, "geometry": {"type": "Polygon", "coordinates": [[[109.0422386390001, 1.2036131180000398], [109.04199274100009, 1.1922271280000496], [109.03759133600008, 1.1832909000000713], [109.03621164900005, 1.1809411499999856], [109.03564130300002, 1.17951745700005], [109.03537065400009, 1.177491818000047], [109.03598206200006, 1.1664740490000591], [109.03657655300013, 1.161503696000037], [109.03744379500003, 1.1582651140000388], [109.04028305300002, 1.152513898000067], [109.04279188700005, 1.149219642000081], [109.04426693500005, 1.1477454300000511], [109.04303896600005, 1.1464656590000333], [109.04063311700013, 1.1454850320000753], [109.03987079100003, 1.1446902670000414], [109.0398308740001, 1.1435666719999782], [109.0410814210001, 1.1418367470001067], [109.04131863500001, 1.1410810050000153], [109.04118798100004, 1.1403480890000361], [109.04041990300007, 1.1397171010000529], [109.03944549600001, 1.1396722530000725], [109.03860476000008, 1.1403164689999956], [109.03766446100008, 1.1422994080000182], [109.03696004900006, 1.143090236999993], [109.03589264700013, 1.1434647400000708], [109.03485666300011, 1.1432526500000195], [109.0343680880001, 1.1427110610000613], [109.03417891700008, 1.1413889920000075], [109.03464972600004, 1.1405763140000014], [109.03670330700005, 1.1387660940000588], [109.03697252400012, 1.1370872720000635], [109.03660058200008, 1.1361656190000113], [109.03595836300005, 1.135673807000086], [109.03533252900004, 1.1355297360000671], [109.03416331600003, 1.1356184130000324], [109.03289366500005, 1.1361421160000207], [109.02854733700006, 1.1387466260000467], [109.0278952790001, 1.1393497810000364], [109.02720339800005, 1.140411155000014], [109.02566513500005, 1.1437229580000308], [109.02490499600005, 1.1442634560000764], [109.02385781300009, 1.1442234570000531], [109.02313666500002, 1.14345517599999], [109.02295283000008, 1.140947061000035], [109.02246520300007, 1.1401536690000258], [109.02134111200004, 1.1397713820000144], [109.01950164500008, 1.1403829890000816], [109.0184874210001, 1.1403305170000921], [109.01816059100005, 1.140049644000034], [109.01795489500009, 1.1394855690000805], [109.01799140800009, 1.1370211940000141], [109.01740014700002, 1.136152761000102], [109.01674090700001, 1.1357342710000262], [109.01446372600006, 1.1354169200000586], [109.0127305080001, 1.1348189020000499], [109.01096485500003, 1.1339010720000475], [109.01019022800006, 1.1332415030000087], [109.00992770400009, 1.1325581670000462], [109.01010198400004, 1.131607520000082], [109.01080842700004, 1.1305756590000593], [109.01211772100002, 1.1292676690000159], [109.01255794200003, 1.128455757000073], [109.01257216900005, 1.127576140000035], [109.01181439700007, 1.126435289000054], [109.01049219500008, 1.1257320970000473], [109.00924467300007, 1.1256059400000895], [109.008083458, 1.1259784720000043], [109.00718676300006, 1.12679221800001], [109.00684396600012, 1.1274625970000551], [109.00671735900004, 1.1286377290000305], [109.00799681100003, 1.1316397060000805], [109.00800262900006, 1.1330571780000342], [109.00748012800008, 1.1343083460000836], [109.00691009300009, 1.1349452210001099], [109.00597941400008, 1.1354592900000116], [109.00484015300006, 1.1355608460000655], [109.00414030100006, 1.1353633180000644], [109.00298514100005, 1.1346661430000227], [109.00183476400008, 1.1334539650000908], [109.00136733300005, 1.1326456610000024], [109.00127754200007, 1.1305034500000355], [109.00155520800004, 1.1295220720000154], [109.00237204700004, 1.1280152700000423], [109.00240842500003, 1.1270144800001036], [109.0016331210001, 1.1259574960000451], [108.99999999999997, 1.1251901786241847], [109.00000000840001, 1.207427525482001], [109.00366268000006, 1.2071302050000776], [109.02206897900005, 1.2065939840000306], [109.02449300800006, 1.206265079000084], [109.02728235100003, 1.2061728260000892], [109.03562335600013, 1.2049823429999984], [109.0422386390001, 1.2036131180000398]]]}}, {"type": "Feature", "properties": {"id": 14, "nama": "Kecamatan 14"}, "geometry": {"type": "Polygon", "coordinates": [[[109.08525699500008, 0.9987818460000009], [109.08451993900012, 0.9982001720000122], [109.08327107900007, 0.9966766210000744], [109.08048863600007, 0.9960491980000308], [109.07882064500008, 0.9946905800000616], [109.0768521880001, 0.991472544000076], [109.07707788500004, 0.9900500170000592], [109.07734569899999, 0.9896013510000623], [109.07701037300005, 0.9884032810000543], [109.07753951800004, 0.9876935250000374], [109.0775822190001, 0.9873458240000454], [109.079389758, 0.9861894230000212], [109.07962304700004, 0.9857094100000063], [109.07994117200008, 0.985563056000065], [109.08083746100007, 0.985566733000014], [109.08133761000006, 0.9857575850000844], [109.082821466, 0.987414326000029], [109.08315339100002, 0.9873451820000811], [109.08452233800004, 0.9859272420000886], [109.08555467900001, 0.9861976200000777], [109.08542311800005, 0.9842618400000491], [109.0841408160001, 0.9820881230000511], [109.08400720500005, 0.9810376030000834], [109.08351807600009, 0.9808271459999895], [109.08342665900007, 0.9805452270000226], [109.08465014200004, 0.9794859490000407], [109.08653865100007, 0.9784543840000426], [109.08721376800007, 0.9778637920000266], [109.08753348200005, 0.9772202439999811], [109.08738174000011, 0.9765343410000726], [109.08772177100009, 0.9755671990000758], [109.08657400600006, 0.9735290280000131], [109.08538287500001, 0.9724512330000978], [109.08473803600003, 0.9714046480000116], [109.08302506900006, 0.971575586000033], [109.08186220900004, 0.9720447260000364], [109.08137637200007, 0.9719030290000363], [109.08107319400003, 0.9714598550000497], [109.08088116200004, 0.9695476550000182], [109.0787466890001, 0.9679366180000359], [109.07738728600006, 0.9660481660001041], [109.07703066300004, 0.9648672110000911], [109.07620413100004, 0.9642155390000839], [109.07634795700004, 0.9630196040000749], [109.077055967, 0.9622148020000987], [109.07737473200008, 0.9611848810000589], [109.07745927800006, 0.9593810500000233], [109.07698061900007, 0.9584213450000201], [109.07504909300005, 0.956322539000003], [109.07369046000007, 0.9554781360000364], [109.0721889690001, 0.9549385880000694], [109.07125550900004, 0.9540991170000668], [109.06813397900005, 0.9527141830000518], [109.0675666560001, 0.9522918630000143], [109.06659933600008, 0.9519393260000664], [109.06616689, 0.9522369089999971], [109.06527282800002, 0.9517450830000707], [109.06455398800004, 0.9497293730000012], [109.06384297700001, 0.9485022810000787], [109.06293294300012, 0.947399054000102], [109.06193101300009, 0.9466996300000519], [109.06035052800006, 0.9440933690000586], [109.06007858600012, 0.9419795870000458], [109.05892960000008, 0.939989372000043], [109.05906977900005, 0.9387479970000934], [109.05890970400013, 0.9364234530000504], [109.05871424300003, 0.9359287150000606], [109.05911339400011, 0.9322518790000389], [109.05885648900008, 0.9312137330000292], [109.05895895700012, 0.9301773170000738], [109.05921111400002, 0.9299419300000489], [109.05932646600006, 0.9292726430000053], [109.05904527900006, 0.9286426690000171], [109.05989698100011, 0.9268854080000155], [109.06029386300008, 0.9265403150000617], [109.06010111700003, 0.9241029390000088], [109.06027708100002, 0.9234391910000683], [109.05979799699999, 0.9226844560000602], [109.05980094300006, 0.921784888000059], [109.05947123900005, 0.9207940140000526], [109.05899471900005, 0.9205738400000429], [109.05859896400008, 0.9199914770000861], [109.05814953000002, 0.9186409340000745], [109.05741540800004, 0.9179134410000112], [109.05723500400003, 0.9170842960000636], [109.05700572000006, 0.9168389090000106], [109.05708467700002, 0.9161244670000501], [109.05733360500001, 0.9159468410000082], [109.05711907800011, 0.9151030220000012], [109.05732046200008, 0.914497728000101], [109.05677923600007, 0.9133183950000445], [109.056778486, 0.912957104999994], [109.0570544340001, 0.9127429960000422], [109.05703158900008, 0.9118837880000941], [109.05648820700006, 0.9096722879999897], [109.05378180100004, 0.9059119100000723], [109.05286299000004, 0.9053759680000484], [109.05211401600006, 0.9046069860000161], [109.05216088200004, 0.9038999980000506], [109.05187105000003, 0.9032440170000422], [109.05143108400004, 0.9009527970000919], [109.05073986600006, 0.9001692030000941], [109.0510763840001, 0.8984249290000124], [109.05032998300007, 0.8966263190000534], [109.04687598000001, 0.8963101460000944], [109.0426444440001, 0.8964685620000568], [109.03889174700002, 0.8970289580000612], [109.03294291400005, 0.8986728160000057], [109.03431270200005, 0.9162180470000658], [109.03333533400009, 0.9213744820000302], [109.03043125600006, 0.9240808720000482], [109.0273144610001, 0.9260807340000499], [109.02335516200007, 0.9277910970000791], [109.02137656300005, 0.9303521660000635], [109.0196435070001, 0.9321840550000227], [109.01929927100012, 0.9337167110000033], [109.01768735800007, 0.9348386850000212], [109.01047955300001, 0.9376242710000193], [109.00280579700005, 0.9401432820000766], [108.99832633100004, 0.9399862990000551], [108.99625873400004, 0.940281255000035], [108.99486237900005, 0.9360019850000834], [108.99156440800003, 0.9298352290000134], [108.98396346700004, 0.9295011990000868], [108.98323128800004, 0.9290781980000817], [108.9828564080001, 0.9286074560000346], [108.97598419500011, 0.9296044880000176], [108.97318841400006, 0.9297527290000263], [108.96541628200004, 0.9310289000001015], [108.96798810700002, 0.9365537860000872], [108.96846994900001, 0.9367772850001055], [108.96872244800004, 0.9383832060000197], [108.97014401500006, 0.9415446020000262], [108.97025427900003, 0.9425878470000137], [108.9708980490001, 0.944524263000095], [108.9714883520001, 0.9449960920000544], [108.97154446200003, 0.9457887650000041], [108.97333782500009, 0.9514043510000336], [108.97407792900012, 0.9549739420000636], [108.97435816800004, 0.9555594800000167], [108.97433294100009, 0.9561334430000779], [108.97481684800006, 0.9566826560000452], [108.97461282200005, 0.9573271279999895], [108.97487287600008, 0.957607437000001], [108.97545293900002, 0.9601132560000325], [108.97622432200008, 0.9643251890000082], [108.97662227800005, 0.9648242440000887], [108.97673384300005, 0.9674892180000549], [108.977095004, 0.9689790590000458], [108.97743675600012, 0.9729228470000395], [108.97773043700009, 0.9743084080001063], [108.97764505300003, 0.9756878720000239], [108.9782136060001, 0.9770667380000697], [108.9785152140001, 0.9809411830000103], [108.97884768700007, 0.9817977990000104], [108.9786248930001, 0.9847131259999964], [108.97889880300004, 0.9886721860000103], [108.97870988600003, 0.9891285730001131], [108.97879994000003, 0.9914334190000362], [108.97903934900003, 0.9923663450000442], [108.97864335000013, 0.9939603750000403], [108.97866327900009, 0.9956468480000469], [108.9783972280001, 0.9977808950000489], [108.98055127100007, 0.9978373470000124], [108.98403949600002, 0.9973773520000551], [108.98546828000012, 0.9970141840000268], [108.98669792800007, 0.9970149410000007], [108.9882526380001, 0.9977257940001083], [108.99343900700006, 0.9978281110000475], [108.99788939500004, 0.9974413190001075], [109.00775686800007, 0.9979342570000371], [109.01210979200008, 0.9988133500000318], [109.0312604280001, 0.9990903120000327], [109.03515472700008, 0.9995874540000438], [109.03950291500006, 0.9998565010001004], [109.04480684200006, 0.9996830730000505], [109.04582688900007, 1.0000000080000726], [109.04641474400005, 1.001955142000015], [109.04836109800006, 1.0041508410000555], [109.05005920700005, 1.0055839810000622], [109.05022471900007, 1.005428811000102], [109.05055196600006, 1.0057301070000735], [109.05337728700005, 1.0061509030000737], [109.05533340200007, 1.0067624150000443], [109.05635612000005, 1.0067426850000993], [109.05796429600007, 1.007336166000088], [109.05817416700002, 1.0056160410000503], [109.05890453600006, 1.0047597429999877], [109.05981667400003, 1.004131864000084], [109.06121803100007, 1.0041010540000217], [109.06609098600003, 1.0052176760000409], [109.06951467800006, 1.0050504470000599], [109.07489687100006, 1.0033161060000895], [109.07943622600004, 1.0026087110000903], [109.08318054500005, 1.0015145540000647], [109.08469556867199, 1.0000000009999832], [109.08525699500008, 0.9987818460000009]]]}}, {"type": "Feature", "properties": {"id": 15, "nama": "Kecamatan 15"}, "geometry": {"type": "Polygon", "coordinates": [[[109.17551493000008, 0.973389720000033], [109.17436867200009, 0.9722474500000233], [109.17360082100006, 0.9718344960000502], [109.17352005900004, 0.9694116050000412], [109.17300587300004, 0.9683596140000406], [109.17211183100005, 0.9672300860000194], [109.17205060500005, 0.9668794120000479], [109.17224187300006, 0.9664848870000009], [109.17290266600011, 0.9660176410000654], [109.17438427100005, 0.9654761480000262], [109.17586246400005, 0.9632141600000965], [109.17582093800007, 0.9626971720000421], [109.17329702200006, 0.9613713820000358], [109.17134586900009, 0.9612023969999983], [109.16972750800004, 0.9600741520000833], [109.16919785000009, 0.9593539340000001], [109.16883277700008, 0.9575009200000695], [109.16820690100008, 0.9567758250000269], [109.16917681200003, 0.9552691420000636], [109.16916492400011, 0.9550134380000452], [109.16662413900012, 0.9542991550000979], [109.16620040100005, 0.9532185310000374], [109.16520984600008, 0.9517117420000654], [109.16510670900007, 0.9506573340000424], [109.16327950800006, 0.9497362150000344], [109.16240934600009, 0.9495298330000113], [109.16204914000004, 0.9488163550000417], [109.16200745500005, 0.9477369160000793], [109.16247045700008, 0.9469746240000676], [109.16312303500007, 0.9468727759999895], [109.1637299420001, 0.9478678450000766], [109.164023908, 0.9479891160000742], [109.16448993100002, 0.9462710260000273], [109.16557891100005, 0.9457572560000616], [109.16551294300011, 0.9455271180000269], [109.16498033300009, 0.9454496180000982], [109.16431476100009, 0.9450076760000359], [109.16280825400005, 0.9452004070000841], [109.16249731600008, 0.9450800749999866], [109.16395127000004, 0.9412194720000366], [109.1639949820001, 0.9397837970000866], [109.16351162200007, 0.9397582180001018], [109.16174568500007, 0.940963646000097], [109.15960284100005, 0.9409714410000314], [109.15910879500002, 0.941480446000047], [109.15895898600006, 0.9421792700000475], [109.15855730400004, 0.9423172380000056], [109.15825289900009, 0.9421381310000188], [109.15813885500006, 0.9418035890000498], [109.1588090050001, 0.9400702830000762], [109.15854053000008, 0.9388486090000692], [109.15827008500008, 0.9386350300000723], [109.15701919200006, 0.9385775810000263], [109.15675979100008, 0.9381506010000473], [109.15708478400006, 0.9377842830000249], [109.15878677500002, 0.9378566250000597], [109.16147315600007, 0.9390730030000727], [109.16179644400009, 0.9389583490000897], [109.16214394700006, 0.9384338590000363], [109.1623869510001, 0.9375762800000453], [109.16222534300005, 0.9355232980000006], [109.16199134800006, 0.9354842710000577], [109.1612276070001, 0.9359164580000234], [109.15997832900003, 0.9347701770000372], [109.15874764200008, 0.9346437420000564], [109.15756846800012, 0.9342250350000514], [109.15746827600009, 0.9337147800000212], [109.15767371100013, 0.9323771520001012], [109.15795154200002, 0.9319178800001149], [109.15898813800008, 0.9310655660000267], [109.15943613800002, 0.9313051840000464], [109.1605663510001, 0.9327850020000961], [109.16194626700005, 0.9316615260000427], [109.16237605400009, 0.9306693030001023], [109.16283307400006, 0.9283708000000823], [109.16273686100001, 0.927843815000089], [109.1621883440001, 0.9270820430000315], [109.16305516100006, 0.9255062360000332], [109.16355090600004, 0.9237838520000752], [109.16250216600004, 0.922454566000046], [109.16244631300013, 0.9217640390000215], [109.16325362300005, 0.9204676860000527], [109.16416818900004, 0.9206382700000448], [109.16506379800008, 0.9197851260000656], [109.16610386600006, 0.919285722000045], [109.16611648400004, 0.918844485000041], [109.16572720500007, 0.9180641660000477], [109.16693391600009, 0.9171466390000704], [109.16807910400007, 0.9148317190000244], [109.16940223400003, 0.914898138000102], [109.170497793, 0.9139755580000619], [109.17129252900011, 0.9138437109999886], [109.17219180800001, 0.9132485400000379], [109.17351300100007, 0.9127091670000853], [109.17359804700001, 0.9123756230000213], [109.17323811300007, 0.9113733470000485], [109.17301634200001, 0.911532381000062], [109.17244780500005, 0.9103430849999805], [109.17252641800007, 0.90934203100002], [109.1717818970001, 0.9085150710000756], [109.17152332600003, 0.9074352100000782], [109.1711882040001, 0.9070438090001121], [109.16997860400002, 0.9066251060000186], [109.16964931100004, 0.9060208360000255], [109.16831213500008, 0.9054524770000727], [109.1676425800001, 0.9033003590000854], [109.16750781900005, 0.9018175880000578], [109.16721136800004, 0.9012536020000228], [109.16635317200009, 0.9005555559999978], [109.16559237400011, 0.9003765690000209], [109.16505927500005, 0.8996559280000804], [109.1644640680001, 0.8993104240000038], [109.1641785610001, 0.8987756890000798], [109.16404100100009, 0.8976237350000682], [109.16213873100008, 0.8965404180000514], [109.15974203800002, 0.8935797990000482], [109.15856105900009, 0.8930889680000265], [109.1577656490001, 0.8930645950000526], [109.15620554700006, 0.8922125660000768], [109.15542211000007, 0.8925523430000348], [109.15260860600007, 0.8925772900000561], [109.15123312300004, 0.8929457650000794], [109.1485060990001, 0.8929127430001005], [109.14673763500005, 0.8933522170000474], [109.14515838200003, 0.8812846400000618], [109.14504371100006, 0.8800900380000742], [109.14526911600005, 0.8798501890000354], [109.14522790000011, 0.8784341280000207], [109.14487218700008, 0.8773079750001012], [109.14446877000009, 0.8766215060000571], [109.14329295800006, 0.8763789180000581], [109.1407149650001, 0.8740911540000385], [109.137797327, 0.8724090080000346], [109.136848388, 0.8698351260000559], [109.13652798900006, 0.8680814040000806], [109.1359810180001, 0.8670107750000478], [109.13427156800005, 0.8651698220000492], [109.13278937800007, 0.8653732120000912], [109.13157352300001, 0.8651575800001021], [109.1310561290001, 0.8647217480000124], [109.13067862300004, 0.8638531689999995], [109.13032003100004, 0.863508393000072], [109.13044101400001, 0.8625132510000677], [109.13022267400007, 0.8609665860000826], [109.12994911200008, 0.860348933000048], [109.12801567600006, 0.8602459710000554], [109.12693167600008, 0.8592226730000307], [109.12671564400006, 0.8585609410000794], [109.1263242300001, 0.8581224170000334], [109.12447880100008, 0.857269655999997], [109.12271797500004, 0.8570261980000149], [109.12085092900011, 0.8556027800000132], [109.1178419700001, 0.8539665230000759], [109.11611149400001, 0.8532847510000652], [109.11487078900002, 0.853512947000028], [109.11393970900008, 0.8534022160001031], [109.11251666000003, 0.8512925920000791], [109.1125551810001, 0.8509176970000576], [109.11330619600007, 0.8496113560000618], [109.11336399400005, 0.8490131690000391], [109.1114538130001, 0.8489896170000444], [109.11156491700005, 0.8488499560000351], [109.11035528500007, 0.8476259010000975], [109.10889498300013, 0.8476145040000427], [109.10624189200007, 0.8482719499999947], [109.10545583700005, 0.8472708760000325], [109.1027942140001, 0.8467930450000205], [109.10097838100005, 0.8442886000000138], [109.09997366600005, 0.8436466370000995], [109.09816772000002, 0.8432828640000212], [109.09631457400008, 0.8426368220000358], [109.09487255900004, 0.84271308900004], [109.0940253090001, 0.8433612370001109], [109.0927982740001, 0.8430415760000409], [109.09023005700006, 0.843154846000087], [109.08564389500003, 0.8421460990000229], [109.08367307200002, 0.840988111000045], [109.08289532300007, 0.8407212610000814], [109.08122445800002, 0.840857198000049], [109.07726141700003, 0.8404435360001061], [109.07568563900013, 0.841478642000042], [109.07389365700001, 0.8421869460000275], [109.0735770270001, 0.84217350500007], [109.07252456500007, 0.8414372310000795], [109.07083355800003, 0.8407218890000445], [109.06975147000011, 0.8412180530000635], [109.06807976000009, 0.8428210209999998], [109.06747053800004, 0.8428521650000897], [109.06708786700008, 0.8427890770000213], [109.06624468400004, 0.8421125130000862], [109.0655614080001, 0.8418566600000554], [109.0648467440001, 0.8418798850000231], [109.06343284900001, 0.8423469710000342], [109.06121863800003, 0.8423222800000341], [109.05639775700003, 0.8405205390000825], [109.05603031200009, 0.8414600770000158], [109.05501562400008, 0.8428140760000469], [109.05385629900007, 0.8437143330000163], [109.05317699800008, 0.8438598120000629], [109.05099781800008, 0.8435541139999936], [109.04968153700007, 0.8428826770000386], [109.04786610700005, 0.8426128070000027], [109.04604455600006, 0.8417078140000855], [109.04406193500006, 0.841036042000014], [109.04203125300008, 0.8399105920000638], [109.03515532800013, 0.8398909150000344], [109.03311701300005, 0.8411957629999955], [109.03063166300004, 0.8416578810000397], [109.02863324600006, 0.8404287570000379], [109.02640272600007, 0.8398670340001013], [109.02484473400004, 0.8398241150000141], [109.02312551400007, 0.840328735000111], [109.02140800300008, 0.8413488400000491], [109.02104641500009, 0.8400918090000475], [109.02055285300011, 0.8393457400000459], [109.01971878200001, 0.8390801350000965], [109.01848392800008, 0.8391043700000589], [109.01595909100007, 0.8396500129999973], [109.01498193800005, 0.8401605310000493], [109.01416104300007, 0.8409887940000127], [109.01365875300007, 0.8412205680000051], [109.01207808200012, 0.8413772120000873], [109.01097637100008, 0.8419426310000633], [109.0100887620001, 0.8418034340000036], [109.00871064700003, 0.8425350390000519], [109.00632502000008, 0.8432013290000251], [109.00573026200007, 0.844134279000035], [109.00544130800006, 0.8443002900000041], [109.00278824900002, 0.844027693000009], [109.00103468000005, 0.8459034200000426], [109.00000001500007, 0.8461520440000969], [108.99681584800004, 0.8486572300000761], [108.9965944070001, 0.8494603230000886], [108.9970860560001, 0.8521499250000497], [108.99710613600007, 0.8539160760000764], [108.9968680680001, 0.8545672210000399], [108.99560175200013, 0.8562520040000843], [108.9955756040001, 0.8567817550000401], [108.99619971400004, 0.8582658159999967], [108.99661223500007, 0.8600184870000627], [108.99769747300006, 0.8622848620000001], [108.99780910000007, 0.8667955390000914], [108.99761179700008, 0.8689515050000418], [108.99650284800008, 0.8714196010000608], [108.99411170600003, 0.8723529360000137], [108.99267750800003, 0.8722662570000361], [108.99189942800004, 0.8737669860000397], [108.99227257200009, 0.8755120680000106], [108.99337524800002, 0.878562801000009], [108.99490334500007, 0.8805278380000603], [108.99476801500006, 0.8815999770000404], [108.99423102300004, 0.882742354000059], [108.99466084300008, 0.8832444710000376], [108.99692679800008, 0.8824658710000088], [108.99791976300007, 0.8816248500000556], [108.99934964900008, 0.881515568000073], [109.00009602700001, 0.8816939450000882], [109.00207706200005, 0.8802323490000363], [109.00299441300011, 0.8800688890000119], [109.00496488500008, 0.8820522690000709], [109.00639094900004, 0.8821991360000547], [109.00681923300003, 0.8837556390000545], [109.00855981000007, 0.8857829170000153], [109.01082489500008, 0.8864320600000797], [109.01108948800004, 0.887257982000027], [109.01112028200001, 0.8886808809999858], [109.01258413300006, 0.8889802260000623], [109.01368182900003, 0.8895779250000446], [109.01469741900004, 0.8902899219999805], [109.01573799200007, 0.8915037460000486], [109.02019220300011, 0.893991857000036], [109.02236923200012, 0.8961352280000101], [109.02883105900008, 0.8990321370000709], [109.03018822200002, 0.8991935570000154], [109.03194482600006, 0.8988731370000602], [109.03394100100012, 0.8984724960000401], [109.03889174700002, 0.8970289580000612], [109.0426444440001, 0.8964685620000568], [109.04687598000001, 0.8963101460000944], [109.05032998300007, 0.8966263190000534], [109.05051616900002, 0.896931006000039], [109.0510763840001, 0.8984249290000124], [109.05073986600006, 0.9001692030000941], [109.05143108400004, 0.9009527970000919], [109.05187105000003, 0.9032440170000422], [109.05216088200004, 0.9038999980000506], [109.05211401600006, 0.9046069860000161], [109.05286299000004, 0.9053759680000484], [109.05378180100004, 0.9059119100000723], [109.05648820700006, 0.9096722879999897], [109.05703158900008, 0.9118837880000941], [109.0570544340001, 0.9127429960000422], [109.056778486, 0.912957104999994], [109.05677923600007, 0.9133183950000445], [109.05732046200008, 0.914497728000101], [109.05711907800011, 0.9151030220000012], [109.05733360500001, 0.9159468410000082], [109.05708467700002, 0.9161244670000501], [109.05700572000006, 0.9168389090000106], [109.05723500400003, 0.9170842960000636], [109.05741540800004, 0.9179134410000112], [109.05814953000002, 0.9186409340000745], [109.05859896400008, 0.9199914770000861], [109.05899471900005, 0.9205738400000429], [109.05947123900005, 0.9207940140000526], [109.05980094300006, 0.921784888000059], [109.05979799699999, 0.9226844560000602], [109.06027708100002, 0.9234391910000683], [109.06010111700003, 0.9241029390000088], [109.06029386300008, 0.9265403150000617], [109.05989698100011, 0.9268854080000155], [109.05904527900006, 0.9286426690000171], [109.05932646600006, 0.9292726430000053], [109.05921111400002, 0.9299419300000489], [109.05895895700012, 0.9301773170000738], [109.05885648900008, 0.9312137330000292], [109.05911339400011, 0.9322518790000389], [109.05871424300003, 0.9359287150000606], [109.05890970400013, 0.9364234530000504], [109.05906977900005, 0.9387479970000934], [109.05892960000008, 0.939989372000043], [109.06007858600012, 0.9419795870000458], [109.06035052800006, 0.9440933690000586], [109.06193101300009, 0.9466996300000519], [109.06293294300012, 0.947399054000102], [109.06384297700001, 0.9485022810000787], [109.06455398800004, 0.9497293730000012], [109.06527282800002, 0.9517450830000707], [109.06616689, 0.9522369089999971], [109.06659933600008, 0.9519393260000664], [109.0675666560001, 0.9522918630000143], [109.06813397900005, 0.9527141830000518], [109.07125550900004, 0.9540991170000668], [109.0721889690001, 0.9549385880000694], [109.07369046000007, 0.9554781360000364], [109.07504909300005, 0.956322539000003], [109.07698061900007, 0.9584213450000201], [109.07745927800006, 0.9593810500000233], [109.07737473200008, 0.9611848810000589], [109.077055967, 0.9622148020000987], [109.07634795700004, 0.9630196040000749], [109.07620413100004, 0.9642155390000839], [109.07703066300004, 0.9648672110000911], [109.07738728600006, 0.9660481660001041], [109.0787466890001, 0.9679366180000359], [109.08088116200004, 0.9695476550000182], [109.08107319400003, 0.9714598550000497], [109.08137637200007, 0.9719030290000363], [109.08186220900004, 0.9720447260000364], [109.08302506900006, 0.971575586000033], [109.08473803600003, 0.9714046480000116], [109.08538287500001, 0.9724512330000978], [109.08657400600006, 0.9735290280000131], [109.08772177100009, 0.9755671990000758], [109.08738174000011, 0.9765343410000726], [109.08753348200005, 0.9772202439999811], [109.08721376800007, 0.9778637920000266], [109.08653865100007, 0.9784543840000426], [109.08465014200004, 0.9794859490000407], [109.08342665900007, 0.9805452270000226], [109.08351807600009, 0.9808271459999895], [109.08400720500005, 0.9810376030000834], [109.0841408160001, 0.9820881230000511], [109.08542311800005, 0.9842618400000491], [109.08555467900001, 0.9861976200000777], [109.08452233800004, 0.9859272420000886], [109.08315339100002, 0.9873451820000811], [109.082821466, 0.987414326000029], [109.08133761000006, 0.9857575850000844], [109.08083746100007, 0.985566733000014], [109.07994117200008, 0.985563056000065], [109.07962304700004, 0.9857094100000063], [109.079389758, 0.9861894230000212], [109.0775822190001, 0.9873458240000454], [109.07753951800004, 0.9876935250000374], [109.07706980700009, 0.9882365960000294], [109.07734569899999, 0.9896013510000623], [109.07707788500004, 0.9900500170000592], [109.0769069180001, 0.991643885000042], [109.07882064500008, 0.9946905800000616], [109.08017688600003, 0.9958709990000303], [109.08083047200002, 0.9961563500000148], [109.08311749500007, 0.9965841350000604], [109.08451993900012, 0.9982001720000122], [109.08525699500008, 0.9987818460000009], [109.08614915800008, 0.996424403000078], [109.08708165000006, 0.9930489540000353], [109.0877391700001, 0.9913722600000385], [109.08831320200008, 0.990579431000076], [109.08915400100003, 0.9902842000000733], [109.0911216310001, 0.9902797800000629], [109.09616163600003, 0.991444731000084], [109.0974430990001, 0.9926750650000971], [109.09771543800008, 0.9940817830000492], [109.09745721700003, 0.9947465550000745], [109.09733085700005, 0.9967311600000572], [109.09678375500008, 0.998451151999995], [109.09631401400011, 1.0013294800000283], [109.0954142200001, 1.003892433999991], [109.0954185100001, 1.0042405630000184], [109.09572148300003, 1.0046001710000185], [109.09724818900006, 1.0053357500000404], [109.09918639700001, 1.0051696050000603], [109.1033320650001, 1.0052714970000531], [109.10439883900008, 1.0052336910000337], [109.1050345930001, 1.0048949760000747], [109.10615082200009, 1.0047758170000742], [109.10717965000003, 1.0043356040000662], [109.1076557660001, 1.0043223180000327], [109.10792504900007, 1.0046932110000784], [109.10816621800005, 1.0070827849999953], [109.10814333100011, 1.0078265030000688], [109.10772740900006, 1.008603898999998], [109.10749978100006, 1.0099917619999887], [109.10750377900004, 1.010844003000071], [109.1078985300001, 1.011725138000057], [109.10977838100003, 1.0119938940000894], [109.11164712500002, 1.01190158300009], [109.11364624000005, 1.0113036980000922], [109.11488190800006, 1.0104838270000238], [109.11565011500002, 1.0102423920000314], [109.11710282000006, 1.0102006510000416], [109.11848158700009, 1.0104840290000405], [109.11992340500011, 1.0104758270000724], [109.122945083, 1.0125550780000703], [109.12546996800002, 1.015452382000075], [109.12696285300008, 1.0164773070000566], [109.1283392450001, 1.0170025719999964], [109.12892470900005, 1.0182145990000047], [109.12925254300009, 1.0183142579999904], [109.13085892200004, 1.017261751000036], [109.13211283000005, 1.0159897580000399], [109.1335990900001, 1.012916188000017], [109.13373689900004, 1.0114943410000565], [109.13414809200005, 1.0111351410000902], [109.13598565400012, 1.010315600000049], [109.13765212400007, 1.0102148340000605], [109.14070797100005, 1.0115209760000399], [109.14279439200001, 1.0114679240000024], [109.14554395400006, 1.0103346710000283], [109.14656187900007, 1.009356402999999], [109.14677801900011, 1.0084048010000446], [109.14615032200004, 1.0063856980000496], [109.14622336800005, 1.0042969170000626], [109.14665812500004, 1.0019709760000817], [109.1471256980001, 1.0011935850000642], [109.14786705200007, 1.0007938750000323], [109.14832775900008, 1.0002425420000671], [109.14835633200005, 0.9996397610000196], [109.14795511200008, 0.9982715340000547], [109.14812089300003, 0.9975727470000573], [109.1489880140001, 0.996441131000041], [109.14873825200003, 0.9953569830000442], [109.14907650900004, 0.9950734020000285], [109.14951818000009, 0.9950374340000723], [109.14955638900004, 0.9938198690000499], [109.15052654300011, 0.9930273630000253], [109.15069855500005, 0.9924379200000155], [109.15049032200005, 0.9919477620000494], [109.14970988100005, 0.9918021219999895], [109.14776529600009, 0.9924108280000832], [109.14614269900004, 0.9910109370000741], [109.14461613700011, 0.9905639070000349], [109.14416307900011, 0.9899207900000251], [109.14439567200009, 0.989557009000035], [109.1455949020001, 0.9889569770000373], [109.14638223900005, 0.9876472610000286], [109.14673017200006, 0.9873724670000295], [109.14717167800009, 0.9873842630000285], [109.14822833900003, 0.98803396200005], [109.14858203400007, 0.9879999050000743], [109.14894744800002, 0.9876111090000572], [109.1497825910001, 0.9856207170000397], [109.14930971400007, 0.9835284030000269], [109.14946708800002, 0.9806460310000142], [109.14971660500007, 0.9800708790000323], [109.15044287100002, 0.9792704240000605], [109.15086508700006, 0.9789355580000647], [109.15130290100005, 0.978870190000074], [109.15381831500007, 0.9795354590000516], [109.15488916000004, 0.9795912820000519], [109.15763378000011, 0.9777661770000323], [109.16017175600004, 0.9772148340000664], [109.16164996600006, 0.9759171810000788], [109.16132404400008, 0.9740668710000167], [109.16138651100002, 0.973439195000041], [109.1622065620001, 0.9720436180000336], [109.16265906700005, 0.9717941390000862], [109.16353677200003, 0.971972884000043], [109.16575328, 0.9729489770000699], [109.16688597300002, 0.9738007550001138], [109.16687664800006, 0.9743318840000059], [109.16667384600007, 0.9746226850000861], [109.16513358700007, 0.9750962130000085], [109.16368227100007, 0.9759645800000039], [109.16376250600005, 0.9762928519999869], [109.1649096070001, 0.9774240650000587], [109.16734912000007, 0.9782746520000041], [109.16775762400003, 0.97812014700001], [109.16819220300002, 0.9774405760000926], [109.16880262600007, 0.977073821000034], [109.17076430300003, 0.977089115000056], [109.17109569000009, 0.9772261700000273], [109.17181486500009, 0.978360793000026], [109.17254847300003, 0.9790248050000772], [109.1729691400001, 0.9791576260000534], [109.17334348500009, 0.9787868460000171], [109.1743752200001, 0.9762847950000308], [109.17538759700001, 0.9750365320000443], [109.17564022600004, 0.9739858740000651], [109.17551493000008, 0.973389720000033]]]}}, {"type": "Feature", "properties": {"id": 16, "nama": "Kecamatan 16"}, "geometry": {"type": "Polygon", "coordinates": [[[109.2500000068, 0.8272844635607557], [109.2482975, 0.8273321699999991], [109.24754673500007, 0.8289269330000559], [109.24642243700004, 0.8294379790000628], [109.2463170700001, 0.8291458540000507], [109.24667149600003, 0.8285349120000385], [109.24658455700003, 0.8282290920000479], [109.2459423120001, 0.828442948999979], [109.24486660200009, 0.827506213000011], [109.24402128900005, 0.8276122809999942], [109.24363516000007, 0.82877204200003], [109.24254134900008, 0.8293638670000592], [109.24240930300007, 0.8300452180000351], [109.24159492000011, 0.8303894070000029], [109.24141679100002, 0.8306934050000203], [109.24208340700002, 0.8320970140000705], [109.24221507800009, 0.832011444000007], [109.24211766100011, 0.8309937410000012], [109.24272757000003, 0.8312877070000768], [109.24301343900005, 0.8317373210000634], [109.24283971800007, 0.8322387540000742], [109.24208420100008, 0.8332086640000336], [109.2406877930001, 0.832967938000011], [109.24052689300002, 0.833261894999997], [109.240576005, 0.8341453260000842], [109.240293797, 0.8343413590000504], [109.2396283040001, 0.8342431010000029], [109.23947677200009, 0.8329960270000258], [109.24005200400008, 0.8326826380000307], [109.23984632700011, 0.8320082420000086], [109.23933698000006, 0.8319737349999956], [109.23833332600007, 0.8323481570000668], [109.23774072300006, 0.8329576610000489], [109.23749991400004, 0.83250348300004], [109.23664284100009, 0.8325651030000758], [109.23591116700003, 0.8321436770000235], [109.23522884900007, 0.8326738280000123], [109.23569248500006, 0.8333618690000089], [109.23543799500005, 0.8345743680000561], [109.23496021500004, 0.8352894510000697], [109.23418360200009, 0.8352150350000409], [109.23312505100007, 0.8361689570000097], [109.232852569, 0.8360405120000403], [109.23277250100004, 0.8347863230000963], [109.23215719700002, 0.8349050210000586], [109.23193543400006, 0.8342427290000609], [109.23160144200004, 0.834154888000076], [109.22893534700007, 0.8342398930000927], [109.22855143900001, 0.834609271000013], [109.2281874050001, 0.8355694490000554], [109.22735714200006, 0.835252740000052], [109.22685569300005, 0.8347519230000922], [109.22651971500005, 0.8347440540000628], [109.22647221100003, 0.8350875360000609], [109.22719845200007, 0.8367165950000244], [109.22691349900003, 0.8368145660000481], [109.22623453700008, 0.83622788], [109.22592803300003, 0.8362452550000166], [109.22623027600008, 0.8372288440000419], [109.22545641200009, 0.8369264920000719], [109.2245280760001, 0.8374023760001004], [109.2243583050001, 0.8363956830000285], [109.22402483500012, 0.8360203690000612], [109.22390123000011, 0.8362999690000139], [109.22402166400003, 0.8370015490000648], [109.22355316200009, 0.8372473750000653], [109.22314006100001, 0.8378336839999934], [109.22265314700005, 0.8380455070000226], [109.22257357600003, 0.8389155260000658], [109.22223102600012, 0.8393124740000468], [109.22251463800005, 0.8400373610000722], [109.22218161000002, 0.8401252020000571], [109.22213599000007, 0.8404392790001092], [109.22256759100007, 0.840750358000002], [109.22262624200005, 0.8410511230000184], [109.22157996100007, 0.8416658320000758], [109.22141893900007, 0.8425308330000592], [109.22059196300003, 0.8432098290000178], [109.21998711800008, 0.8428579290000338], [109.21939743400006, 0.8421801349999969], [109.21907218700005, 0.8421751480000284], [109.21918844900009, 0.8430331450000539], [109.21817474700005, 0.8449142770000018], [109.21785677600012, 0.8448842930000966], [109.2180733600001, 0.8438629600000569], [109.21767425600002, 0.844115718000098], [109.21756571300001, 0.8462072200000437], [109.21703909800006, 0.8458086030000134], [109.2166961920001, 0.8457885060000381], [109.21644964700005, 0.846788830000027], [109.21546109300006, 0.8470910270000731], [109.21529946100009, 0.8477811460000639], [109.21472983800004, 0.8481862560000097], [109.21296975400007, 0.8484436900000825], [109.21193847600009, 0.8481489670000331], [109.21086233400004, 0.8480955410000535], [109.21073642600003, 0.8481696010000528], [109.21120782100003, 0.8486966010000474], [109.21124896700006, 0.8490398140000233], [109.21104463400012, 0.8493234360000423], [109.21037449000009, 0.8495826460000844], [109.21003981900012, 0.8495210030000466], [109.20969135400006, 0.848720272000052], [109.20902024500005, 0.8487123990000223], [109.20869478300003, 0.849705099000091], [109.20952058800005, 0.8508576310000615], [109.20949781000003, 0.8516796690000428], [109.20849341300006, 0.8510020560000209], [109.20834289600005, 0.8510692220000715], [109.20826214200011, 0.8517812730000118], [109.20750701200006, 0.8520482920000783], [109.20767769900007, 0.8525498480000104], [109.20738396900002, 0.8529879380001093], [109.20686698400004, 0.8530551330000735], [109.20571768000008, 0.8525703710001098], [109.20471936900007, 0.8527774940001054], [109.20581136000001, 0.8536657000000547], [109.20674155200007, 0.8552035270001079], [109.20741580400008, 0.8557531250000183], [109.20665324900004, 0.8560859660000242], [109.2062793650001, 0.8557936319999948], [109.20593554100007, 0.8558161330000802], [109.20561169800001, 0.8566440380001028], [109.2053089600001, 0.8568113079999984], [109.20499633400009, 0.856711486000088], [109.20502349800002, 0.8560502230000866], [109.20460424100006, 0.8563032190000586], [109.20459989800005, 0.8566596740000643], [109.20536190600004, 0.8578631900000788], [109.2056062890001, 0.8589186650000125], [109.20609237700009, 0.859040997000009], [109.20619677800002, 0.859325691000028], [109.20479472300009, 0.8593590230000325], [109.2040637970001, 0.8588510040000097], [109.2038984760001, 0.8585331780000915], [109.20365277900002, 0.8586120230000427], [109.20323167100008, 0.8595606940000211], [109.20350088800006, 0.859645640000033], [109.20411158700006, 0.859334363000035], [109.20433188200008, 0.8597738820000744], [109.20419437400007, 0.8600959620000781], [109.20350817100005, 0.8601782530000479], [109.2031996100001, 0.8606117690000348], [109.20339313900004, 0.8616494100000027], [109.2029957240001, 0.8618690010000529], [109.20303047100005, 0.8620387870000679], [109.20370238900004, 0.8628785730000077], [109.20349849200005, 0.8630926440000453], [109.20266588200008, 0.8631152970000544], [109.20308912700001, 0.863677286000013], [109.20303876400003, 0.8641898360000555], [109.20246118500002, 0.8645809990000908], [109.20231592500008, 0.8644938620000753], [109.2022720160001, 0.8636031370000063], [109.20194282900012, 0.8638967600000536], [109.20171830500001, 0.8651342040000332], [109.20237901400006, 0.8652782530000502], [109.20230579900004, 0.866326339000083], [109.20052288000005, 0.8656771490000148], [109.20057342600006, 0.8661720870000211], [109.2002239920001, 0.866582301000034], [109.19964303700009, 0.8669913520000394], [109.19940095200003, 0.8666177640000372], [109.19906868400008, 0.8667291080001016], [109.19793988300003, 0.8681084300000963], [109.19850442500011, 0.8687332540001025], [109.19843423000007, 0.8692055830000145], [109.19809695600006, 0.8691313140000867], [109.19716222900007, 0.8682906390000733], [109.19680916500009, 0.8682775640000573], [109.19632436400012, 0.8687881680000276], [109.19628999800003, 0.8696628120000982], [109.19703960900006, 0.8701134709999936], [109.19719127200008, 0.8706161620000197], [109.197114217, 0.8709520730001019], [109.19632780700005, 0.8705902230000051], [109.1964283780001, 0.8711954430000768], [109.19690363700009, 0.8717292730000148], [109.19789962400007, 0.8715243090000202], [109.19821788000012, 0.8719382670000764], [109.19794212100004, 0.8727759420000192], [109.19794061700009, 0.8743972650000531], [109.19765158500006, 0.8745091820000761], [109.1972300840001, 0.8735212860000496], [109.19694567600001, 0.8733374150000239], [109.19670915500006, 0.873752180000058], [109.19705786100006, 0.8745643880000253], [109.1968221600001, 0.8755966979999963], [109.19569177700001, 0.8761070380000335], [109.194155761, 0.8760971940001072], [109.19370641300004, 0.8780036180000161], [109.19413764200002, 0.878191095999985], [109.19496465600005, 0.8776090790000568], [109.19552045000003, 0.8789113539999827], [109.19529621300005, 0.8797755700000787], [109.19443732500012, 0.8798438990000479], [109.1938842480001, 0.880510139000017], [109.19401843900002, 0.8808225050000162], [109.19477539700003, 0.8810902570000545], [109.19488264500002, 0.8814101950000586], [109.19243303900002, 0.881752052000011], [109.1917876700001, 0.8833490760000773], [109.19057574100009, 0.8831549520000026], [109.19051838200005, 0.8825720500000012], [109.19032217300007, 0.8824039530000372], [109.18997516000005, 0.8824625580000012], [109.18963022700011, 0.8829823080001065], [109.18970764300012, 0.8845041240000784], [109.19072732600003, 0.8854446220000023], [109.19047331400006, 0.8860931230000135], [109.19066236800006, 0.8877951890000668], [109.18965457700008, 0.8901074370000694], [109.18860801699999, 0.8909071590000694], [109.18797115100006, 0.8920754940000153], [109.18873084500004, 0.8924417710000343], [109.1892446000001, 0.8929374060000095], [109.18915893400002, 0.8947131340000292], [109.1905661420001, 0.8944725750001092], [109.19089589100011, 0.8957454010000854], [109.19023054800005, 0.895921177000063], [109.18940286800004, 0.8955862130000591], [109.18850877600005, 0.8955556230001038], [109.18708582500008, 0.8950418560000495], [109.18708236800006, 0.8945053490000676], [109.18667091700004, 0.8946718080000737], [109.18608934400005, 0.8953401020000351], [109.18623096900005, 0.8956526480000493], [109.1875143710001, 0.8964580180000725], [109.18850143600007, 0.8978583900000325], [109.18844653900005, 0.8980914030000386], [109.18758237600005, 0.8985525050000875], [109.1873768040001, 0.8989452419999866], [109.18786023100003, 0.9012262550000694], [109.18805845000009, 0.9016301310000907], [109.18882919700009, 0.9022490260000504], [109.18905835000004, 0.9027313740000809], [109.18975731900005, 0.9027466650000138], [109.18985248900012, 0.90307592799999], [109.18934184900006, 0.9035724890000418], [109.18836379500004, 0.9036075450001002], [109.18767120900011, 0.9041464870000171], [109.18745260800006, 0.9040241220001066], [109.1874594830001, 0.9032238510000612], [109.1872309290001, 0.9031333260000318], [109.18616217900005, 0.9043268180001052], [109.18617536400006, 0.9045871020000584], [109.18666942600001, 0.9049673880000819], [109.18666853100011, 0.9052168840000308], [109.18541698000011, 0.9052421760000806], [109.18481754700008, 0.9050695070000936], [109.18439816000001, 0.9051963150001052], [109.18366480700008, 0.9061057990000387], [109.18288922500004, 0.9076218799999802], [109.18294913100003, 0.908324290000011], [109.18280466800006, 0.908533108000058], [109.18194002600002, 0.9083510820000074], [109.18171601500005, 0.9075877230000851], [109.18141849900003, 0.9074371120000579], [109.18035940900008, 0.9089817310000514], [109.18000047100013, 0.9092472580000832], [109.17946756200008, 0.9092922050000718], [109.17909696800007, 0.9090859250000571], [109.1787098620001, 0.9079848199999896], [109.17838695800003, 0.9079833940000492], [109.17826150700004, 0.9084956260000654], [109.17846780000005, 0.9091776720000988], [109.17949374200003, 0.9100431270000309], [109.18065688400009, 0.9104962060000377], [109.1808643370001, 0.9111771740000707], [109.18070488800005, 0.9113525740000172], [109.17900525000003, 0.9114253940000916], [109.17856151700008, 0.9102137550000267], [109.17740850800007, 0.9097387260000689], [109.17667268800002, 0.910320176000039], [109.17616205200005, 0.9102458640000188], [109.17534950600006, 0.9091823720000436], [109.175007372, 0.9080676180000902], [109.17446350200002, 0.9076118450000381], [109.17377479100007, 0.9074934560000125], [109.17317001500003, 0.9080245700000811], [109.1729141530001, 0.9083923010000428], [109.17295779100006, 0.9086514189999884], [109.17373710800005, 0.9088338940000762], [109.17423377100003, 0.9091954360000587], [109.17389380400006, 0.9095905360000645], [109.17290325400008, 0.909981279000065], [109.17330944300002, 0.911818715000039], [109.17359804700001, 0.9123756230000213], [109.17351300100007, 0.9127091670000853], [109.17219180800001, 0.9132485400000379], [109.17129252900011, 0.9138437109999886], [109.170497793, 0.9139755580000619], [109.16940223400003, 0.914898138000102], [109.16807910400007, 0.9148317190000244], [109.16693391600009, 0.9171466390000704], [109.16572720500007, 0.9180641660000477], [109.16611648400004, 0.918844485000041], [109.16610386600006, 0.919285722000045], [109.16506379800008, 0.9197851260000656], [109.16416818900004, 0.9206382700000448], [109.16325362300005, 0.9204676860000527], [109.16244631300013, 0.9217640390000215], [109.16250216600004, 0.922454566000046], [109.16355090600004, 0.9237838520000752], [109.16305516100006, 0.9255062360000332], [109.1621883440001, 0.9270820430000315], [109.16273686100001, 0.927843815000089], [109.16283307400006, 0.9283708000000823], [109.16237605400009, 0.9306693030001023], [109.16194626700005, 0.9316615260000427], [109.1605663510001, 0.9327850020000961], [109.15943613800002, 0.9313051840000464], [109.15898813800008, 0.9310655660000267], [109.15795154200002, 0.9319178800001149], [109.15767371100013, 0.9323771520001012], [109.15746827600009, 0.9337147800000212], [109.15756846800012, 0.9342250350000514], [109.15874764200008, 0.9346437420000564], [109.15997832900003, 0.9347701770000372], [109.1612276070001, 0.9359164580000234], [109.16199134800006, 0.9354842710000577], [109.16222534300005, 0.9355232980000006], [109.1623869510001, 0.9375762800000453], [109.16214394700006, 0.9384338590000363], [109.16179644400009, 0.9389583490000897], [109.16147315600007, 0.9390730030000727], [109.15878677500002, 0.9378566250000597], [109.15708478400006, 0.9377842830000249], [109.15675979100008, 0.9381506010000473], [109.15701919200006, 0.9385775810000263], [109.15827008500008, 0.9386350300000723], [109.15854053000008, 0.9388486090000692], [109.1588090050001, 0.9400702830000762], [109.15813885500006, 0.9418035890000498], [109.15825289900009, 0.9421381310000188], [109.15855730400004, 0.9423172380000056], [109.15895898600006, 0.9421792700000475], [109.15910879500002, 0.941480446000047], [109.15960284100005, 0.9409714410000314], [109.16174568500007, 0.940963646000097], [109.16351162200007, 0.9397582180001018], [109.1639949820001, 0.9397837970000866], [109.16395127000004, 0.9412194720000366], [109.16249731600008, 0.9450800749999866], [109.16280825400005, 0.9452004070000841], [109.16431476100009, 0.9450076760000359], [109.16498033300009, 0.9454496180000982], [109.16551294300011, 0.9455271180000269], [109.16557891100005, 0.9457572560000616], [109.16448993100002, 0.9462710260000273], [109.164023908, 0.9479891160000742], [109.1637299420001, 0.9478678450000766], [109.16312303500007, 0.9468727759999895], [109.16247045700008, 0.9469746240000676], [109.16200745500005, 0.9477369160000793], [109.16204914000004, 0.9488163550000417], [109.16240934600009, 0.9495298330000113], [109.16327950800006, 0.9497362150000344], [109.16510670900007, 0.9506573340000424], [109.16520984600008, 0.9517117420000654], [109.16620040100005, 0.9532185310000374], [109.16662413900012, 0.9542991550000979], [109.16916492400011, 0.9550134380000452], [109.16917681200003, 0.9552691420000636], [109.16820690100008, 0.9567758250000269], [109.16883277700008, 0.9575009200000695], [109.16919785000009, 0.9593539340000001], [109.16972750800004, 0.9600741520000833], [109.17134586900009, 0.9612023969999983], [109.17329702200006, 0.9613713820000358], [109.17582093800007, 0.9626971720000421], [109.17586246400005, 0.9632141600000965], [109.17438427100005, 0.9654761480000262], [109.17290266600011, 0.9660176410000654], [109.17224187300006, 0.9664848870000009], [109.17205060500005, 0.9668794120000479], [109.17211183100005, 0.9672300860000194], [109.17300587300004, 0.9683596140000406], [109.17352005900004, 0.9694116050000412], [109.17360082100006, 0.9718344960000502], [109.17436867200009, 0.9722474500000233], [109.17551493000008, 0.973389720000033], [109.1763214410001, 0.9728170470000785], [109.17694097000002, 0.9731386180000401], [109.17854227100008, 0.973246709000013], [109.17894944000003, 0.9727065249999933], [109.17938878100006, 0.9724996440000178], [109.17961529300005, 0.972900927000091], [109.17990963900007, 0.9729221140000677], [109.18005996000008, 0.9733803000000529], [109.18022072100005, 0.9733185980000103], [109.18085722500005, 0.9739478460000273], [109.18146667100002, 0.9752392240000285], [109.18209022400002, 0.9755507680000486], [109.18271896800007, 0.9766070170000463], [109.18339136600011, 0.9768350470000842], [109.18535830400006, 0.976973748000014], [109.18647259600006, 0.9775407290000304], [109.18735451000002, 0.9776605240000835], [109.18770283700006, 0.9780607470000691], [109.18976095000009, 0.9786174540000347], [109.19053571400006, 0.9797990200000095], [109.19151536800004, 0.9801627750000863], [109.19202938600002, 0.9811017670000632], [109.19313408500003, 0.9816957900000967], [109.19596155100002, 0.9820404340000133], [109.19691048300002, 0.9825413590000709], [109.19775361200007, 0.9834702400000106], [109.19945286900007, 0.9839771970000344], [109.20423675900011, 0.9844908600000801], [109.20537888500012, 0.9853301910000711], [109.2070833600001, 0.9884108300000571], [109.20766390900009, 0.9890236990000512], [109.20835525900009, 0.9893303490000216], [109.21069020000002, 0.9898147760000464], [109.21106120000007, 0.9901006750000763], [109.21175909800009, 0.9914635880000455], [109.21256632500008, 0.9925189020000547], [109.21367932100007, 0.9933546100000124], [109.21586016600013, 0.9942857080000467], [109.21673532500006, 0.9949912390000692], [109.21754288800008, 0.995102355000026], [109.21789051200007, 0.9941320170000312], [109.21829092300007, 0.9936178570000331], [109.21914431000008, 0.9934387730000482], [109.22009385900012, 0.9937644169999915], [109.22227844900004, 0.9924068590000212], [109.2233922650001, 0.992048359000024], [109.22402379100004, 0.9920729620001056], [109.22479491700007, 0.9924810070000278], [109.22562910600007, 0.9921563279999868], [109.2267478030001, 0.9930745450001099], [109.22902017900007, 0.9940875200000798], [109.23014877800003, 0.9957000060000931], [109.23125384100007, 0.9985220240000858], [109.23247554800007, 0.999634676000043], [109.23232926700005, 1.002691314000086], [109.23204732600009, 1.0036418840000438], [109.23002205000002, 1.0074216340000541], [109.22904703500008, 1.0102500930000469], [109.22815697200006, 1.0114769120000355], [109.2265632190001, 1.0124978400000417], [109.23610684100005, 1.0240808210000774], [109.25000000239996, 1.034782369226943], [109.2500000068, 0.8272844635607557]]]}}, {"type": "Feature", "properties": {"id": 17, "nama": "Kecamatan 17"}, "geometry": {"type": "Polygon", "coordinates": [[[109.06956971700001, 1.0992803130000661], [109.07731735400004, 1.0971458240000276], [109.08760826700002, 1.0950253919999975], [109.11119305500002, 1.0897582130000183], [109.12268081800008, 1.085506747000058], [109.12632136300003, 1.0844265190000302], [109.13057076600009, 1.084124711000105], [109.13746678800001, 1.0826961110001188], [109.15627659400008, 1.0778966530000256], [109.15958956300001, 1.077393172000023], [109.16360354400004, 1.0786296250000982], [109.16484469800007, 1.0776924340000038], [109.16642439800003, 1.077635409999993], [109.16732708600001, 1.077370438000096], [109.16764231900008, 1.0775293270000086], [109.16784713600006, 1.0781042280000586], [109.168815824, 1.0790173250000246], [109.16932703500002, 1.07898447500006], [109.17056078100006, 1.0784377090000286], [109.17170751200008, 1.0773781790000259], [109.172524604, 1.076933702000109], [109.1731267910001, 1.076875469000087], [109.17483102400006, 1.077493594999983], [109.17653197500002, 1.0774988890000659], [109.17686766100009, 1.0769265540000506], [109.17764473800008, 1.0764570290000153], [109.17843917000009, 1.0753679810000571], [109.17872432600005, 1.074090620000061], [109.17905992900002, 1.0736550090000785], [109.18103854900004, 1.072754665000013], [109.18133589800004, 1.0723959380000858], [109.18117965200008, 1.071011499000023], [109.18158354200001, 1.0699478390000339], [109.18221721400005, 1.0692853510001088], [109.18280878200005, 1.0690769530000077], [109.18393293300007, 1.0682599080000843], [109.18418134600002, 1.064820552000083], [109.18414019600007, 1.0636459430000622], [109.18378777100006, 1.0620967900000489], [109.18394710900009, 1.0599208650000458], [109.18459571600002, 1.057900065000088], [109.1860470130001, 1.0558532860000236], [109.18624681800011, 1.054988693000074], [109.18837987800003, 1.0505418690000257], [109.18841538800005, 1.04854959400003], [109.18781833100012, 1.0470619430000427], [109.18783155800006, 1.045585924000041], [109.18807819900003, 1.0448145410000764], [109.18766593600012, 1.0432476490000164], [109.18943829800013, 1.04173329400004], [109.18950079000005, 1.0413231510000331], [109.18925567600012, 1.040839386000063], [109.19015119600004, 1.0396453750000356], [109.1899734890001, 1.0388424040000332], [109.19037836800001, 1.0384444580000585], [109.19100912800008, 1.0382617060000365], [109.19384311600008, 1.038129052000074], [109.19544311800003, 1.0372559520000424], [109.19761829000007, 1.036534709000052], [109.19916156200013, 1.0355003740000024], [109.19994399100003, 1.0348322430000545], [109.20074817700004, 1.0335925910000698], [109.20072856900002, 1.0303575200000958], [109.20100729800008, 1.0300233929999836], [109.20288263000008, 1.029053939000062], [109.20340789600002, 1.0284827040000488], [109.20377257000008, 1.0277172830000447], [109.20621335600006, 1.0269589310000038], [109.20718090600009, 1.0274429069999913], [109.20769754100012, 1.027479823000026], [109.20858501000001, 1.0280296760000462], [109.21090648500005, 1.0277453230000555], [109.21176533300006, 1.0274235200000748], [109.21224611500006, 1.0265082020001026], [109.21209432500011, 1.024662289000049], [109.21282244100004, 1.023886279000057], [109.21296834700004, 1.023219811000069], [109.21359468700008, 1.02226062500002], [109.21592397300007, 1.0210094000000547], [109.21651383900011, 1.0202113340001029], [109.2177126930001, 1.0191267220000677], [109.218611088, 1.0174608439999888], [109.21918126000011, 1.0171864830000255], [109.22077020000003, 1.0169004800000758], [109.22179802300008, 1.0158572730000914], [109.22435611600008, 1.0150006700000924], [109.22555380900006, 1.0134370880000398], [109.22649397000005, 1.0130150120000225], [109.2265632190001, 1.0124978400000417], [109.22815697200006, 1.0114769120000355], [109.22904703500008, 1.0102500930000469], [109.23002205000002, 1.0074216340000541], [109.23204732600009, 1.0036418840000438], [109.23232926700005, 1.002691314000086], [109.23247554800007, 0.999634676000043], [109.23125384100007, 0.9985220240000858], [109.22996745400012, 0.9953899540001077], [109.22888134700005, 0.9939737890000844], [109.2267478030001, 0.9930745450001099], [109.22591041400008, 0.9923049860000299], [109.22562910600007, 0.9921563279999868], [109.22479491700007, 0.9924810070000278], [109.22377794200013, 0.9920388640000377], [109.22227844900004, 0.9924068590000212], [109.22009385900012, 0.9937644169999915], [109.21914431000008, 0.9934387730000482], [109.21829092300007, 0.9936178570000331], [109.21789051200007, 0.9941320170000312], [109.21754288800008, 0.995102355000026], [109.21673532500006, 0.9949912390000692], [109.21586016600013, 0.9942857080000467], [109.21367932100007, 0.9933546100000124], [109.21256632500008, 0.9925189020000547], [109.21175909800009, 0.9914635880000455], [109.21106120000007, 0.9901006750000763], [109.21069020000002, 0.9898147760000464], [109.20835525900009, 0.9893303490000216], [109.20766390900009, 0.9890236990000512], [109.2070833600001, 0.9884108300000571], [109.20537888500012, 0.9853301910000711], [109.20423675900011, 0.9844908600000801], [109.19945286900007, 0.9839771970000344], [109.19775361200007, 0.9834702400000106], [109.19691048300002, 0.9825413590000709], [109.19596155100002, 0.9820404340000133], [109.19313408500003, 0.9816957900000967], [109.19202938600002, 0.9811017670000632], [109.19151536800004, 0.9801627750000863], [109.19053571400006, 0.9797990200000095], [109.18976095000009, 0.9786174540000347], [109.18770283700006, 0.9780607470000691], [109.18735451000002, 0.9776605240000835], [109.18647259600006, 0.9775407290000304], [109.18535830400006, 0.976973748000014], [109.18339136600011, 0.9768350470000842], [109.18271896800007, 0.9766070170000463], [109.18209022400002, 0.9755507680000486], [109.18146667100002, 0.9752392240000285], [109.18085722500005, 0.9739478460000273], [109.18022072100005, 0.9733185980000103], [109.18005996000008, 0.9733803000000529], [109.17990963900007, 0.9729221140000677], [109.17961529300005, 0.972900927000091], [109.17938878100006, 0.9724996440000178], [109.17894944000003, 0.9727065249999933], [109.17854227100008, 0.973246709000013], [109.17694097000002, 0.9731386180000401], [109.1763214410001, 0.9728170470000785], [109.17569759999999, 0.973152886000066], [109.17551493000008, 0.973389720000033], [109.17564022600004, 0.9739858740000651], [109.17535073900008, 0.9751189980000285], [109.1743752200001, 0.9762847950000308], [109.1733018890001, 0.9788669950000761], [109.17287963100007, 0.9791554600000518], [109.17175003600005, 0.9782982710000043], [109.17109569000009, 0.9772261700000273], [109.17076430300003, 0.977089115000056], [109.16880262600007, 0.977073821000034], [109.16819220300002, 0.9774405760000926], [109.16775762400003, 0.97812014700001], [109.16734912000007, 0.9782746520000041], [109.1649096070001, 0.9774240650000587], [109.16376250600005, 0.9762928519999869], [109.16368227100007, 0.9759645800000039], [109.16513358700007, 0.9750962130000085], [109.16667384600007, 0.9746226850000861], [109.16687664800006, 0.9743318840000059], [109.16688597300002, 0.9738007550001138], [109.16575328, 0.9729489770000699], [109.16353677200003, 0.971972884000043], [109.16265906700005, 0.9717941390000862], [109.1622065620001, 0.9720436180000336], [109.16138651100002, 0.973439195000041], [109.16132404400008, 0.9740668710000167], [109.16164996600006, 0.9759171810000788], [109.16017175600004, 0.9772148340000664], [109.15763378000011, 0.9777661770000323], [109.15488916000004, 0.9795912820000519], [109.15381831500007, 0.9795354590000516], [109.15130290100005, 0.978870190000074], [109.15086508700006, 0.9789355580000647], [109.15044287100002, 0.9792704240000605], [109.14971660500007, 0.9800708790000323], [109.14946708800002, 0.9806460310000142], [109.14930971400007, 0.9835284030000269], [109.1497825910001, 0.9856207170000397], [109.14894744800002, 0.9876111090000572], [109.14858203400007, 0.9879999050000743], [109.14822833900003, 0.98803396200005], [109.14717167800009, 0.9873842630000285], [109.14673017200006, 0.9873724670000295], [109.14638223900005, 0.9876472610000286], [109.1455949020001, 0.9889569770000373], [109.1442079070001, 0.9897463740000711], [109.14424649300008, 0.9901752410000286], [109.14461613700011, 0.9905639070000349], [109.14614269900004, 0.9910109370000741], [109.1476849590001, 0.9923776280000007], [109.14988953700008, 0.99180416800007], [109.15049032200005, 0.9919477620000494], [109.15069855500005, 0.9924379200000155], [109.15052654300011, 0.9930273630000253], [109.14955638900004, 0.9938198690000499], [109.14951818000009, 0.9950374340000723], [109.14907650900004, 0.9950734020000285], [109.14873825200003, 0.9953569830000442], [109.1489880140001, 0.996441131000041], [109.14812089300003, 0.9975727470000573], [109.14795511200008, 0.9982715340000547], [109.14835633200005, 0.9996397610000196], [109.14832775900008, 1.0002425420000671], [109.14786705200007, 1.0007938750000323], [109.1471256980001, 1.0011935850000642], [109.14665812500004, 1.0019709760000817], [109.14622336800005, 1.0042969170000626], [109.14615032200004, 1.0063856980000496], [109.14678470900013, 1.0084884480000378], [109.14639553300009, 1.009625322000045], [109.14489922500009, 1.0106349640000944], [109.14296509700002, 1.0114318520000376], [109.14195438600007, 1.01157142900004], [109.14012415100007, 1.0113465710000868], [109.13773970900003, 1.0102194059999947], [109.13598565400012, 1.010315600000049], [109.13428962100004, 1.0110628840000624], [109.13373689900004, 1.0114943410000565], [109.1335990900001, 1.012916188000017], [109.13211283000005, 1.0159897580000399], [109.13085892200004, 1.017261751000036], [109.12925254300009, 1.0183142579999904], [109.12892470900005, 1.0182145990000047], [109.1283392450001, 1.0170025719999964], [109.12696285300008, 1.0164773070000566], [109.12546996800002, 1.015452382000075], [109.122945083, 1.0125550780000703], [109.11992340500011, 1.0104758270000724], [109.11848158700009, 1.0104840290000405], [109.11710282000006, 1.0102006510000416], [109.11565011500002, 1.0102423920000314], [109.11488190800006, 1.0104838270000238], [109.11364624000005, 1.0113036980000922], [109.11164712500002, 1.01190158300009], [109.10977838100003, 1.0119938940000894], [109.1078985300001, 1.011725138000057], [109.10750377900004, 1.010844003000071], [109.10749978100006, 1.0099917619999887], [109.10772740900006, 1.008603898999998], [109.10814333100011, 1.0078265030000688], [109.10816621800005, 1.0070827849999953], [109.10792504900007, 1.0046932110000784], [109.1076557660001, 1.0043223180000327], [109.10717965000003, 1.0043356040000662], [109.10615082200009, 1.0047758170000742], [109.1050345930001, 1.0048949760000747], [109.10439883900008, 1.0052336910000337], [109.1033320650001, 1.0052714970000531], [109.09918639700001, 1.0051696050000603], [109.09724818900006, 1.0053357500000404], [109.09572148300003, 1.0046001710000185], [109.0954185100001, 1.0042405630000184], [109.0954142200001, 1.003892433999991], [109.09631401400011, 1.0013294800000283], [109.09678375500008, 0.998451151999995], [109.09731341000011, 0.9968198610000245], [109.09745721700003, 0.9947465550000745], [109.09771543800008, 0.9940817830000492], [109.09757983900005, 0.993009114000114], [109.09725273800007, 0.9923685000000448], [109.09616163600003, 0.991444731000084], [109.09531902000003, 0.9911368020000078], [109.09362423700006, 0.9909632040000327], [109.09183336200002, 0.9903778670000962], [109.08915400100003, 0.9902842000000733], [109.08854723100009, 0.990444924000049], [109.08804997900006, 0.990822851000055], [109.08677641800003, 0.9938978150000155], [109.08672623900006, 0.9945270510000315], [109.08544447300005, 0.9984734010000595], [109.08469556867199, 1.0000000009999832], [109.08318054500005, 1.0015145540000647], [109.07943622600004, 1.0026087110000903], [109.07489687100006, 1.0033161060000895], [109.06881896200005, 1.005174452000106], [109.06609098600003, 1.0052176760000409], [109.06121803100007, 1.0041010540000217], [109.05960328000005, 1.004215376000066], [109.05851132100011, 1.0051189290000417], [109.05806172300004, 1.005882714000088], [109.05784218500008, 1.0082365250000658], [109.05815352300009, 1.0094504670000548], [109.05862646800006, 1.0102862490000186], [109.06026154800007, 1.0109600120000772], [109.06247784200004, 1.0132122850000913], [109.0629529730001, 1.0143145160000744], [109.06286553700005, 1.0176771750000357], [109.0633846140001, 1.0199557870000975], [109.06505843400004, 1.0226649399999888], [109.06779457300003, 1.0251815680000265], [109.06890701000006, 1.0276696970000154], [109.06886971500008, 1.0281549470001083], [109.06670771100008, 1.0302615420000594], [109.06584809000009, 1.0316633350000481], [109.06530273100009, 1.033013507000029], [109.065299624, 1.034554866000108], [109.06562159800009, 1.034868108000091], [109.06679269800009, 1.0351725160000536], [109.069362535, 1.0362722940001001], [109.07212474500002, 1.0365019810000975], [109.07333922500005, 1.0370094120000717], [109.07360299700012, 1.037580215000049], [109.07363737600012, 1.0395653620000767], [109.07276570100002, 1.0415327530000562], [109.07221581, 1.042067776000093], [109.07119623000003, 1.0424767400000023], [109.06817238100002, 1.0428897570000695], [109.06601928700005, 1.0422597499999897], [109.06323333100002, 1.0419824380000486], [109.06054689500006, 1.0413667660000892], [109.0585896040001, 1.0402690210000332], [109.05771446500009, 1.0393559290000676], [109.05693711200007, 1.038286124000014], [109.057091959, 1.03715633300006], [109.05697293200011, 1.0367765169999865], [109.05519373000007, 1.0351817390000173], [109.05470859000008, 1.0349481670000538], [109.05418504100001, 1.0350256780000722], [109.05371894100007, 1.0354555520000241], [109.05329059300007, 1.036283471000048], [109.04891611500005, 1.0327143620000578], [109.03723134100004, 1.0383873440000402], [109.03628513000008, 1.0390455170000523], [109.03588462300007, 1.0396308330000759], [109.03592047900011, 1.0404726100000916], [109.03682468200006, 1.0413380200001088], [109.03701063600008, 1.0423397900000397], [109.03671877000008, 1.044651249000066], [109.03690020300009, 1.0453833230000642], [109.0373727620001, 1.045932590000036], [109.03824551900001, 1.0464089150000122], [109.03959217200007, 1.0467115110000913], [109.04045819300005, 1.0477182950000818], [109.03995307500008, 1.050375549000031], [109.0399886810001, 1.053804469000057], [109.04032484700011, 1.057668163000085], [109.04100913600007, 1.0607595049999796], [109.04197516100005, 1.0621368159999856], [109.04292470000011, 1.0626411440000583], [109.04457800600004, 1.0631361570000708], [109.04575801900006, 1.064475708000061], [109.04583946400005, 1.0654138100000532], [109.04519405800002, 1.0669311110000068], [109.04300314500003, 1.0698781730000428], [109.0422107360001, 1.0704791060000263], [109.04523158000002, 1.0797407690001082], [109.04901100000009, 1.0894120470000646], [109.05279087400002, 1.1001115200000067], [109.05453260100008, 1.1042493600000691], [109.06432759900005, 1.101688861000043], [109.06956971700001, 1.0992803130000661]]]}}, {"type": "Feature", "properties": {"id": 18, "nama": "Kecamatan 18"}, "geometry": {"type": "Polygon", "coordinates": [[[109.05453260100008, 1.1042493600000691], [109.05279087400002, 1.1001115200000067], [109.04901100000009, 1.0894120470000646], [109.04523158000002, 1.0797407690001082], [109.0422107360001, 1.0704791060000263], [109.04300314500003, 1.0698781730000428], [109.04519405800002, 1.0669311110000068], [109.04583946400005, 1.0654138100000532], [109.04578644500002, 1.0645736209999912], [109.04457800600004, 1.0631361570000708], [109.04292470000011, 1.0626411440000583], [109.04179310800001, 1.061992813000061], [109.04100913600007, 1.0607595049999796], [109.04032484700011, 1.057668163000085], [109.0399886810001, 1.053804469000057], [109.03995307500008, 1.050375549000031], [109.04045819300005, 1.0477182950000818], [109.03959217200007, 1.0467115110000913], [109.03824551900001, 1.0464089150000122], [109.0373727620001, 1.045932590000036], [109.03690020300009, 1.0453833230000642], [109.0367103600001, 1.043826019000087], [109.03701063600008, 1.0423397900000397], [109.03682468200006, 1.0413380200001088], [109.03592047900011, 1.0404726100000916], [109.03588462300007, 1.0396308330000759], [109.03628513000008, 1.0390455170000523], [109.03723134100004, 1.0383873440000402], [109.04891611500005, 1.0327143620000578], [109.05329059300007, 1.036283471000048], [109.05371894100007, 1.0354555520000241], [109.05418504100001, 1.0350256780000722], [109.05470859000008, 1.0349481670000538], [109.05519373000007, 1.0351817390000173], [109.05697293200011, 1.0367765169999865], [109.057091959, 1.03715633300006], [109.05693711200007, 1.038286124000014], [109.05771446500009, 1.0393559290000676], [109.0585896040001, 1.0402690210000332], [109.06054689500006, 1.0413667660000892], [109.06323333100002, 1.0419824380000486], [109.06601928700005, 1.0422597499999897], [109.06807957600007, 1.0428868750000087], [109.07119623000003, 1.0424767400000023], [109.0725819450001, 1.0417575750000063], [109.07327440000002, 1.0406615090000892], [109.07363737600012, 1.0395653620000767], [109.07360299700012, 1.037580215000049], [109.07333922500005, 1.0370094120000717], [109.07212474500002, 1.0365019810000975], [109.069362535, 1.0362722940001001], [109.06679269800009, 1.0351725160000536], [109.06562159800009, 1.034868108000091], [109.065299624, 1.034554866000108], [109.06530273100009, 1.033013507000029], [109.06584809000009, 1.0316633350000481], [109.06670771100008, 1.0302615420000594], [109.06886971500008, 1.0281549470001083], [109.06890701000006, 1.0276696970000154], [109.06779457300003, 1.0251815680000265], [109.06505843400004, 1.0226649399999888], [109.0633846140001, 1.0199557870000975], [109.06286553700005, 1.0176771750000357], [109.0629529730001, 1.0143145160000744], [109.062381815, 1.013068040000058], [109.06026154800007, 1.0109600120000772], [109.05903311400003, 1.0105475230000538], [109.05847958200006, 1.0101408410000667], [109.05787779900001, 1.0085348480000578], [109.05796429600007, 1.007336166000088], [109.05635612000005, 1.0067426850000993], [109.05533340200007, 1.0067624150000443], [109.05337728700005, 1.0061509030000737], [109.05055196600006, 1.0057301070000735], [109.05022471900007, 1.005428811000102], [109.05005920700005, 1.0055839810000622], [109.04836109800006, 1.0041508410000555], [109.04641474400005, 1.001955142000015], [109.04582688900007, 1.0000000080000726], [109.04480684200006, 0.9996830730000505], [109.03950291500006, 0.9998565010001004], [109.03515472700008, 0.9995874540000438], [109.0312604280001, 0.9990903120000327], [109.01210979200008, 0.9988133500000318], [109.00775686800007, 0.9979342570000371], [108.99788939500004, 0.9974413190001075], [108.99343900700006, 0.9978281110000475], [108.9882526380001, 0.9977257940001083], [108.98669792800007, 0.9970149410000007], [108.98546828000012, 0.9970141840000268], [108.98403949600002, 0.9973773520000551], [108.98055127100007, 0.9978373470000124], [108.9783972280001, 0.9977808950000489], [108.97840816500012, 0.9984050000000844], [108.97884873300006, 0.9995145080000478], [108.97842195734081, 1.0000000029999834], [108.99999999999997, 0.9999999999999831], [109.00000000680005, 1.0881839089285572], [109.00221033200008, 1.0881993950000934], [109.00503457900007, 1.088524077000046], [109.0088435210001, 1.089273106000026], [109.00981950500002, 1.0902437580000468], [109.01019024000006, 1.0920049840000212], [109.01171886600007, 1.0950308470000047], [109.01222663800006, 1.0971510000000118], [109.01354872900004, 1.0974791890000768], [109.01430111700002, 1.0979242060000383], [109.01537923400005, 1.0994208320000576], [109.01603966200007, 1.0995565580000966], [109.01719631100012, 1.0994214350001075], [109.02862027400005, 1.1053804970000458], [109.03642487800002, 1.1080983060000316], [109.03875805900006, 1.107907406000046], [109.05453260100008, 1.1042493600000691]]]}}, {"type": "Feature", "properties": {"id": 19, "nama": "Kecamatan 19"}, "geometry": {"type": "Polygon", "coordinates": [[[109.06956971700001, 1.0992803130000661], [109.06498343300005, 1.1014608230000045], [109.05909572300007, 1.1031476080000369], [109.03875805900006, 1.107907406000046], [109.03642487800002, 1.1080983060000316], [109.02862027400005, 1.1053804970000458], [109.01719631100012, 1.0994214350001075], [109.01603966200007, 1.0995565580000966], [109.01537923400005, 1.0994208320000576], [109.01430111700002, 1.0979242060000383], [109.01354872900004, 1.0974791890000768], [109.01222663800006, 1.0971510000000118], [109.01171886600007, 1.0950308470000047], [109.01019024000006, 1.0920049840000212], [109.00981950500002, 1.0902437580000468], [109.0088435210001, 1.089273106000026], [109.00503457900007, 1.088524077000046], [109.00221033200008, 1.0881993950000934], [109.00000000680005, 1.0881839089285572], [108.99999999999997, 1.1251901786241847], [109.0016331210001, 1.1259574960000451], [109.00240842500003, 1.1270144800001036], [109.00237204700004, 1.1280152700000423], [109.00155520800004, 1.1295220720000154], [109.00127754200007, 1.1305034500000355], [109.00122471400006, 1.131844798999997], [109.00146611000004, 1.1328567120000566], [109.00265787600006, 1.1343809090000478], [109.00414030100006, 1.1353633180000644], [109.00554563600008, 1.1355580270000987], [109.00691009300009, 1.1349452210001099], [109.0076788300001, 1.1339519500000828], [109.00805568500002, 1.1323954080000798], [109.00790852700001, 1.131370710000028], [109.00675709400004, 1.1288582100000655], [109.006956303, 1.127157057999999], [109.00759884800006, 1.126339921000068], [109.0086170600001, 1.1257248839999834], [109.009529451, 1.1255923970000348], [109.01049219500008, 1.1257320970000473], [109.01191823200013, 1.1265279050000787], [109.012465262, 1.1272872280000223], [109.01262066900007, 1.1280548700000326], [109.01228883700006, 1.129043440000026], [109.01080842700004, 1.1305756590000593], [109.01010198400004, 1.131607520000082], [109.00992770400009, 1.1325581670000462], [109.01019022800006, 1.1332415030000087], [109.01096485500003, 1.1339010720000475], [109.0127305080001, 1.1348189020000499], [109.01446372600006, 1.1354169200000586], [109.01674090700001, 1.1357342710000262], [109.01740014700002, 1.136152761000102], [109.01799140800009, 1.1370211940000141], [109.01795489500009, 1.1394855690000805], [109.01816059100005, 1.140049644000034], [109.0184874210001, 1.1403305170000921], [109.01950164500008, 1.1403829890000816], [109.02134111200004, 1.1397713820000144], [109.02246520300007, 1.1401536690000258], [109.02295283000008, 1.140947061000035], [109.02313666500002, 1.14345517599999], [109.02373746100008, 1.1441653840000443], [109.02473213800005, 1.1443055030000915], [109.02552909800008, 1.1438778920000603], [109.02751790000006, 1.1398737250000446], [109.02854733700006, 1.1387466260000467], [109.03330485900005, 1.1359415810000373], [109.03435403000009, 1.1355797470000306], [109.03564411000008, 1.135570307000049], [109.03665391000004, 1.1362437539999926], [109.03694710700006, 1.1368728960000896], [109.03697752500008, 1.1376428600000255], [109.03657759300003, 1.1389438510000227], [109.03485393900006, 1.1403735120000968], [109.0342230850001, 1.1412635550000205], [109.03418872300009, 1.1419834050000732], [109.03452324900006, 1.1429649850000212], [109.03545962200009, 1.1434571780000669], [109.03679482500007, 1.1431842710000462], [109.03756260100009, 1.142471014000006], [109.03869043000006, 1.1402095900000342], [109.03944549600001, 1.1396722530000725], [109.04041990300007, 1.1397171010000529], [109.04118798100004, 1.1403480890000361], [109.04131863500001, 1.1410810050000153], [109.04097070900008, 1.1420613480000386], [109.0398308740001, 1.1435666719999782], [109.03974801599999, 1.1442521420000284], [109.03997002300007, 1.1448815340000573], [109.04082416100003, 1.1455840650000093], [109.04303896600005, 1.1464656590000333], [109.04426693500005, 1.1477454300000511], [109.04495638000007, 1.147232475000064], [109.04603532500009, 1.147321184000032], [109.04890173400011, 1.1430451600000824], [109.05128482600011, 1.1360890850000738], [109.05245225700007, 1.1339801570000185], [109.05564513200002, 1.129921548000028], [109.0573969480001, 1.1290357120000971], [109.06144516100004, 1.1255885030000679], [109.06710015800004, 1.1162153170000844], [109.0674262250001, 1.1161464870000737], [109.06807085700007, 1.1144261010000145], [109.06911161200011, 1.1103578380000245], [109.07007689100004, 1.1034511610001063], [109.07011239100005, 1.102457828000074], [109.06956971700001, 1.0992803130000661]]]}}, {"type": "Feature", "properties": {"id": 20, "nama": "Kecamatan 20"}, "geometry": {"type": "Polygon", "coordinates": [[[109.16360354400004, 1.0786296250000982], [109.15958956300001, 1.077393172000023], [109.15627659400008, 1.0778966530000256], [109.13746678800001, 1.0826961110001188], [109.13057076600009, 1.084124711000105], [109.12632136300003, 1.0844265190000302], [109.12268081800008, 1.085506747000058], [109.11119305500002, 1.0897582130000183], [109.08760826700002, 1.0950253919999975], [109.07731735400004, 1.0971458240000276], [109.06956971700001, 1.0992803130000661], [109.07011239100005, 1.102457828000074], [109.07007689100004, 1.1034511610001063], [109.06911161200011, 1.1103578380000245], [109.06807085700007, 1.1144261010000145], [109.0674262250001, 1.1161464870000737], [109.06710015800004, 1.1162153170000844], [109.06144516100004, 1.1255885030000679], [109.0573969480001, 1.1290357120000971], [109.05564513200002, 1.129921548000028], [109.05245225700007, 1.1339801570000185], [109.05128482600011, 1.1360890850000738], [109.04890173400011, 1.1430451600000824], [109.04603532500009, 1.147321184000032], [109.04495638000007, 1.147232475000064], [109.04426693500005, 1.1477454300000511], [109.04279188700005, 1.149219642000081], [109.04028305300002, 1.152513898000067], [109.03744379500003, 1.1582651140000388], [109.03657655300013, 1.161503696000037], [109.03598206200006, 1.1664740490000591], [109.03537065400009, 1.177491818000047], [109.03564130300002, 1.17951745700005], [109.03621164900005, 1.1809411499999856], [109.03759133600008, 1.1832909000000713], [109.04199274100009, 1.1922271280000496], [109.0422386390001, 1.2036131180000398], [109.04714254700004, 1.202487322000061], [109.05081068000005, 1.2021760440000628], [109.05201966600008, 1.201867977000064], [109.05310141500006, 1.201841973000044], [109.0537427340001, 1.202057796000049], [109.05725275700007, 1.2016618970000659], [109.05958933900006, 1.2019066030000625], [109.06294248600003, 1.2026381010000131], [109.06855931100007, 1.2046820070000175], [109.07925832600006, 1.210186531000006], [109.08172723100006, 1.2117724140000385], [109.09217147100011, 1.1888977339999984], [109.10016427600002, 1.1747884480001014], [109.10365459500005, 1.169408902000062], [109.10432778900007, 1.1668449100001022], [109.10589412900008, 1.1542564900000096], [109.10672694100006, 1.151763541000066], [109.10869937000011, 1.1474191210000528], [109.11174648800007, 1.1316136980000602], [109.11288733100005, 1.1278285970000512], [109.11770128100001, 1.1249312300000414], [109.11907705000007, 1.1237084360000305], [109.12325644900001, 1.1212637670000847], [109.12484391900009, 1.1197750810001006], [109.12595546600005, 1.118232883000041], [109.12696147600006, 1.1163181870000694], [109.1279139980001, 1.1153611270000185], [109.1307180630001, 1.1134475740000527], [109.13986471900009, 1.1103903820000527], [109.14051760600002, 1.1103907950000869], [109.15359667100003, 1.103794393999995], [109.15521398300008, 1.1015921370000337], [109.15745671900002, 1.0977381170000955], [109.15741021600009, 1.097096789000056], [109.1571001330001, 1.096453670000046], [109.15746108000012, 1.0958956050000568], [109.15687836600004, 1.0941813150000579], [109.15685180500006, 1.0926594340000806], [109.1577582580001, 1.0911869580000166], [109.15813566700007, 1.090145485000087], [109.1601240670001, 1.0884539370000157], [109.16073947100003, 1.0869357020000736], [109.16010022600008, 1.0850976750000507], [109.16010553600007, 1.0843375580000414], [109.16360354400004, 1.0786296250000982]]]}}, {"type": "Feature", "properties": {"id": 21, "nama": "Kecamatan 21"}, "geometry": {"type": "Polygon", "coordinates": [[[109.14565181706813, 1.2500000040000225], [109.17532922730028, 1.2500000000000222], [109.18201447700005, 1.2470252630000944], [109.20121230400007, 1.239325397000095], [109.20479411200004, 1.2372478690000621], [109.20691410900004, 1.2342561750000636], [109.21080630400012, 1.2296834729999917], [109.2113781570001, 1.2285795790000487], [109.21180708700005, 1.2260206150000608], [109.21295377700008, 1.2246147740000035], [109.21474125800009, 1.2232875030000523], [109.2178490420001, 1.2223127660000488], [109.22228958800008, 1.2218764360000955], [109.22675964100009, 1.220284100000062], [109.22973922400007, 1.2199235040000689], [109.23285776100008, 1.21843152499999], [109.23328143200006, 1.2178640090000181], [109.23384795600003, 1.2145995610001004], [109.234258874, 1.2139158950001105], [109.2359431390001, 1.2117158750000678], [109.23697343200008, 1.2110135300000424], [109.23767272800004, 1.2102739630000459], [109.23844615700008, 1.20864641800003], [109.24251727000004, 1.2047566110000618], [109.24360560800002, 1.203526461000064], [109.24489836800005, 1.2014986670000605], [109.24620882000004, 1.200144493000015], [109.24668481200007, 1.1993866560000166], [109.24749915100004, 1.1988631100000413], [109.24795981100004, 1.198128541000103], [109.24806287000006, 1.1961114170000942], [109.24844303900007, 1.1944521900000327], [109.2489929720001, 1.1938317970000378], [109.25000000719994, 1.1934380982223702], [109.25000000239996, 1.034782369226943], [109.23610684100005, 1.0240808210000774], [109.2265632190001, 1.0124978400000417], [109.22649397000005, 1.0130150120000225], [109.22555380900006, 1.0134370880000398], [109.22435611600008, 1.0150006700000924], [109.22179802300008, 1.0158572730000914], [109.22077020000003, 1.0169004800000758], [109.21918126000011, 1.0171864830000255], [109.218611088, 1.0174608439999888], [109.2177126930001, 1.0191267220000677], [109.21651383900011, 1.0202113340001029], [109.21592397300007, 1.0210094000000547], [109.21359468700008, 1.02226062500002], [109.21296834700004, 1.023219811000069], [109.21282244100004, 1.023886279000057], [109.21209432500011, 1.024662289000049], [109.21224611500006, 1.0265082020001026], [109.21176533300006, 1.0274235200000748], [109.21090648500005, 1.0277453230000555], [109.20858501000001, 1.0280296760000462], [109.20769754100012, 1.027479823000026], [109.20718090600009, 1.0274429069999913], [109.20621335600006, 1.0269589310000038], [109.20377257000008, 1.0277172830000447], [109.20340789600002, 1.0284827040000488], [109.20288263000008, 1.029053939000062], [109.20100729800008, 1.0300233929999836], [109.20072856900002, 1.0303575200000958], [109.20074817700004, 1.0335925910000698], [109.19994399100003, 1.0348322430000545], [109.19916156200013, 1.0355003740000024], [109.19761829000007, 1.036534709000052], [109.19544311800003, 1.0372559520000424], [109.19384311600008, 1.038129052000074], [109.19139725900003, 1.0382008910000673], [109.19012074800011, 1.038655910000057], [109.1899734890001, 1.0388424040000332], [109.19015119600004, 1.0396453750000356], [109.18925567600012, 1.040839386000063], [109.18950079000005, 1.0413231510000331], [109.18943829800013, 1.04173329400004], [109.18766593600012, 1.0432476490000164], [109.18807819900003, 1.0448145410000764], [109.18783155800006, 1.045585924000041], [109.18781833100012, 1.0470619430000427], [109.18841538800005, 1.04854959400003], [109.18837987800003, 1.0505418690000257], [109.18624681800011, 1.054988693000074], [109.1860470130001, 1.0558532860000236], [109.18459571600002, 1.057900065000088], [109.18394710900009, 1.0599208650000458], [109.18378777100006, 1.0620967900000489], [109.18414019600007, 1.0636459430000622], [109.18418134600002, 1.064820552000083], [109.18393293300007, 1.0682599080000843], [109.18280878200005, 1.0690769530000077], [109.18221721400005, 1.0692853510001088], [109.18158354200001, 1.0699478390000339], [109.18117965200008, 1.071011499000023], [109.18133589800004, 1.0723959380000858], [109.18103854900004, 1.072754665000013], [109.17905992900002, 1.0736550090000785], [109.17872432600005, 1.074090620000061], [109.17843917000009, 1.0753679810000571], [109.17764473800008, 1.0764570290000153], [109.17686766100009, 1.0769265540000506], [109.17653197500002, 1.0774988890000659], [109.17483102400006, 1.077493594999983], [109.1731267910001, 1.076875469000087], [109.172524604, 1.076933702000109], [109.17170751200008, 1.0773781790000259], [109.17056078100006, 1.0784377090000286], [109.16932703500002, 1.07898447500006], [109.1687652900001, 1.0790183160000177], [109.16784713600006, 1.0781042280000586], [109.16764231900008, 1.0775293270000086], [109.1671906380001, 1.0773764600000613], [109.16642439800003, 1.077635409999993], [109.16484469800007, 1.0776924340000038], [109.16347157100004, 1.0787678969999925], [109.16010553600007, 1.0843375580000414], [109.16010022600008, 1.0850976750000507], [109.16073947100003, 1.0869357020000736], [109.1601240670001, 1.0884539370000157], [109.15813566700007, 1.090145485000087], [109.1577582580001, 1.0911869580000166], [109.15685180500006, 1.0926594340000806], [109.15687836600004, 1.0941813150000579], [109.15746108000012, 1.0958956050000568], [109.1571001330001, 1.096453670000046], [109.15741021600009, 1.097096789000056], [109.15745671900002, 1.0977381170000955], [109.15521398300008, 1.1015921370000337], [109.15359667100003, 1.103794393999995], [109.14051760600002, 1.1103907950000869], [109.13986471900009, 1.1103903820000527], [109.1307180630001, 1.1134475740000527], [109.1279139980001, 1.1153611270000185], [109.12696147600006, 1.1163181870000694], [109.12595546600005, 1.118232883000041], [109.12484391900009, 1.1197750810001006], [109.12325644900001, 1.1212637670000847], [109.11907705000007, 1.1237084360000305], [109.11770128100001, 1.1249312300000414], [109.11288733100005, 1.1278285970000512], [109.11174648800007, 1.1316136980000602], [109.10869937000011, 1.1474191210000528], [109.10672694100006, 1.151763541000066], [109.10589412900008, 1.1542564900000096], [109.10432778900007, 1.1668449100001022], [109.10365459500005, 1.169408902000062], [109.10016427600002, 1.1747884480001014], [109.09217147100011, 1.1888977339999984], [109.08172723100006, 1.2117724140000385], [109.08754813200002, 1.2156361630000712], [109.0965918780001, 1.2231767970000407], [109.10207347800007, 1.2281966570000735], [109.09281396900006, 1.2384150990000942], [109.08987500100008, 1.2426637499999993], [109.08384227596589, 1.2500000008000045], [109.10490862965794, 1.250000004400058], [109.11487124300007, 1.2358834900000604], [109.12115586000003, 1.2382206329999912], [109.13056130400011, 1.2403003870000306], [109.13660845200005, 1.2420456630000176], [109.14150229300004, 1.2449517740000404], [109.14565181706813, 1.2500000040000225]]]}}, {"type": "Feature", "properties": {"id": 22, "nama": "Kecamatan 22"}, "geometry": {"type": "Polygon", "coordinates": [[[109.08754813200002, 1.2156361630000712], [109.07925832600006, 1.210186531000006], [109.06855931100007, 1.2046820070000175], [109.06294248600003, 1.2026381010000131], [109.05776818, 1.201670955000016], [109.0537427340001, 1.202057796000049], [109.05310141500006, 1.201841973000044], [109.05201966600008, 1.201867977000064], [109.05081068000005, 1.2021760440000628], [109.04751071900004, 1.2024225130000277], [109.03562335600013, 1.2049823429999984], [109.02728235100003, 1.2061728260000892], [109.02449300800006, 1.206265079000084], [109.02206897900005, 1.2065939840000306], [109.00366268000006, 1.2071302050000776], [109.00000000840001, 1.207427525482001], [109.00000000000006, 1.2500000000000222], [109.08384227596589, 1.2500000008000045], [109.08987500100008, 1.2426637499999993], [109.09281396900006, 1.2384150990000942], [109.10207347800007, 1.2281966570000735], [109.0965918780001, 1.2231767970000407], [109.08754813200002, 1.2156361630000712]]]}}, {"type": "Feature", "properties": {"id": 23, "nama": "Kecamatan 23"}, "geometry": {"type": "Polygon", "coordinates": [[[109.14565181706813, 1.2500000040000225], [109.14150229300004, 1.2449517740000404], [109.13660845200005, 1.2420456630000176], [109.13056130400011, 1.2403003870000306], [109.12115586000003, 1.2382206329999912], [109.11487124300007, 1.2358834900000604], [109.10490862965794, 1.250000004400058], [109.14565181706813, 1.2500000040000225]]]}}, {"type": "Feature", "properties": {"id": 24, "nama": "Kecamatan 24"}, "geometry": {"type": "Polygon", "coordinates": [[[109.25000000719994, 1.1934380982223702], [109.2489929720001, 1.1938317970000378], [109.24844303900007, 1.1944521900000327], [109.24806287000006, 1.1961114170000942], [109.24795981100004, 1.198128541000103], [109.24749915100004, 1.1988631100000413], [109.24668481200007, 1.1993866560000166], [109.24620882000004, 1.200144493000015], [109.24489836800005, 1.2014986670000605], [109.24360560800002, 1.203526461000064], [109.24251727000004, 1.2047566110000618], [109.23844615700008, 1.20864641800003], [109.23767272800004, 1.2102739630000459], [109.23697343200008, 1.2110135300000424], [109.2359431390001, 1.2117158750000678], [109.234258874, 1.2139158950001105], [109.23384795600003, 1.2145995610001004], [109.23328143200006, 1.2178640090000181], [109.23285776100008, 1.21843152499999], [109.22973922400007, 1.2199235040000689], [109.22675964100009, 1.220284100000062], [109.22228958800008, 1.2218764360000955], [109.2178490420001, 1.2223127660000488], [109.21474125800009, 1.2232875030000523], [109.21295377700008, 1.2246147740000035], [109.21180708700005, 1.2260206150000608], [109.2113781570001, 1.2285795790000487], [109.21080630400012, 1.2296834729999917], [109.20691410900004, 1.2342561750000636], [109.20479411200004, 1.2372478690000621], [109.20121230400007, 1.239325397000095], [109.18201447700005, 1.2470252630000944], [109.17532922730028, 1.2500000000000222], [109.24999999999993, 1.2500000000000222], [109.25000000719994, 1.1934380982223702]]]}}]}